ano,clube,plantel,media_idade,estrangeiros,media_valor_mercado,valor_mercado_total
2018,SE Palmeiras,51,"23,8",4,"1,73 mi. €","88,28 mi. €"
2018,Santos FC,52,"22,3",5,"1,63 mi. €","84,50 mi. €"
2018,São Paulo FC,57,"22,4",5,"1,42 mi. €","80,85 mi. €"
2018,CR Flamengo,56,"22,2",7,"1,26 mi. €","70,68 mi. €"
2018,Grêmio FBPA,66,"23,4",3,"1,06 mi. €","69,65 mi. €"
2018,Cruzeiro EC,51,"23,3",6,"1,29 mi. €","65,70 mi. €"
2018,Atlético Mineiro,53,"22,6",6,"1,20 mi. €","63,70 mi. €"
2018,SC Corinthians,58,"23,4",6,"1,09 mi. €","63,40 mi. €"
2018,SC Internacional,53,"23,3",7,"1,11 mi. €","59,05 mi. €"
2018,CR Vasco da Gama,58,"23,3",7,777 mil €,"45,08 mi. €"
2018,EC Vitória,61,"22,9",6,733 mil €,"44,70 mi. €"
2018,Clube Atlético Paranaense,55,"23,1",3,757 mil €,"41,65 mi. €"
2018,EC Bahia,48,"22,6",2,748 mil €,"35,90 mi. €"
2018,Sport Recife,54,"23,5",1,660 mil €,"35,65 mi. €"
2018,Fluminense FC,68,"21,3",4,482 mil €,"32,78 mi. €"
2018,Chapecoense,54,"24,0",5,599 mil €,"32,35 mi. €"
2018,Ceará SC,57,"25,2",2,549 mil €,"31,30 mi. €"
2018,América Mineiro,51,"24,1",0,562 mil €,"28,65 mi. €"
2018,Botafogo FR,46,"22,4",4,557 mil €,"25,60 mi. €"
2018,Paraná Clube,64,"22,5",3,311 mil €,"19,88 mi. €"
