ano,clube,plantel,media_idade,estrangeiros,media_valor_mercado,valor_mercado_total
2015,São Paulo FC,49,"23,6",5,"1,86 mi. €","91,15 mi. €"
2015,SC Internacional,57,"22,7",5,"1,20 mi. €","68,25 mi. €"
2015,SE Palmeiras,54,"23,3",7,"1,23 mi. €","66,45 mi. €"
2015,Cruzeiro EC,46,"23,6",6,"1,41 mi. €","64,70 mi. €"
2015,Fluminense FC,60,"23,3",3,990 mil €,"59,40 mi. €"
2015,SC Corinthians,44,"23,2",5,"1,23 mi. €","54,00 mi. €"
2015,Atlético Mineiro,42,"24,4",3,"1,18 mi. €","49,63 mi. €"
2015,Grêmio FBPA,56,"21,8",7,870 mil €,"48,73 mi. €"
2015,CR Flamengo,43,"23,5",7,905 mil €,"38,90 mi. €"
2015,Santos FC,46,"22,4",3,735 mil €,"33,83 mi. €"
2015,CR Vasco da Gama,55,"24,6",8,551 mil €,"30,30 mi. €"
2015,Sport Recife,49,"22,8",0,379 mil €,"18,55 mi. €"
2015,Coritiba FC,55,"23,2",1,303 mil €,"16,65 mi. €"
2015,Figueirense FC,53,"22,5",1,269 mil €,"14,25 mi. €"
2015,Clube Atlético Paranaense,54,"21,7",5,261 mil €,"14,10 mi. €"
2015,Avaí FC,50,"23,6",3,224 mil €,"11,20 mi. €"
2015,AA Ponte Preta,65,"22,7",0,154 mil €,"10,00 mi. €"
2015,Chapecoense,43,"25,3",0,219 mil €,"9,40 mi. €"
2015,Goiás EC,61,"22,4",0,130 mil €,"7,90 mi. €"
2015,Joinville EC,58,"23,0",1,86 mil €,"5,00 mi. €"
