ano,clube,plantel,media_idade,estrangeiros,media_valor_mercado,valor_mercado_total
2010,CR Flamengo,56,"23,5",6,"1,80 mi. €","100,80 mi. €"
2010,São Paulo FC,46,"23,6",2,"2,19 mi. €","100,55 mi. €"
2010,SC Internacional,61,"23,2",6,"1,44 mi. €","87,60 mi. €"
2010,Fluminense FC,55,"23,4",6,"1,27 mi. €","70,00 mi. €"
2010,Santos FC,49,"21,1",2,"1,41 mi. €","69,20 mi. €"
2010,SE Palmeiras,57,"21,6",3,"1,10 mi. €","62,50 mi. €"
2010,Cruzeiro EC,47,"22,8",5,"1,17 mi. €","54,80 mi. €"
2010,Atlético Mineiro,65,"22,9",7,838 mil €,"54,50 mi. €"
2010,SC Corinthians,43,"23,5",5,"1,20 mi. €","51,63 mi. €"
2010,Grêmio FBPA,42,"22,4",1,967 mil €,"40,60 mi. €"
2010,Botafogo FR,61,"22,5",4,602 mil €,"36,75 mi. €"
2010,Clube Atlético Paranaense,59,"22,0",5,592 mil €,"34,90 mi. €"
2010,CR Vasco da Gama,48,"21,9",1,616 mil €,"29,55 mi. €"
2010,Goiás EC,63,"23,7",1,440 mil €,"27,70 mi. €"
2010,EC Vitória,64,"23,0",2,413 mil €,"26,45 mi. €"
2010,Grêmio Barueri Futebol Ltda.,60,"21,9",0,267 mil €,"16,00 mi. €"
2010,Guarani FC,53,"23,5",0,197 mil €,"10,45 mi. €"
2010,Ceará SC,52,"25,4",1,194 mil €,"10,10 mi. €"
2010,Atlético Goianiense,45,"23,9",0,224 mil €,"10,10 mi. €"
2010,Avaí FC,51,"22,1",0,150 mil €,"7,65 mi. €"
