ano,clube,plantel,media_idade,estrangeiros,media_valor_mercado,valor_mercado_total
2008,São Paulo FC,56,"22,4",1,"1,20 mi. €","67,40 mi. €"
2008,SC Internacional,49,"23,1",5,930 mil €,"45,55 mi. €"
2008,CR Flamengo,40,"22,7",4,726 mil €,"29,05 mi. €"
2008,SE Palmeiras,34,"22,8",1,768 mil €,"26,10 mi. €"
2008,Santos FC,51,"21,8",7,273 mil €,"13,90 mi. €"
2008,Cruzeiro EC,51,"22,3",2,254 mil €,"12,98 mi. €"
2008,Botafogo FR,48,"24,4",3,238 mil €,"11,40 mi. €"
2008,Grêmio FBPA,39,"22,4",3,273 mil €,"10,65 mi. €"
2008,Fluminense FC,44,"22,4",2,238 mil €,"10,45 mi. €"
2008,Figueirense FC,53,"22,5",1,181 mil €,"9,60 mi. €"
2008,Portuguesa,41,"24,1",1,193 mil €,"7,90 mi. €"
2008,CR Vasco da Gama,60,"23,4",5,112 mil €,"6,70 mi. €"
2008,Atlético Mineiro,50,"22,5",4,123 mil €,"6,15 mi. €"
2008,Clube Atlético Paranaense,59,"22,6",5,86 mil €,"5,05 mi. €"
2008,Náutico,46,"23,1",2,104 mil €,"4,80 mi. €"
2008,Goiás EC,53,"24,5",1,53 mil €,"2,80 mi. €"
2008,Coritiba FC,43,"22,7",3,49 mil €,"2,10 mi. €"
2008,Ipatinga Futebol Clube (MG),51,"23,0",2,35 mil €,"1,78 mi. €"
2008,Sport Recife,40,"24,5",0,40 mil €,"1,60 mi. €"
2008,EC Vitória,39,"23,6",2,26 mil €,"1,00 mi. €"
