ano,clube,plantel,media_idade,estrangeiros,media_valor_mercado,valor_mercado_total
2007,Santos FC,50,"23,6",6,496 mil €,"24,80 mi. €"
2007,SC Internacional,55,"23,9",6,408 mil €,"22,45 mi. €"
2007,SC Corinthians,50,"22,7",2,441 mil €,"22,05 mi. €"
2007,Fluminense FC,39,"22,5",0,527 mil €,"20,55 mi. €"
2007,São Paulo FC,40,"23,2",2,493 mil €,"19,70 mi. €"
2007,Botafogo FR,55,"23,9",2,310 mil €,"17,07 mi. €"
2007,Grêmio FBPA,51,"22,5",7,320 mil €,"16,30 mi. €"
2007,CR Flamengo,41,"22,7",2,384 mil €,"15,73 mi. €"
2007,Cruzeiro EC,52,"21,7",1,251 mil €,"13,05 mi. €"
2007,Atlético Mineiro,44,"23,3",1,290 mil €,"12,75 mi. €"
2007,SE Palmeiras,39,"23,4",3,266 mil €,"10,38 mi. €"
2007,Sport Recife,38,"25,2",0,172 mil €,"6,55 mi. €"
2007,Clube Atlético Paranaense,56,"22,8",8,111 mil €,"6,20 mi. €"
2007,Paraná Clube,48,"23,0",0,98 mil €,"4,70 mi. €"
2007,Goiás EC,40,"24,3",2,109 mil €,"4,35 mi. €"
2007,Figueirense FC,34,"21,6",1,122 mil €,"4,15 mi. €"
2007,CR Vasco da Gama,45,"23,6",3,80 mil €,"3,60 mi. €"
2007,América FC,57,"23,8",1,38 mil €,"2,18 mi. €"
2007,EC Juventude,53,"23,1",3,32 mil €,"1,70 mi. €"
2007,Náutico,46,"24,0",1,28 mil €,"1,30 mi. €"
