ano,clube,plantel,media_idade,estrangeiros,media_valor_mercado,valor_mercado_total
2012,Atlético Mineiro,52,"24,2",2,"2,12 mi. €","110,00 mi. €"
2012,CR Flamengo,61,"22,9",7,"1,63 mi. €","99,15 mi. €"
2012,São Paulo FC,52,"22,3",5,"1,91 mi. €","99,08 mi. €"
2012,Santos FC,57,"21,8",7,"1,63 mi. €","92,95 mi. €"
2012,SC Internacional,71,"21,9",6,"1,19 mi. €","84,65 mi. €"
2012,SC Corinthians,50,"23,1",6,"1,63 mi. €","81,25 mi. €"
2012,Grêmio FBPA,48,"23,0",4,"1,44 mi. €","69,00 mi. €"
2012,Cruzeiro EC,48,"23,9",4,"1,32 mi. €","63,25 mi. €"
2012,CR Vasco da Gama,60,"23,2",3,981 mil €,"58,85 mi. €"
2012,SE Palmeiras,64,"22,9",3,853 mil €,"54,60 mi. €"
2012,Fluminense FC,44,"22,0",4,"1,01 mi. €","44,50 mi. €"
2012,Botafogo FR,53,"22,5",6,791 mil €,"41,90 mi. €"
2012,Coritiba FC,57,"22,8",4,490 mil €,"27,93 mi. €"
2012,Portuguesa,49,"24,1",0,460 mil €,"22,53 mi. €"
2012,Figueirense FC,62,"22,1",7,348 mil €,"21,58 mi. €"
2012,EC Bahia,51,"22,6",1,404 mil €,"20,63 mi. €"
2012,Sport Recife,48,"23,6",1,414 mil €,"19,85 mi. €"
2012,AA Ponte Preta,61,"23,9",1,293 mil €,"17,90 mi. €"
2012,Náutico,53,"23,2",2,314 mil €,"16,65 mi. €"
2012,Atlético Goianiense,49,"23,5",1,324 mil €,"15,90 mi. €"
