ano,clube,plantel,media_idade,estrangeiros,media_valor_mercado,valor_mercado_total
2009,SC Corinthians,45,"22,5",3,"1,27 mi. €","56,95 mi. €"
2009,CR Flamengo,46,"22,8",5,"1,22 mi. €","55,90 mi. €"
2009,Fluminense FC,47,"22,3",4,"1,11 mi. €","52,30 mi. €"
2009,Cruzeiro EC,44,"22,4",3,"1,00 mi. €","44,03 mi. €"
2009,São Paulo FC,34,"23,6",2,"1,20 mi. €","40,80 mi. €"
2009,SC Internacional,39,"23,2",4,"1,02 mi. €","39,90 mi. €"
2009,Santos FC,45,"23,4",2,849 mil €,"38,20 mi. €"
2009,SE Palmeiras,38,"22,4",3,866 mil €,"32,90 mi. €"
2009,Grêmio FBPA,45,"22,2",5,683 mil €,"30,75 mi. €"
2009,Atlético Mineiro,49,"22,9",3,496 mil €,"24,30 mi. €"
2009,Botafogo FR,48,"22,0",3,452 mil €,"21,70 mi. €"
2009,Náutico,51,"23,3",3,284 mil €,"14,50 mi. €"
2009,EC Vitória,47,"23,9",3,294 mil €,"13,80 mi. €"
2009,EC Santo André,55,"24,3",4,247 mil €,"13,58 mi. €"
2009,Coritiba FC,44,"22,6",4,305 mil €,"13,40 mi. €"
2009,Clube Atlético Paranaense,46,"21,4",3,217 mil €,"10,00 mi. €"
2009,Sport Recife,45,"23,5",2,208 mil €,"9,35 mi. €"
2009,Goiás EC,43,"22,8",1,95 mil €,"4,10 mi. €"
2009,Grêmio Barueri Futebol Ltda.,42,"23,8",1,54 mil €,"2,25 mi. €"
2009,Avaí FC,43,"22,8",0,41 mil €,"1,75 mi. €"
