ano,clube,plantel,media_idade,estrangeiros,media_valor_mercado,valor_mercado_total
2021,CR Flamengo,62,"21,4",5,"2,99 mi. €","185,60 mi. €"
2021,SC Corinthians,50,"22,5",6,"2,65 mi. €","132,35 mi. €"
2021,Grêmio FBPA,59,"23,4",6,"2,04 mi. €","120,28 mi. €"
2021,Atlético Mineiro,48,"23,3",8,"2,22 mi. €","106,45 mi. €"
2021,SE Palmeiras,58,"21,7",5,"1,61 mi. €","93,25 mi. €"
2021,São Paulo FC,52,"22,6",9,"1,38 mi. €","71,90 mi. €"
2021,SC Internacional,57,"21,2",10,"1,26 mi. €","71,85 mi. €"
2021,Santos FC,63,"21,6",5,852 mil €,"53,70 mi. €"
2021,Fluminense FC,63,"22,6",6,621 mil €,"39,13 mi. €"
2021,RB Bragantino,44,"21,0",5,768 mil €,"33,80 mi. €"
2021,Athletico Paranaense,63,"20,9",5,498 mil €,"31,35 mi. €"
2021,Fortaleza EC,46,"25,1",4,678 mil €,"31,20 mi. €"
2021,EC Bahia,74,"22,4",6,410 mil €,"30,35 mi. €"
2021,Sport Recife,71,"21,8",2,394 mil €,"27,95 mi. €"
2021,EC Juventude,49,"25,6",5,547 mil €,"26,83 mi. €"
2021,Atlético Goianiense,66,"21,8",1,401 mil €,"26,45 mi. €"
2021,Cuiabá EC,72,"22,5",3,349 mil €,"25,10 mi. €"
2021,Ceará SC,69,"22,0",2,318 mil €,"21,93 mi. €"
2021,América Mineiro,57,"23,2",2,297 mil €,"16,95 mi. €"
2021,Chapecoense,53,"22,5",0,259 mil €,"13,75 mi. €"
