ano,clube,plantel,media_idade,estrangeiros,media_valor_mercado,valor_mercado_total
2006,SC Corinthians,43,"21,9",4,"1,38 mi. €","59,30 mi. €"
2006,São Paulo FC,45,"23,1",2,818 mil €,"36,80 mi. €"
2006,Santos FC,37,"22,5",4,759 mil €,"28,10 mi. €"
2006,Cruzeiro EC,41,"21,8",0,387 mil €,"15,85 mi. €"
2006,SE Palmeiras,44,"24,5",5,209 mil €,"9,20 mi. €"
2006,CR Flamengo,42,"21,1",2,208 mil €,"8,75 mi. €"
2006,Botafogo FR,42,"23,8",0,190 mil €,"8,00 mi. €"
2006,Goiás EC,36,"24,5",2,219 mil €,"7,90 mi. €"
2006,Clube Atlético Paranaense,36,"22,4",4,172 mil €,"6,20 mi. €"
2006,AD São Caetano,41,"22,7",1,135 mil €,"5,55 mi. €"
2006,EC Juventude,42,"22,6",0,92 mil €,"3,85 mi. €"
2006,Fluminense FC,38,"22,2",2,101 mil €,"3,85 mi. €"
2006,SC Internacional,40,"22,9",3,76 mil €,"3,05 mi. €"
2006,Santa Cruz FC,51,"23,8",0,50 mil €,"2,55 mi. €"
2006,Grêmio FBPA,34,"22,5",5,65 mil €,"2,20 mi. €"
2006,CR Vasco da Gama,38,"22,4",1,55 mil €,"2,10 mi. €"
2006,AA Ponte Preta,39,"23,0",0,19 mil €,750 mil €
2006,Figueirense FC,29,"20,7",0,10 mil €,300 mil €
2006,Paraná Clube,37,"22,8",0,8 mil €,300 mil €
2006,Fortaleza EC,44,"25,2",0,-,-
