ano,clube,plantel,media_idade,estrangeiros,media_valor_mercado,valor_mercado_total
2022,CR Flamengo,61,"22,4",5,"2,98 mi. €","181,95 mi. €"
2022,SC Corinthians,52,"23,6",7,"2,54 mi. €","131,90 mi. €"
2022,Atlético Mineiro,44,"24,3",8,"2,61 mi. €","115,00 mi. €"
2022,SE Palmeiras,42,"22,5",6,"2,66 mi. €","111,60 mi. €"
2022,SC Internacional,51,"23,3",9,"2,05 mi. €","104,43 mi. €"
2022,Botafogo FR,62,"23,5",6,"1,35 mi. €","83,45 mi. €"
2022,Athletico Paranaense,67,"21,2",9,"1,06 mi. €","70,93 mi. €"
2022,São Paulo FC,48,"22,5",10,"1,41 mi. €","67,88 mi. €"
2022,Santos FC,52,"21,9",9,"1,00 mi. €","52,18 mi. €"
2022,RB Bragantino,47,"20,7",6,"1,05 mi. €","49,28 mi. €"
2022,Fluminense FC,46,"24,7",5,897 mil €,"41,28 mi. €"
2022,Fortaleza EC,43,"25,1",7,759 mil €,"32,65 mi. €"
2022,Avaí FC,64,"24,5",3,505 mil €,"32,30 mi. €"
2022,Ceará SC,52,"23,9",2,532 mil €,"27,65 mi. €"
2022,Cuiabá EC,63,"22,2",3,425 mil €,"26,75 mi. €"
2022,Coritiba FC,54,"23,0",8,475 mil €,"25,63 mi. €"
2022,América Mineiro,56,"23,8",7,439 mil €,"24,58 mi. €"
2022,EC Juventude,55,"23,6",3,403 mil €,"22,18 mi. €"
2022,Goiás EC,70,"21,6",0,303 mil €,"21,20 mi. €"
2022,Atlético Goianiense,52,"22,3",3,319 mil €,"16,58 mi. €"
