ano,clube,plantel,media_idade,estrangeiros,media_valor_mercado,valor_mercado_total
2014,São Paulo FC,45,"24,2",6,"3,33 mi. €","149,65 mi. €"
2014,SC Corinthians,44,"23,8",5,"1,99 mi. €","87,55 mi. €"
2014,Santos FC,49,"22,0",5,"1,50 mi. €","73,40 mi. €"
2014,Atlético Mineiro,49,"24,3",2,"1,26 mi. €","61,60 mi. €"
2014,Fluminense FC,43,"22,4",2,"1,13 mi. €","48,80 mi. €"
2014,SE Palmeiras,55,"22,7",8,856 mil €,"47,10 mi. €"
2014,Grêmio FBPA,63,"20,9",6,738 mil €,"46,50 mi. €"
2014,CR Flamengo,44,"23,0",5,"1,00 mi. €","44,10 mi. €"
2014,Cruzeiro EC,43,"23,7",4,"1,01 mi. €","43,55 mi. €"
2014,SC Internacional,60,"21,8",5,586 mil €,"35,15 mi. €"
2014,Botafogo FR,51,"23,4",6,555 mil €,"28,30 mi. €"
2014,EC Vitória,63,"23,6",7,389 mil €,"24,50 mi. €"
2014,Coritiba FC,54,"23,5",6,430 mil €,"23,20 mi. €"
2014,Sport Recife,60,"24,3",3,371 mil €,"22,28 mi. €"
2014,EC Bahia,58,"23,5",6,359 mil €,"20,85 mi. €"
2014,Criciúma EC,73,"24,0",1,232 mil €,"16,95 mi. €"
2014,Figueirense FC,51,"23,6",2,223 mil €,"11,35 mi. €"
2014,Clube Atlético Paranaense,46,"21,4",3,190 mil €,"8,75 mi. €"
2014,Goiás EC,40,"22,8",0,155 mil €,"6,20 mi. €"
2014,Chapecoense,44,"24,7",1,126 mil €,"5,53 mi. €"
