ano,clube,plantel,media_idade,estrangeiros,media_valor_mercado,valor_mercado_total
2019,SE Palmeiras,55,"24,5",4,"2,57 mi. €","141,13 mi. €"
2019,CR Flamengo,48,"23,0",7,"2,46 mi. €","118,15 mi. €"
2019,São Paulo FC,62,"22,2",5,"1,45 mi. €","90,13 mi. €"
2019,Grêmio FBPA,54,"23,0",2,"1,31 mi. €","70,75 mi. €"
2019,Santos FC,55,"22,7",8,"1,25 mi. €","68,88 mi. €"
2019,SC Internacional,50,"23,8",9,"1,23 mi. €","61,45 mi. €"
2019,SC Corinthians,54,"22,9",6,"1,13 mi. €","60,80 mi. €"
2019,Cruzeiro EC,45,"23,3",4,"1,14 mi. €","51,43 mi. €"
2019,Atlético Mineiro,51,"23,7",7,965 mil €,"49,20 mi. €"
2019,CR Vasco da Gama,63,"22,8",4,694 mil €,"43,75 mi. €"
2019,EC Bahia,43,"24,2",1,984 mil €,"42,30 mi. €"
2019,Fluminense FC,60,"22,3",2,664 mil €,"39,85 mi. €"
2019,Athletico Paranaense,51,"22,1",6,661 mil €,"33,70 mi. €"
2019,Botafogo FR,47,"22,8",5,704 mil €,"33,10 mi. €"
2019,Chapecoense,53,"25,1",2,624 mil €,"33,05 mi. €"
2019,CSA,60,"25,7",7,478 mil €,"28,70 mi. €"
2019,Goiás EC,53,"23,1",2,444 mil €,"23,55 mi. €"
2019,Fortaleza EC,41,"25,4",4,555 mil €,"22,75 mi. €"
2019,Ceará SC,44,"25,3",0,488 mil €,"21,45 mi. €"
2019,Avaí FC,51,"23,6",4,247 mil €,"12,60 mi. €"
