ano,clube,plantel,media_idade,estrangeiros,media_valor_mercado,valor_mercado_total
2020,SC Corinthians,57,"23,1",8,"1,99 mi. €","113,45 mi. €"
2020,CR Flamengo,64,"21,3",8,"1,64 mi. €","105,10 mi. €"
2020,SE Palmeiras,57,"21,9",8,"1,54 mi. €","88,00 mi. €"
2020,Atlético Mineiro,60,"22,7",11,"1,17 mi. €","70,15 mi. €"
2020,SC Internacional,52,"22,8",10,"1,31 mi. €","68,25 mi. €"
2020,Grêmio FBPA,51,"24,2",4,"1,28 mi. €","65,30 mi. €"
2020,São Paulo FC,47,"22,3",6,"1,07 mi. €","50,20 mi. €"
2020,Santos FC,55,"21,9",6,738 mil €,"40,58 mi. €"
2020,EC Bahia,68,"22,5",1,583 mil €,"39,68 mi. €"
2020,CR Vasco da Gama,50,"22,4",5,778 mil €,"38,90 mi. €"
2020,Coritiba FC,61,"23,3",4,581 mil €,"35,45 mi. €"
2020,Botafogo FR,64,"21,7",9,488 mil €,"31,25 mi. €"
2020,Athletico Paranaense,70,"21,6",5,441 mil €,"30,85 mi. €"
2020,Goiás EC,71,"22,1",7,411 mil €,"29,20 mi. €"
2020,Fluminense FC,57,"22,3",3,483 mil €,"27,53 mi. €"
2020,Sport Recife,59,"22,9",3,464 mil €,"27,38 mi. €"
2020,Ceará SC,48,"24,2",0,484 mil €,"23,25 mi. €"
2020,Atlético Goianiense,62,"21,4",1,343 mil €,"21,25 mi. €"
2020,Fortaleza EC,44,"24,8",4,447 mil €,"19,65 mi. €"
2020,RB Bragantino,42,"21,8",5,368 mil €,"15,48 mi. €"
