ano,clube,plantel,media_idade,estrangeiros,media_valor_mercado,valor_mercado_total
2013,São Paulo FC,56,"22,5",4,"2,01 mi. €","112,80 mi. €"
2013,Santos FC,59,"22,2",7,"1,73 mi. €","102,35 mi. €"
2013,SC Corinthians,54,"22,8",5,"1,78 mi. €","96,30 mi. €"
2013,Grêmio FBPA,69,"22,3",8,"1,20 mi. €","82,80 mi. €"
2013,SC Internacional,68,"22,5",8,"1,17 mi. €","79,70 mi. €"
2013,Fluminense FC,54,"22,1",7,"1,23 mi. €","66,65 mi. €"
2013,Cruzeiro EC,46,"24,1",5,"1,29 mi. €","59,25 mi. €"
2013,Atlético Mineiro,46,"23,8",1,"1,14 mi. €","52,25 mi. €"
2013,CR Flamengo,41,"22,6",4,"1,05 mi. €","42,90 mi. €"
2013,Coritiba FC,68,"23,2",6,556 mil €,"37,83 mi. €"
2013,Botafogo FR,59,"21,9",4,621 mil €,"36,65 mi. €"
2013,CR Vasco da Gama,50,"23,7",6,568 mil €,"28,40 mi. €"
2013,EC Bahia,65,"23,0",5,392 mil €,"25,45 mi. €"
2013,EC Vitória,57,"22,6",5,352 mil €,"20,05 mi. €"
2013,Criciúma EC,50,"23,5",1,377 mil €,"18,85 mi. €"
2013,Clube Atlético Paranaense,50,"22,5",3,346 mil €,"17,30 mi. €"
2013,Náutico,52,"22,8",3,292 mil €,"15,20 mi. €"
2013,Goiás EC,41,"23,4",0,328 mil €,"13,45 mi. €"
2013,AA Ponte Preta,71,"22,1",4,189 mil €,"13,45 mi. €"
2013,Portuguesa,53,"22,6",4,250 mil €,"13,25 mi. €"
