ano,clube,plantel,media_idade,estrangeiros,media_valor_mercado,valor_mercado_total
2023,CR Flamengo,58,"21,7",5,"3,33 mi. €","193,10 mi. €"
2023,Atlético Mineiro,40,"25,1",7,"3,46 mi. €","138,40 mi. €"
2023,SE Palmeiras,42,"22,4",7,"2,87 mi. €","120,50 mi. €"
2023,São Paulo FC,50,"23,0",11,"2,24 mi. €","112,18 mi. €"
2023,Grêmio FBPA,62,"22,9",10,"1,61 mi. €","99,98 mi. €"
2023,SC Corinthians,48,"22,6",8,"2,08 mi. €","99,95 mi. €"
2023,Santos FC,56,"23,6",11,"1,68 mi. €","94,20 mi. €"
2023,Botafogo FR,62,"23,5",13,"1,43 mi. €","88,43 mi. €"
2023,Fluminense FC,59,"23,0",7,"1,32 mi. €","77,70 mi. €"
2023,SC Internacional,41,"24,8",10,"1,88 mi. €","77,15 mi. €"
2023,RB Bragantino,49,"20,8",7,"1,55 mi. €","75,85 mi. €"
2023,CR Vasco da Gama,70,"22,1",10,"1,04 mi. €","72,85 mi. €"
2023,EC Bahia,72,"20,8",5,979 mil €,"70,50 mi. €"
2023,Cruzeiro EC,51,"22,8",1,"1,23 mi. €","62,75 mi. €"
2023,Coritiba FC,61,"24,0",8,956 mil €,"58,33 mi. €"
2023,Athletico Paranaense,53,"21,9",8,"1,09 mi. €","57,73 mi. €"
2023,Fortaleza EC,44,"25,4",8,"1,03 mi. €","45,33 mi. €"
2023,América Mineiro,54,"24,5",8,633 mil €,"34,18 mi. €"
2023,Goiás EC,64,"23,2",2,435 mil €,"27,83 mi. €"
2023,Cuiabá EC,46,"23,7",3,465 mil €,"21,38 mi. €"
