ano,clube,plantel,media_idade,estrangeiros,media_valor_mercado,valor_mercado_total
2024,SE Palmeiras,30,"25,9",5,"7,81 mi. €","234,25 mi. €"
2024,CR Flamengo,30,"25,8",6,"6,16 mi. €","184,80 mi. €"
2024,Fluminense FC,35,"28,3",4,"3,07 mi. €","107,50 mi. €"
2024,SC Corinthians,32,"24,9",6,"3,04 mi. €","97,20 mi. €"
2024,SC Internacional,31,"27,4",9,"3,13 mi. €","97,15 mi. €"
2024,São Paulo FC,36,"26,5",10,"2,59 mi. €","93,15 mi. €"
2024,Atlético Mineiro,32,"26,3",7,"2,86 mi. €","91,55 mi. €"
2024,Grêmio FBPA,34,"27,4",9,"2,68 mi. €","91,00 mi. €"
2024,Cruzeiro EC,40,"25,5",6,"2,15 mi. €","86,05 mi. €"
2024,Botafogo FR,39,"26,7",11,"2,11 mi. €","82,25 mi. €"
2024,RB Bragantino,32,"24,1",7,"2,43 mi. €","77,70 mi. €"
2024,Athletico Paranaense,34,"25,2",10,"2,14 mi. €","72,80 mi. €"
2024,EC Bahia,30,"27,9",6,"2,37 mi. €","71,00 mi. €"
2024,CR Vasco da Gama,31,"25,9",7,"2,18 mi. €","67,55 mi. €"
2024,Fortaleza EC,30,"28,5",8,"1,35 mi. €","40,35 mi. €"
2024,Cuiabá EC,32,"26,0",2,889 mil €,"28,45 mi. €"
2024,Atlético Goianiense,32,"26,1",6,766 mil €,"24,50 mi. €"
2024,EC Vitória,31,"27,8",2,783 mil €,"24,28 mi. €"
2024,EC Juventude,31,"27,1",0,571 mil €,"17,70 mi. €"
2024,Criciúma EC,30,"28,1",6,503 mil €,"15,08 mi. €"
