ano,clube,plantel,media_idade,estrangeiros,media_valor_mercado,valor_mercado_total
2011,São Paulo FC,56,"22,3",3,"1,96 mi. €","109,55 mi. €"
2011,SC Internacional,61,"23,0",7,"1,55 mi. €","94,45 mi. €"
2011,Atlético Mineiro,63,"23,7",5,"1,41 mi. €","89,00 mi. €"
2011,Santos FC,68,"21,6",4,"1,28 mi. €","87,25 mi. €"
2011,Cruzeiro EC,50,"22,8",5,"1,58 mi. €","79,00 mi. €"
2011,SC Corinthians,53,"23,0",4,"1,49 mi. €","79,00 mi. €"
2011,CR Flamengo,50,"22,5",4,"1,57 mi. €","78,25 mi. €"
2011,Grêmio FBPA,59,"23,1",4,"1,28 mi. €","75,30 mi. €"
2011,Fluminense FC,51,"23,1",6,"1,19 mi. €","60,80 mi. €"
2011,SE Palmeiras,49,"22,8",2,"1,19 mi. €","58,30 mi. €"
2011,CR Vasco da Gama,52,"22,9",2,978 mil €,"50,85 mi. €"
2011,Avaí FC,77,"23,7",1,479 mil €,"36,88 mi. €"
2011,Botafogo FR,35,"22,7",5,874 mil €,"30,60 mi. €"
2011,Ceará SC,50,"25,2",0,530 mil €,"26,50 mi. €"
2011,Clube Atlético Paranaense,43,"22,8",4,586 mil €,"25,20 mi. €"
2011,EC Bahia,43,"22,7",1,480 mil €,"20,63 mi. €"
2011,Coritiba FC,43,"23,0",2,456 mil €,"19,60 mi. €"
2011,Atlético Goianiense,43,"23,7",0,352 mil €,"15,15 mi. €"
2011,Figueirense FC,46,"22,7",3,329 mil €,"15,13 mi. €"
2011,América Mineiro,43,"24,1",0,142 mil €,"6,10 mi. €"
