ano,clube,plantel,media_idade,estrangeiros,media_valor_mercado,valor_mercado_total
2016,CR Flamengo,41,"23,8",6,"1,50 mi. €","61,60 mi. €"
2016,Cruzeiro EC,50,"22,8",8,"1,13 mi. €","56,35 mi. €"
2016,Fluminense FC,48,"23,0",3,"1,16 mi. €","55,75 mi. €"
2016,São Paulo FC,48,"22,5",8,"1,16 mi. €","55,70 mi. €"
2016,Atlético Mineiro,56,"22,9",5,939 mil €,"52,60 mi. €"
2016,SE Palmeiras,47,"24,4",5,"1,11 mi. €","51,95 mi. €"
2016,Grêmio FBPA,55,"22,2",4,742 mil €,"40,80 mi. €"
2016,SC Internacional,52,"22,9",6,722 mil €,"37,53 mi. €"
2016,Sport Recife,64,"23,1",5,584 mil €,"37,40 mi. €"
2016,América Mineiro,58,"23,0",2,608 mil €,"35,25 mi. €"
2016,SC Corinthians,44,"22,7",2,770 mil €,"33,90 mi. €"
2016,Clube Atlético Paranaense,67,"21,9",6,437 mil €,"29,30 mi. €"
2016,AA Ponte Preta,65,"23,3",0,368 mil €,"23,95 mi. €"
2016,Chapecoense,62,"25,0",2,353 mil €,"21,90 mi. €"
2016,Coritiba FC,54,"22,9",7,373 mil €,"20,15 mi. €"
2016,Santos FC,53,"21,8",7,350 mil €,"18,53 mi. €"
2016,EC Vitória,41,"22,6",2,438 mil €,"17,95 mi. €"
2016,Botafogo FR,52,"23,0",5,329 mil €,"17,10 mi. €"
2016,Figueirense FC,58,"23,3",2,288 mil €,"16,70 mi. €"
2016,Santa Cruz FC,59,"23,2",2,224 mil €,"13,23 mi. €"
