ano,clube,plantel,media_idade,estrangeiros,media_valor_mercado,valor_mercado_total
2017,São Paulo FC,53,"23,0",7,"1,86 mi. €","98,60 mi. €"
2017,CR Flamengo,48,"23,0",7,"1,91 mi. €","91,45 mi. €"
2017,Cruzeiro EC,50,"23,0",6,"1,77 mi. €","88,40 mi. €"
2017,Atlético Mineiro,55,"23,6",4,"1,60 mi. €","87,93 mi. €"
2017,SE Palmeiras,48,"25,0",4,"1,54 mi. €","73,95 mi. €"
2017,Grêmio FBPA,76,"22,0",9,878 mil €,"66,75 mi. €"
2017,SC Corinthians,43,"22,9",3,"1,31 mi. €","56,20 mi. €"
2017,Santos FC,47,"22,9",4,"1,11 mi. €","52,20 mi. €"
2017,EC Vitória,47,"23,9",5,988 mil €,"46,45 mi. €"
2017,CR Vasco da Gama,47,"24,0",5,960 mil €,"45,10 mi. €"
2017,Clube Atlético Paranaense,52,"22,7",4,863 mil €,"44,88 mi. €"
2017,Sport Recife,43,"23,3",3,"1,03 mi. €","44,10 mi. €"
2017,Chapecoense,62,"22,5",6,637 mil €,"39,48 mi. €"
2017,Fluminense FC,51,"21,9",2,728 mil €,"37,15 mi. €"
2017,Coritiba FC,51,"23,9",2,677 mil €,"34,53 mi. €"
2017,EC Bahia,46,"22,8",3,741 mil €,"34,10 mi. €"
2017,Botafogo FR,52,"22,6",5,585 mil €,"30,40 mi. €"
2017,AA Ponte Preta,53,"23,8",4,537 mil €,"28,48 mi. €"
2017,Avaí FC,53,"23,3",5,282 mil €,"14,93 mi. €"
2017,Atlético Goianiense,46,"22,8",0,276 mil €,"12,68 mi. €"
