ano,rodada,clube_mandante,clube_visitante,gols_mandante,gols_visitante,data,juiz,publico
2010,1,Botafogo,Santos,3,3,08/05/2010,Leonardo Gaciba da Silva,25.634
2010,1,Atlético-GO,Grêmio,0,0,08/05/2010,Salvio Fagundes Filho,5.647
2010,1,Palmeiras,Vitória,1,0,08/05/2010,Péricles Bassols Pegado Cortez (RJ),6.025
2010,1,Atlético-MG,Vasco da Gama,2,1,09/05/2010,Elmo Alves Resende Cunha (GO),12.790
2010,1,Internacional,Cruzeiro,1,2,09/05/2010,Wilson Luiz Seneme,11.631
2010,1,Corinthians,Atlético-PR,2,1,09/05/2010,Marcelo de Lima Henrique  (RJ),9.232
2010,1,Flamengo,São Paulo,1,1,09/05/2010,Leandro Pedro Vuaden,11.195
2010,1,Ceará,Fluminense,1,0,09/05/2010,Paulo César de Oliveira,18.340
2010,1,Guarani,Goiás,1,0,09/05/2010,Arilson Bispo da Anunciação,6.205
2010,1,Avaí,Barueri,6,1,09/05/2010,Djalma José Beltrami Teixeira,6.539
2010,2,Fluminense,Atlético-GO,1,0,15/05/2010,Carlos Simon,10.118
2010,2,Vitória,Flamengo,1,1,15/05/2010,Paulo César de Oliveira,14.852
2010,2,Barueri,Atlético-MG,4,0,15/05/2010,Paulo Henrique de Godoy Bezerra (SC),2.500
2010,2,Santos,Ceará,1,1,16/05/2010,Ricardo Marques Ribeiro (MG),8.999
2010,2,Grêmio,Corinthians,1,2,16/05/2010,Elmo Alves Resende Cunha (GO),14.730
2010,2,São Paulo,Botafogo,1,2,16/05/2010,Sandro Ricci,11.622
2010,2,Goiás,Internacional,2,3,16/05/2010,Wallace Nascimento Valente (ES),3.731
2010,2,Vasco da Gama,Palmeiras,0,0,16/05/2010,Wilton Sampaio,11.236
2010,2,Cruzeiro,Avaí,2,2,16/05/2010,Leonardo Gaciba da Silva,8.115
2010,2,Atlético-PR,Guarani,2,2,16/05/2010,Jailson Macedo Freitas (BA),12.879
2010,3,Atlético-GO,Santos,1,2,22/05/2010,Péricles Bassols Pegado Cortez (RJ),4.669
2010,3,Palmeiras,Grêmio,4,2,22/05/2010,Paulo Henrique de Godoy Bezerra (SC),18.365
2010,3,Botafogo,Goiás,3,0,22/05/2010,Alício Pena Junior,17.135
2010,3,Ceará,Vitória,1,0,23/05/2010,Sandro Ricci,19.697
2010,3,Corinthians,Fluminense,1,0,23/05/2010,Leonardo Gaciba da Silva,28.190
2010,3,Atlético-MG,Atlético-PR,3,1,23/05/2010,Salvio Fagundes Filho,13.464
2010,3,Internacional,São Paulo,0,2,23/05/2010,Marcelo de Lima Henrique  (RJ),25.185
2010,3,Guarani,Cruzeiro,2,2,23/05/2010,Leandro Pedro Vuaden,8.689
2010,3,Avaí,Vasco da Gama,2,0,23/05/2010,Wilson Luiz Seneme,9.594
2010,3,Flamengo,Barueri,3,1,23/05/2010,Franscisco Carlos do Nascimento,7.330
2010,4,Vitória,Atlético-MG,4,3,26/05/2010,Franscisco Carlos do Nascimento,6.692
2010,4,Grêmio,Avaí,3,0,26/05/2010,Evandro Rogerio Roman (PR),8.049
2010,4,Fluminense,Flamengo,2,1,26/05/2010,Marcelo de Lima Henrique  (RJ),18.985
2010,4,São Paulo,Palmeiras,1,0,26/05/2010,Marcelo Aparecido Ribeiro de Souza,15.522
2010,4,Barueri,Corinthians,2,2,26/05/2010,Paulo César de Oliveira,9.235
2010,4,Cruzeiro,Botafogo,1,0,26/05/2010,Jailson Macedo Freitas (BA),8.561
2010,4,Santos,Guarani,3,1,26/05/2010,Wilson Luiz Seneme,5.146
2010,4,Vasco da Gama,Internacional,3,2,27/05/2010,Héber Lopes,4.081
2010,4,Atlético-PR,Atlético-GO,2,1,27/05/2010,Cláudio Luciano Mercante Júnior (PE),2.580
2010,4,Goiás,Ceará,0,0,27/05/2010,Carlos Simon,2.309
2010,5,Palmeiras,Barueri,0,0,29/05/2010,Cleber Wellington Abade (SP),4.016
2010,5,Avaí,Vitória,0,0,29/05/2010,Marcelo de Lima Henrique  (RJ),5.787
2010,5,Flamengo,Grêmio,1,1,29/05/2010,Wilton Sampaio,10.983
2010,5,Guarani,São Paulo,0,0,30/05/2010,Guilherme Ceretta de Lima (SP),14.528
2010,5,Atlético-MG,Fluminense,1,3,30/05/2010,Sandro Ricci,15.613
2010,5,Internacional,Atlético-PR,4,1,30/05/2010,Celio Amorim,8.279
2010,5,Corinthians,Santos,4,2,30/05/2010,Salvio Fagundes Filho,27.681
2010,5,Ceará,Cruzeiro,1,0,30/05/2010,Péricles Bassols Pegado Cortez (RJ),19.694
2010,5,Atlético-GO,Goiás,1,3,30/05/2010,André Luiz de Freitas Castro,5.203
2010,5,Botafogo,Vasco da Gama,1,1,30/05/2010,Carlos Simon,20.373
2010,6,Atlético-PR,Botafogo,3,2,02/06/2010,Paulo César de Oliveira,12.366
2010,6,Fluminense,Vitória,2,1,02/06/2010,Wilson Luiz Seneme,25.430
2010,6,Barueri,Atlético-GO,1,0,02/06/2010,Alício Pena Junior,1.759
2010,6,Ceará,Avaí,2,0,02/06/2010,Arilson Bispo da Anunciação,26.084
2010,6,Cruzeiro,Santos,0,0,02/06/2010,Wilton Sampaio,15.708
2010,6,Palmeiras,Flamengo,0,1,02/06/2010,Leonardo Gaciba da Silva,8.457
2010,6,Goiás,São Paulo,2,1,02/06/2010,Nielson Nogueira Dias,15.592
2010,6,Grêmio,Atlético-MG,2,1,03/06/2010,Péricles Bassols Pegado Cortez (RJ),14.605
2010,6,Vasco da Gama,Guarani,0,1,03/06/2010,André Luiz de Freitas Castro,6.002
2010,6,Corinthians,Internacional,2,0,03/06/2010,Sandro Ricci,33.361
2010,7,Avaí,Fluminense,0,3,05/06/2010,Héber Lopes,8.458
2010,7,Flamengo,Goiás,1,2,05/06/2010,Francisco de Assis Almeida Filho (CE),11.855
2010,7,Vitória,Atlético-PR,1,0,05/06/2010,Elmo Alves Resende Cunha (GO),9.109
2010,7,Atlético-MG,Ceará,0,1,06/06/2010,Celio Amorim,26.630
2010,7,São Paulo,Grêmio,3,1,06/06/2010,Gutemberg de Paula Fonseca (RJ),14.408
2010,7,Santos,Vasco da Gama,4,0,06/06/2010,José Caldas de Souza,9.525
2010,7,Botafogo,Corinthians,2,2,06/06/2010,Leandro Pedro Vuaden,14.267
2010,7,Atlético-GO,Cruzeiro,2,1,06/06/2010,Guilherme Ceretta de Lima (SP),3.419
2010,7,Internacional,Palmeiras,1,1,06/06/2010,Djalma José Beltrami Teixeira,11.743
2010,7,Guarani,Barueri,1,0,06/06/2010,Luiz Flávio de Oliveira (SP),5.685
2010,8,Grêmio,Vitória,1,1,14/07/2010,André Luiz de Freitas Castro,7.455
2010,8,Atlético-PR,Cruzeiro,0,2,14/07/2010,Wilson Luiz Seneme,13.952
2010,8,São Paulo,Avaí,1,2,14/07/2010,Franscisco Carlos do Nascimento,7.717
2010,8,Flamengo,Botafogo,1,0,14/07/2010,Péricles Bassols Pegado Cortez (RJ),19.313
2010,8,Guarani,Internacional,0,3,14/07/2010,Evandro Rogerio Roman (PR),2.193
2010,8,Goiás,Vasco da Gama,0,0,14/07/2010,Leandro Pedro Vuaden,11.000
2010,8,Ceará,Corinthians,0,0,14/07/2010,Marcelo de Lima Henrique  (RJ),44.500
2010,8,Palmeiras,Santos,2,1,15/07/2010,Cleber Wellington Abade (SP),9.400
2010,8,Atlético-MG,Atlético-GO,3,2,15/07/2010,Jailson Macedo Freitas (BA),3.179
2010,8,Fluminense,Barueri,1,1,15/07/2010,Ricardo Marques Ribeiro (MG),28.410
2010,9,Vitória,São Paulo,3,2,17/07/2010,Marcelo de Lima Henrique  (RJ),11.915
2010,9,Vasco da Gama,Atlético-PR,3,1,17/07/2010,Nielson Nogueira Dias,5.976
2010,9,Internacional,Ceará,2,1,18/07/2010,Alício Pena Junior,6.483
2010,9,Corinthians,Atlético-MG,1,0,18/07/2010,Wilton Sampaio,22.163
2010,9,Atlético-GO,Flamengo,0,1,18/07/2010,Paulo César de Oliveira,18.544
2010,9,Avaí,Palmeiras,4,2,18/07/2010,Leonardo Gaciba da Silva,7.851
2010,9,Barueri,Grêmio,2,0,18/07/2010,Arilson Bispo da Anunciação,4.153
2010,9,Santos,Fluminense,0,1,18/07/2010,Cleber Wellington Abade (SP),9.193
2010,9,Botafogo,Guarani,1,1,18/07/2010,Celio Amorim,7.250
2010,9,Cruzeiro,Goiás,1,0,18/07/2010,Salvio Fagundes Filho,3.579
2010,10,Atlético-MG,Internacional,1,2,21/07/2010,Luiz Flávio de Oliveira (SP),4.713
2010,10,Vitória,Goiás,2,2,21/07/2010,Péricles Bassols Pegado Cortez (RJ),9.568
2010,10,São Paulo,Barueri,1,1,21/07/2010,Rodrigo Martins Cintra (SP),9.646
2010,10,Flamengo,Avaí,1,1,21/07/2010,Jailson Macedo Freitas (BA),14.051
2010,10,Atlético-GO,Corinthians,3,1,21/07/2010,Gutemberg de Paula Fonseca (RJ),17.445
2010,10,Atlético-PR,Santos,2,0,21/07/2010,Leonardo Gaciba da Silva,20.001
2010,10,Grêmio,Vasco da Gama,1,1,21/07/2010,Héber Lopes,4.076
2010,10,Fluminense,Cruzeiro,1,0,22/07/2010,Wilton Sampaio,34.008
2010,10,Guarani,Ceará,1,1,22/07/2010,Márcio Chagas da Silva,4.595
2010,10,Palmeiras,Botafogo,2,2,22/07/2010,Alício Pena Junior,12.107
2010,11,Avaí,Atlético-MG,0,0,24/07/2010,Leandro Pedro Vuaden,5.733
2010,11,Vasco da Gama,Atlético-GO,2,0,24/07/2010,Arilson Bispo da Anunciação,13.157
2010,11,Barueri,Vitória,0,0,24/07/2010,Evandro Rogerio Roman (PR),4.922
2010,11,Cruzeiro,Grêmio,2,2,25/07/2010,Marcelo de Lima Henrique  (RJ),9.672
2010,11,Internacional,Flamengo,1,0,25/07/2010,Wilson Luiz Seneme,21.079
2010,11,Goiás,Atlético-PR,0,2,25/07/2010,Ricardo Marques Ribeiro (MG),4.023
2010,11,Santos,São Paulo,1,0,25/07/2010,Luiz Flávio de Oliveira (SP),9.367
2010,11,Ceará,Palmeiras,0,0,25/07/2010,Péricles Bassols Pegado Cortez (RJ),24.935
2010,11,Corinthians,Guarani,3,1,25/07/2010,Rodrigo Guarizo Ferreira do Amaral,24.501
2010,11,Botafogo,Fluminense,1,1,25/07/2010,Rodrigo Nunes de Sá,23.218
2010,12,Fluminense,Atlético-PR,3,1,31/07/2010,Carlos Simon,38.345
2010,12,Atlético-GO,Guarani,1,1,31/07/2010,Leandro Pedro Vuaden,2.340
2010,12,São Paulo,Ceará,2,1,31/07/2010,Evandro Rogerio Roman (PR),11.793
2010,12,Internacional,Grêmio,0,0,01/08/2010,Salvio Fagundes Filho,33.087
2010,12,Palmeiras,Corinthians,1,1,01/08/2010,Paulo César de Oliveira,24.491
2010,12,Vitória,Botafogo,1,3,01/08/2010,Wilton Sampaio,8.217
2010,12,Avaí,Goiás,4,1,01/08/2010,Héber Lopes,7.973
2010,12,Atlético-MG,Cruzeiro,0,1,01/08/2010,Wilson Luiz Seneme,12.340
2010,12,Barueri,Santos,1,2,01/08/2010,Gutemberg de Paula Fonseca (RJ),15.890
2010,12,Flamengo,Vasco da Gama,0,0,01/08/2010,Péricles Bassols Pegado Cortez (RJ),57.035
2010,13,Botafogo,Atlético-MG,3,0,07/08/2010,Leonardo Gaciba da Silva,27.676
2010,13,Guarani,Avaí,4,1,07/08/2010,Djalma José Beltrami Teixeira,3.776
2010,13,Ceará,Atlético-GO,0,0,08/08/2010,Luiz Flávio de Oliveira (SP),14.524
2010,13,Corinthians,Flamengo,1,0,08/08/2010,Héber Lopes,29.222
2010,13,Grêmio,Fluminense,1,2,08/08/2010,Wilton Sampaio,10.221
2010,13,Goiás,Palmeiras,1,1,08/08/2010,Sandro Ricci,13.168
2010,13,Atlético-PR,São Paulo,1,1,08/08/2010,Gutemberg de Paula Fonseca (RJ),21.789
2010,13,Vasco da Gama,Vitória,1,0,08/08/2010,Wallace Nascimento Valente (ES),16.885
2010,13,Cruzeiro,Barueri,0,0,08/08/2010,Wilson Luiz Seneme,10.209
2010,13,Santos,Internacional,1,0,13/10/2010,Nielson Nogueira Dias,10.036
2010,14,Atlético-GO,Botafogo,0,2,14/08/2010,Carlos Simon,9.433
2010,14,Palmeiras,Atlético-PR,2,0,14/08/2010,Wilton Sampaio,9.400
2010,14,Atlético-MG,Guarani,3,1,14/08/2010,Marcelo de Lima Henrique  (RJ),5.748
2010,14,Flamengo,Ceará,1,0,14/08/2010,Wagner Reway,26.723
2010,14,Fluminense,Internacional,3,0,15/08/2010,Wilson Luiz Seneme,49.471
2010,14,São Paulo,Cruzeiro,2,2,15/08/2010,Leandro Pedro Vuaden,12.338
2010,14,Barueri,Vasco da Gama,1,2,15/08/2010,Franscisco Carlos do Nascimento,5.047
2010,14,Avaí,Corinthians,3,2,15/08/2010,Péricles Bassols Pegado Cortez (RJ),14.721
2010,14,Vitória,Santos,4,2,15/08/2010,Sandro Ricci,9.144
2010,14,Grêmio,Goiás,2,0,15/08/2010,José Henrique de Carvalho (SP),10.318
2010,15,Ceará,Grêmio,2,1,21/08/2010,Cláudio Luciano Mercante Júnior (PE),14.981
2010,15,Goiás,Barueri,1,2,21/08/2010,Evandro Rogerio Roman (PR),1.493
2010,15,Botafogo,Avaí,1,0,21/08/2010,Nielson Nogueira Dias,35.518
2010,15,Guarani,Palmeiras,0,0,22/08/2010,Salvio Fagundes Filho,19.809
2010,15,Atlético-PR,Flamengo,1,0,22/08/2010,Carlos Simon,21.734
2010,15,Internacional,Atlético-GO,1,1,22/08/2010,Paulo César de Oliveira,13.017
2010,15,Santos,Atlético-MG,2,0,22/08/2010,Héber Lopes,10.220
2010,15,Cruzeiro,Vitória,0,1,22/08/2010,Franscisco Carlos do Nascimento,10.195
2010,15,Corinthians,São Paulo,3,0,22/08/2010,Wilson Luiz Seneme,28.159
2010,15,Vasco da Gama,Fluminense,2,2,22/08/2010,Marcelo de Lima Henrique  (RJ),76.205
2010,16,Goiás,Fluminense,0,3,25/08/2010,Leonardo Gaciba da Silva,10.467
2010,16,Avaí,Internacional,0,1,25/08/2010,Ricardo Marques Ribeiro (MG),9.713
2010,16,Botafogo,Ceará,1,0,25/08/2010,Wilton Sampaio,19.468
2010,16,Barueri,Atlético-PR,0,1,25/08/2010,Wallace Nascimento Valente (ES),2.419
2010,16,São Paulo,Vasco da Gama,0,0,25/08/2010,Carlos Simon,10.563
2010,16,Cruzeiro,Corinthians,1,0,25/08/2010,Sandro Ricci,37.377
2010,16,Grêmio,Santos,1,2,25/08/2010,Marcelo de Lima Henrique  (RJ),12.379
2010,16,Flamengo,Atlético-MG,0,0,26/08/2010,Salvio Fagundes Filho,12.122
2010,16,Vitória,Guarani,1,1,26/08/2010,Gutemberg de Paula Fonseca (RJ),6.338
2010,16,Palmeiras,Atlético-GO,0,3,26/08/2010,Evandro Rogerio Roman (PR),12.559
2010,17,Santos,Goiás,2,0,28/08/2010,Alício Pena Junior,17.968
2010,17,Internacional,Botafogo,1,0,28/08/2010,Sandro Ricci,14.693
2010,17,Vasco da Gama,Cruzeiro,1,1,28/08/2010,Luiz Flávio de Oliveira (SP),16.518
2010,17,Ceará,Barueri,2,2,28/08/2010,Carlos Simon,11.867
2010,17,Corinthians,Vitória,2,1,29/08/2010,Celio Amorim,32.819
2010,17,Guarani,Flamengo,2,1,29/08/2010,Arilson Bispo da Anunciação,10.317
2010,17,Atlético-MG,Palmeiras,1,2,29/08/2010,Marcelo de Lima Henrique  (RJ),11.120
2010,17,Fluminense,São Paulo,2,2,29/08/2010,Leandro Pedro Vuaden,30.505
2010,17,Atlético-GO,Avaí,2,2,29/08/2010,Leonardo Gaciba da Silva,3.211
2010,17,Atlético-PR,Grêmio,1,1,29/08/2010,Djalma José Beltrami Teixeira,10.317
2010,18,Vitória,Internacional,0,0,01/09/2010,Cleber Wellington Abade (SP),3.040
2010,18,Grêmio,Guarani,1,0,01/09/2010,Wagner Reway,26.419
2010,18,Barueri,Botafogo,0,1,01/09/2010,Wallace Nascimento Valente (ES),3.211
2010,18,Goiás,Atlético-MG,1,3,01/09/2010,Jailson Macedo Freitas (BA),3.312
2010,18,Fluminense,Palmeiras,1,1,01/09/2010,Márcio Chagas da Silva,18.356
2010,18,Cruzeiro,Flamengo,1,0,01/09/2010,Guilherme Ceretta de Lima (SP),29.474
2010,18,Atlético-PR,Ceará,2,1,01/09/2010,Felipe Gomes da Silva,11.096
2010,18,Santos,Avaí,2,1,02/09/2010,Carlos Simon,7.141
2010,18,São Paulo,Atlético-GO,2,1,02/09/2010,Paulo Henrique de Godoy Bezerra (SC),9.364
2010,18,Vasco da Gama,Corinthians,2,0,13/10/2010,Sandro Ricci,9.285
2010,19,Botafogo,Grêmio,2,2,04/09/2010,Sandro Ricci,20.593
2010,19,Ceará,Vasco da Gama,0,2,04/09/2010,Salvio Fagundes Filho,19.528
2010,19,Corinthians,Goiás,5,1,04/09/2010,Gutemberg de Paula Fonseca (RJ),31.638
2010,19,Avaí,Atlético-PR,0,1,05/09/2010,Paulo César de Oliveira,8.099
2010,19,Flamengo,Santos,0,0,05/09/2010,Leandro Pedro Vuaden,41.007
2010,19,Palmeiras,Cruzeiro,2,3,05/09/2010,Héber Lopes,21.550
2010,19,Guarani,Fluminense,2,1,05/09/2010,Carlos Simon,9.962
2010,19,Atlético-MG,São Paulo,2,3,05/09/2010,André Luiz de Freitas Castro,11.120
2010,19,Atlético-GO,Vitória,4,1,05/09/2010,Antonio Hora Filho (SE),2.323
2010,19,Internacional,Barueri,2,0,05/09/2010,Cláudio Luciano Mercante Júnior (PE),17.811
2010,20,Grêmio,Atlético-GO,2,0,08/09/2010,José de Caldas Souza,20.582
2010,20,Fluminense,Ceará,3,1,08/09/2010,Franscisco Carlos do Nascimento,5.698
2010,20,Goiás,Guarani,3,1,08/09/2010,Wilton Sampaio,2.019
2010,20,Cruzeiro,Internacional,1,0,08/09/2010,Nielson Nogueira Dias,13.677
2010,20,São Paulo,Flamengo,2,0,08/09/2010,Alício Pena Junior,14.389
2010,20,Vitória,Palmeiras,1,1,08/09/2010,Péricles Bassols Pegado Cortez (RJ),6.543
2010,20,Atlético-PR,Corinthians,1,1,08/09/2010,Jailson Macedo Freitas (BA),22.055
2010,20,Barueri,Avaí,1,1,09/09/2010,Elmo Alves Resende Cunha (GO),1.475
2010,20,Santos,Botafogo,0,1,09/09/2010,Ricardo Marques Ribeiro (MG),14.305
2010,20,Vasco da Gama,Atlético-MG,1,1,09/09/2010,Cleber Wellington Abade (SP),8.281
2010,21,Corinthians,Grêmio,0,1,11/09/2010,Franscisco Carlos do Nascimento,29.533
2010,21,Atlético-GO,Fluminense,2,1,11/09/2010,Wallace Nascimento Valente (ES),10.475
2010,21,Flamengo,Vitória,2,2,11/09/2010,Luiz Flávio de Oliveira (SP),5.735
2010,21,Botafogo,São Paulo,2,0,12/09/2010,Carlos Simon,28.414
2010,21,Palmeiras,Vasco da Gama,0,0,12/09/2010,Leandro Pedro Vuaden,15.313
2010,21,Atlético-MG,Barueri,1,0,12/09/2010,Felipe Gomes da Silva,12.380
2010,21,Avaí,Cruzeiro,1,2,12/09/2010,André Luiz de Freitas Castro,5.767
2010,21,Internacional,Goiás,0,0,12/09/2010,Paulo César de Oliveira,7.134
2010,21,Guarani,Atlético-PR,1,0,12/09/2010,Claudio Francisco Lima e Silva,4.235
2010,21,Ceará,Santos,2,1,12/09/2010,Héber Lopes,23.374
2010,22,Grêmio,Palmeiras,1,2,15/09/2010,Gutemberg de Paula Fonseca (RJ),34.166
2010,22,Fluminense,Corinthians,1,2,15/09/2010,Carlos Simon,23.326
2010,22,Goiás,Botafogo,4,1,15/09/2010,Franscisco Carlos do Nascimento,12.480
2010,22,Barueri,Flamengo,1,2,15/09/2010,Ricardo Marques Ribeiro (MG),3.815
2010,22,Santos,Atlético-GO,4,2,15/09/2010,Leandro Pedro Vuaden,3.873
2010,22,Vitória,Ceará,0,0,15/09/2010,Salvio Fagundes Filho,9.082
2010,22,Cruzeiro,Guarani,4,2,15/09/2010,Wallace Nascimento Valente (ES),14.428
2010,22,Atlético-PR,Atlético-MG,2,1,15/09/2010,Paulo César de Oliveira,14.386
2010,22,São Paulo,Internacional,1,3,16/09/2010,Felipe Gomes da Silva,11.327
2010,22,Vasco da Gama,Avaí,1,1,16/09/2010,Sandro Ricci,7.939
2010,23,Atlético-GO,Atlético-PR,1,2,18/09/2010,Carlos Simon,2.500
2010,23,Corinthians,Barueri,3,0,18/09/2010,Salvio Fagundes Filho,23.815
2010,23,Botafogo,Cruzeiro,2,2,18/09/2010,Héber Lopes,16.259
2010,23,Guarani,Santos,0,0,19/09/2010,Luiz Flávio de Oliveira (SP),10.998
2010,23,Palmeiras,São Paulo,0,2,19/09/2010,José Henrique de Carvalho (SP),15.011
2010,23,Atlético-MG,Vitória,2,3,19/09/2010,Claudio Francisco Lima e Silva,13.144
2010,23,Internacional,Vasco da Gama,1,0,19/09/2010,Franscisco Carlos do Nascimento,27.061
2010,23,Ceará,Goiás,1,1,19/09/2010,Nielson Nogueira Dias,19.417
2010,23,Flamengo,Fluminense,3,3,19/09/2010,Gutemberg de Paula Fonseca (RJ),28.911
2010,23,Avaí,Grêmio,0,3,19/09/2010,Wilton Sampaio,8.526
2010,24,Goiás,Atlético-GO,1,3,22/09/2010,Salvio Fagundes Filho,11.242
2010,24,São Paulo,Guarani,2,1,22/09/2010,Marcelo Aparecido Ribeiro de Souza,10.264
2010,24,Barueri,Palmeiras,0,1,22/09/2010,Héber Lopes,11.127
2010,24,Cruzeiro,Ceará,2,0,22/09/2010,Claudio Francisco Lima e Silva,16.914
2010,24,Vasco da Gama,Botafogo,2,2,22/09/2010,Felipe Gomes da Silva,16.736
2010,24,Santos,Corinthians,2,3,22/09/2010,Carlos Simon,10.898
2010,24,Atlético-PR,Internacional,1,0,22/09/2010,André Luiz de Freitas Castro,18.597
2010,24,Grêmio,Flamengo,2,2,22/09/2010,Sandro Ricci,21.898
2010,24,Fluminense,Atlético-MG,5,1,23/09/2010,Paulo Henrique de Godoy Bezerra (SC),6.197
2010,24,Vitória,Avaí,3,0,23/09/2010,Wallace Nascimento Valente (ES),11.184
2010,25,São Paulo,Goiás,0,3,25/09/2010,Celio Amorim,18.528
2010,25,Atlético-GO,Barueri,3,0,25/09/2010,Edivaldo Elias da Silva,2.648
2010,25,Guarani,Vasco da Gama,1,0,25/09/2010,Héber Lopes,4.294
2010,25,Santos,Cruzeiro,4,1,25/09/2010,Péricles Bassols Pegado Cortez (RJ),9.542
2010,25,Flamengo,Palmeiras,1,3,25/09/2010,André Luiz de Freitas Castro,13.597
2010,25,Internacional,Corinthians,3,2,26/09/2010,Sandro Ricci,33.787
2010,25,Botafogo,Atlético-PR,1,1,26/09/2010,Ricardo Marques Ribeiro (MG),9.142
2010,25,Vitória,Fluminense,1,2,26/09/2010,Franscisco Carlos do Nascimento,19.169
2010,25,Atlético-MG,Grêmio,1,2,26/09/2010,Arilson Bispo da Anunciação,12.262
2010,25,Avaí,Ceará,5,0,26/09/2010,Rodrigo Nunes de Sá,3.860
2010,26,Goiás,Flamengo,1,1,28/09/2010,Paulo César de Oliveira,13.898
2010,26,Vasco da Gama,Santos,3,1,28/09/2010,Wilton Sampaio,5.388
2010,26,Barueri,Guarani,4,2,29/09/2010,Guilherme Ceretta de Lima (SP),882
2010,26,Palmeiras,Internacional,2,0,29/09/2010,Evandro Rogerio Roman (PR),12.264
2010,26,Cruzeiro,Atlético-GO,3,0,29/09/2010,Wilson Luiz Seneme,10.869
2010,26,Atlético-PR,Vitória,1,0,29/09/2010,Marcelo de Lima Henrique  (RJ),15.791
2010,26,Fluminense,Avaí,1,0,29/09/2010,Luiz Flávio de Oliveira (SP),11.533
2010,26,Grêmio,São Paulo,4,2,29/09/2010,Ricardo Marques Ribeiro (MG),22.640
2010,26,Corinthians,Botafogo,1,1,29/09/2010,Leandro Pedro Vuaden,24.061
2010,26,Ceará,Atlético-MG,0,0,29/09/2010,Sandro Ricci,11.398
2010,27,Vasco da Gama,Goiás,3,2,01/10/2010,Carlos Simon,8.881
2010,27,Corinthians,Ceará,2,2,02/10/2010,Héber Lopes,28.612
2010,27,Barueri,Fluminense,1,1,02/10/2010,Evandro Rogerio Roman (PR),2.781
2010,27,Santos,Palmeiras,1,1,02/10/2010,Luiz Flávio de Oliveira (SP),8.900
2010,27,Vitória,Grêmio,0,3,02/10/2010,Rodrigo Nunes de Sá,10.998
2010,27,Cruzeiro,Atlético-PR,0,0,02/10/2010,Paulo Henrique de Godoy Bezerra (SC),17.254
2010,27,Internacional,Guarani,3,0,02/10/2010,Edivaldo Elias da Silva,9.159
2010,27,Botafogo,Flamengo,1,1,02/10/2010,Gutemberg de Paula Fonseca (RJ),16.362
2010,27,Atlético-GO,Atlético-MG,2,3,02/10/2010,Wilton Sampaio,3.183
2010,27,Avaí,São Paulo,0,0,02/10/2010,Alício Pena Junior,8.040
2010,28,Grêmio,Barueri,4,0,06/10/2010,Péricles Bassols Pegado Cortez (RJ),15.890
2010,28,Fluminense,Santos,0,3,06/10/2010,Sandro Ricci,14.687
2010,28,Guarani,Botafogo,1,1,06/10/2010,Carlos Simon,3.601
2010,28,São Paulo,Vitória,2,0,06/10/2010,Cláudio Luciano Mercante Júnior (PE),14.374
2010,28,Ceará,Internacional,1,0,06/10/2010,Wilton Sampaio,15.897
2010,28,Atlético-MG,Corinthians,2,1,06/10/2010,Evandro Rogerio Roman (PR),16.667
2010,28,Atlético-PR,Vasco da Gama,0,0,06/10/2010,Paulo César de Oliveira,16.161
2010,28,Goiás,Cruzeiro,0,1,07/10/2010,Marcelo de Lima Henrique  (RJ),6.170
2010,28,Palmeiras,Avaí,4,1,07/10/2010,Claudio Francisco Lima e Silva,6.306
2010,28,Flamengo,Atlético-GO,2,0,07/10/2010,Márcio Chagas da Silva,10.015
2010,29,Barueri,São Paulo,2,3,09/10/2010,Rodrigo Martins Cintra (SP),12.968
2010,29,Santos,Atlético-PR,2,0,09/10/2010,Felipe Gomes da Silva,8.417
2010,29,Vasco da Gama,Grêmio,3,3,09/10/2010,Alício Pena Junior,13.651
2010,29,Corinthians,Atlético-GO,3,4,10/10/2010,Ricardo Marques Ribeiro (MG),23.459
2010,29,Goiás,Vitória,1,0,10/10/2010,Paulo César de Oliveira,1.806
2010,29,Cruzeiro,Fluminense,1,0,10/10/2010,Carlos Simon,22.812
2010,29,Avaí,Flamengo,2,2,10/10/2010,Evandro Rogerio Roman (PR),11.680
2010,29,Botafogo,Palmeiras,0,0,10/10/2010,Wilton Sampaio,11.930
2010,29,Ceará,Guarani,2,0,10/10/2010,Paulo Henrique de Godoy Bezerra (SC),18.544
2010,29,Internacional,Atlético-MG,1,0,10/10/2010,Salvio Fagundes Filho,13.328
2010,30,Flamengo,Internacional,3,0,16/10/2010,Wilson Luiz Seneme,15.678
2010,30,Atlético-PR,Goiás,2,1,16/10/2010,Carlos Simon,14.128
2010,30,Grêmio,Cruzeiro,2,1,17/10/2010,Paulo César de Oliveira,37.194
2010,30,Atlético-GO,Vasco da Gama,2,0,17/10/2010,Márcio Chagas da Silva,14.175
2010,30,Guarani,Corinthians,0,0,17/10/2010,Salvio Fagundes Filho,17.469
2010,30,Atlético-MG,Avaí,2,0,17/10/2010,Héber Lopes,16.824
2010,30,Fluminense,Botafogo,0,0,17/10/2010,Djalma José Beltrami Teixeira,17.833
2010,30,São Paulo,Santos,4,3,17/10/2010,Sandro Ricci,23.791
2010,30,Palmeiras,Ceará,1,1,17/10/2010,Rodrigo Nunes de Sá,8.257
2010,30,Vitória,Barueri,2,0,17/10/2010,Edivaldo Elias da Silva,24.283
2010,31,Botafogo,Vitória,1,0,23/10/2010,Márcio Chagas da Silva,13.000
2010,31,Guarani,Atlético-GO,0,1,23/10/2010,Evandro Rogerio Roman (PR),2.986
2010,31,Corinthians,Palmeiras,1,0,24/10/2010,Héber Lopes,32.391
2010,31,Goiás,Avaí,1,0,24/10/2010,Leandro Pedro Vuaden,4.663
2010,31,Ceará,São Paulo,2,0,24/10/2010,Marcelo de Lima Henrique  (RJ),44.591
2010,31,Atlético-PR,Fluminense,2,2,24/10/2010,Wilson Luiz Seneme,22.132
2010,31,Grêmio,Internacional,2,2,24/10/2010,Carlos Simon,41.661
2010,31,Santos,Barueri,2,3,24/10/2010,Marcelo Aparecido Ribeiro de Souza,11.075
2010,31,Cruzeiro,Atlético-MG,3,4,24/10/2010,Sandro Ricci,18.732
2010,31,Vasco da Gama,Flamengo,1,1,24/10/2010,Gutemberg de Paula Fonseca (RJ),26.006
2010,32,Flamengo,Corinthians,1,1,27/10/2010,Sandro Ricci,12.094
2010,32,Atlético-GO,Ceará,1,1,28/10/2010,Paulo César de Oliveira,3.840
2010,32,Fluminense,Grêmio,2,0,28/10/2010,Héber Lopes,16.467
2010,32,São Paulo,Atlético-PR,2,1,28/10/2010,Márcio Chagas da Silva,16.480
2010,32,Vitória,Vasco da Gama,4,2,30/10/2010,Wilson Luiz Seneme,31.449
2010,32,Internacional,Santos,1,1,30/10/2010,Paulo Henrique de Godoy Bezerra (SC),25.178
2010,32,Barueri,Cruzeiro,0,2,30/10/2010,Jailson Macedo Freitas (BA),1.872
2010,32,Palmeiras,Goiás,3,2,30/10/2010,Djalma José Beltrami Teixeira,5.811
2010,32,Atlético-MG,Botafogo,0,2,30/10/2010,Evandro Rogerio Roman (PR),17.012
2010,32,Avaí,Guarani,1,0,30/10/2010,Carlos Simon,10.382
2010,33,Internacional,Fluminense,0,0,03/11/2010,Evandro Rogerio Roman (PR),20.069
2010,33,Botafogo,Atlético-GO,3,2,03/11/2010,Héber Lopes,17.118
2010,33,Goiás,Grêmio,0,2,03/11/2010,José de Caldas Souza,2.235
2010,33,Guarani,Atlético-MG,0,0,03/11/2010,Cláudio Luciano Mercante Júnior (PE),5.922
2010,33,Santos,Vitória,1,1,03/11/2010,Edivaldo Elias da Silva,4.643
2010,33,Corinthians,Avaí,4,0,03/11/2010,Franscisco Carlos do Nascimento,23.275
2010,33,Ceará,Flamengo,2,2,03/11/2010,Paulo César de Oliveira,44.171
2010,33,Cruzeiro,São Paulo,0,2,03/11/2010,Nielson Nogueira Dias,25.694
2010,33,Vasco da Gama,Barueri,2,1,04/11/2010,André Luiz de Freitas Castro,2.474
2010,33,Atlético-PR,Palmeiras,1,0,04/11/2010,Wallace Nascimento Valente (ES),19.749
2010,34,Barueri,Goiás,4,1,07/11/2010,Pablo dos Santos Alves,674
2010,34,Vitória,Cruzeiro,0,1,07/11/2010,Paulo Henrique de Godoy Bezerra (SC),34.540
2010,34,Avaí,Botafogo,0,0,07/11/2010,Salvio Fagundes Filho,14.538
2010,34,São Paulo,Corinthians,0,2,07/11/2010,Carlos Simon,42.667
2010,34,Atlético-GO,Internacional,2,2,07/11/2010,Sandro Ricci,4.459
2010,34,Atlético-MG,Santos,2,2,07/11/2010,Wilton Sampaio,16.771
2010,34,Grêmio,Ceará,5,1,07/11/2010,Celio Amorim,20.789
2010,34,Palmeiras,Guarani,1,0,07/11/2010,Guilherme Ceretta de Lima (SP),3.154
2010,34,Flamengo,Atlético-PR,0,1,07/11/2010,José Henrique de Carvalho (SP),9.026
2010,34,Fluminense,Vasco da Gama,1,0,07/11/2010,Péricles Bassols Pegado Cortez (RJ),16.263
2010,35,Ceará,Botafogo,2,2,10/11/2010,Wallace Nascimento Valente (ES),16.330
2010,35,Corinthians,Cruzeiro,1,0,13/11/2010,Sandro Ricci,35.935
2010,35,Atlético-MG,Flamengo,4,1,13/11/2010,Márcio Chagas da Silva,16.465
2010,35,Santos,Grêmio,0,0,13/11/2010,Ricardo Marques Ribeiro (MG),7.421
2010,35,Atlético-GO,Palmeiras,3,0,14/11/2010,Wilton Sampaio,8.472
2010,35,Fluminense,Goiás,1,1,14/11/2010,Carlos Simon,30.897
2010,35,Internacional,Avaí,2,3,14/11/2010,Péricles Bassols Pegado Cortez (RJ),12.690
2010,35,Guarani,Vitória,1,1,14/11/2010,Evandro Rogerio Roman (PR),6.051
2010,35,Atlético-PR,Barueri,2,1,14/11/2010,Renato Cardoso da Conceição,16.991
2010,35,Vasco da Gama,São Paulo,1,1,14/11/2010,Wagner Reway,5.674
2010,36,Grêmio,Atlético-PR,3,1,20/11/2010,Salvio Fagundes Filho,27.044
2010,36,Barueri,Ceará,1,1,20/11/2010,Elmo Alves Resende Cunha (GO),842
2010,36,Flamengo,Guarani,2,1,20/11/2010,Wilton Sampaio,39.920
2010,36,Botafogo,Internacional,1,2,21/11/2010,Ricardo Marques Ribeiro (MG),23.583
2010,36,São Paulo,Fluminense,1,4,21/11/2010,Héber Lopes,14.410
2010,36,Palmeiras,Atlético-MG,0,2,21/11/2010,Márcio Chagas da Silva,4.662
2010,36,Vitória,Corinthians,1,1,21/11/2010,Carlos Simon,35.980
2010,36,Goiás,Santos,1,4,21/11/2010,Marcelo de Lima Henrique  (RJ),2.865
2010,36,Cruzeiro,Vasco da Gama,3,1,21/11/2010,Leandro Pedro Vuaden,16.228
2010,36,Avaí,Atlético-GO,3,0,21/11/2010,Evandro Rogerio Roman (PR),17.252
2010,37,Internacional,Vitória,1,1,28/11/2010,Salvio Fagundes Filho,11.415
2010,37,Botafogo,Barueri,3,1,28/11/2010,André Luiz de Freitas Castro,6.147
2010,37,Corinthians,Vasco da Gama,2,0,28/11/2010,Márcio Chagas da Silva,33.487
2010,37,Atlético-GO,São Paulo,1,1,28/11/2010,Carlos Simon,27.938
2010,37,Guarani,Grêmio,0,3,28/11/2010,Nielson Nogueira Dias,5.725
2010,37,Palmeiras,Fluminense,1,2,28/11/2010,Wilton Sampaio,11.291
2010,37,Ceará,Atlético-PR,1,1,28/11/2010,Luiz Flávio de Oliveira (SP),38.997
2010,37,Atlético-MG,Goiás,3,1,28/11/2010,Guilherme Ceretta de Lima (SP),17.224
2010,37,Flamengo,Cruzeiro,1,2,28/11/2010,Leandro Pedro Vuaden,16.985
2010,37,Avaí,Santos,3,2,28/11/2010,Sandro Ricci,17.136
2010,38,Barueri,Internacional,0,3,02/12/2010,Marcos Mateus Pereira,Marcos
2010,38,Vitória,Atlético-GO,0,0,05/12/2010,Salvio Fagundes Filho,35.000
2010,38,Cruzeiro,Palmeiras,2,1,05/12/2010,Wilton Sampaio,16.191
2010,38,Vasco da Gama,Ceará,2,0,05/12/2010,Wilson Luiz Seneme,4.972
2010,38,Atlético-PR,Avaí,1,0,05/12/2010,Paulo César de Oliveira,9.879
2010,38,Grêmio,Botafogo,3,0,05/12/2010,Sandro Ricci,45.420
2010,38,Fluminense,Guarani,1,0,05/12/2010,Carlos Simon,40.905
2010,38,São Paulo,Atlético-MG,4,0,05/12/2010,Marcelo de Lima Henrique  (RJ),9.782
2010,38,Goiás,Corinthians,1,1,05/12/2010,Leandro Pedro Vuaden,28.917
2010,38,Santos,Flamengo,0,0,05/12/2010,Evandro Rogerio Roman (PR),9.086
