ano,rodada,clube_mandante,clube_visitante,gols_mandante,gols_visitante,data,juiz,publico
2019,1,São Paulo,Botafogo,2,0,27/04/2019,Caio Max Augusto Vieira,26.533
2019,1,Chapecoense,Internacional,2,0,27/04/2019,Raphael Claus,8.231
2019,1,Atlético-MG,Avaí,2,1,27/04/2019,Rodolpho Toski Marques,10.531
2019,1,Flamengo,Cruzeiro,3,1,27/04/2019,Anderson Daronco,29.459
2019,1,Grêmio,Santos,1,2,28/04/2019,Bruno Arleu de Araújo,34.291
2019,1,Bahia,Corinthians,3,2,28/04/2019,Wilton Sampaio,29.215
2019,1,Ceará,CSA,4,0,28/04/2019,Adriano Milczvski,12.550
2019,1,Athletico-PR,Vasco da Gama,4,1,28/04/2019,Luiz Flávio de Oliveira (SP),12.839
2019,1,Fluminense,Goiás,0,1,28/04/2019,Dewson Fernando Freitas da Silva,17.420
2019,1,Palmeiras,Fortaleza,4,0,28/04/2019,Braulio da Silva Machado,26.701
2019,2,CSA,Palmeiras,1,1,01/05/2019,Caio Max Augusto Vieira,15.735
2019,2,Internacional,Flamengo,2,1,01/05/2019,Flavio Rodrigues de Souza,40.588
2019,2,Corinthians,Chapecoense,1,0,01/05/2019,Ricardo Marques Ribeiro (MG),30.442
2019,2,Cruzeiro,Ceará,1,0,01/05/2019,Wagner Reway,22.677
2019,2,Avaí,Grêmio,1,1,01/05/2019,Wagner do Nascimento Magalhães,12.181
2019,2,Goiás,São Paulo,1,2,01/05/2019,Rafael Traci,29.644
2019,2,Fortaleza,Athletico-PR,2,1,01/05/2019,Marcelo de Lima Henrique  (RJ),20.578
2019,2,Vasco da Gama,Atlético-MG,1,2,01/05/2019,Raphael Claus,6.745
2019,2,Santos,Fluminense,2,1,02/05/2019,Wilton Sampaio,10.564
2019,2,Botafogo,Bahia,3,2,02/05/2019,Luiz Flávio de Oliveira (SP),7.568
2019,3,Palmeiras,Internacional,1,0,04/05/2019,Wagner do Nascimento Magalhães,31.549
2019,3,Vasco da Gama,Corinthians,1,1,04/05/2019,Rodrigo D'Alonso Ferreira,25.779
2019,3,Ceará,Atlético-MG,1,2,04/05/2019,Flavio Rodrigues de Souza,16.815
2019,3,Chapecoense,Athletico-PR,1,1,05/05/2019,Vinicius Gonçalves Dias Araujo,6.433
2019,3,CSA,Santos,0,0,05/05/2019,Rodolpho Toski Marques,10.313
2019,3,Cruzeiro,Goiás,2,1,05/05/2019,Rodrigo Carvalhaes de Miranda,19.735
2019,3,São Paulo,Flamengo,1,1,05/05/2019,Ricardo Marques Ribeiro (MG),38.749
2019,3,Botafogo,Fortaleza,1,0,05/05/2019,Wagner Reway,13.749
2019,3,Grêmio,Fluminense,4,5,05/05/2019,Raphael Claus,9.734
2019,3,Bahia,Avaí,1,0,05/05/2019,Bruno Arleu de Araújo,18.673
2019,4,Fluminense,Botafogo,0,1,11/05/2019,Marcelo Aparecido Ribeiro de Souza,24.600
2019,4,Corinthians,Grêmio,0,0,11/05/2019,Marcelo de Lima Henrique  (RJ),36.624
2019,4,Goiás,Ceará,2,1,11/05/2019,Caio Max Augusto Vieira,9.493
2019,4,Flamengo,Chapecoense,2,1,12/05/2019,Jean Pierre Goncalves Lima,61.023
2019,4,Atlético-MG,Palmeiras,0,2,12/05/2019,Anderson Daronco,24.368
2019,4,Internacional,Cruzeiro,3,1,12/05/2019,Raphael Claus,23.416
2019,4,Santos,Vasco da Gama,3,0,12/05/2019,Paulo Roberto Alves Júnior,12.952
2019,4,Athletico-PR,Bahia,1,0,12/05/2019,Savio Pereira Sampaio,11.087
2019,4,Avaí,CSA,0,0,12/05/2019,Dewson Fernando Freitas da Silva,4.852
2019,4,Fortaleza,São Paulo,0,1,12/05/2019,Wilton Sampaio,40.877
2019,5,Fluminense,Cruzeiro,4,1,18/05/2019,Luiz Flávio de Oliveira (SP),11.437
2019,5,Atlético-MG,Flamengo,2,1,18/05/2019,Paulo Roberto Alves Júnior,13.616
2019,5,Palmeiras,Santos,4,0,18/05/2019,Rafael Traci,32.501
2019,5,São Paulo,Bahia,0,0,19/05/2019,Daniel Nobre Bins,44.640
2019,5,Athletico-PR,Corinthians,0,2,19/05/2019,Wagner do Nascimento Magalhães,19.409
2019,5,Chapecoense,Fortaleza,1,3,19/05/2019,Thiago Duarte Peixoto,6.765
2019,5,Internacional,CSA,2,0,19/05/2019,Rodrigo Carvalhaes de Miranda,27.194
2019,5,Goiás,Botafogo,1,0,19/05/2019,Rodolpho Toski Marques,16.347
2019,5,Vasco da Gama,Avaí,1,1,19/05/2019,Ricardo Marques Ribeiro (MG),13.924
2019,5,Ceará,Grêmio,2,1,19/05/2019,Igor Junior Benevenuto,17.506
2019,6,Botafogo,Palmeiras,0,1,25/05/2019,Paulo Roberto Alves Júnior,33.143
2019,6,Grêmio,Atlético-MG,1,0,25/05/2019,Rafael Traci,15.540
2019,6,Santos,Internacional,0,0,26/05/2019,Rodolpho Toski Marques,12.756
2019,6,Flamengo,Athletico-PR,3,2,26/05/2019,Daniel Nobre Bins,52.667
2019,6,Cruzeiro,Chapecoense,1,2,26/05/2019,Dewson Fernando Freitas da Silva,18.039
2019,6,Fortaleza,Vasco da Gama,1,1,26/05/2019,Anderson Daronco,28.148
2019,6,Bahia,Fluminense,3,2,26/05/2019,Igor Junior Benevenuto,21.969
2019,6,Corinthians,São Paulo,1,0,26/05/2019,Flavio Rodrigues de Souza,39.670
2019,6,Avaí,Ceará,1,2,27/05/2019,Rodrigo Carvalhaes de Miranda,5.543
2019,6,CSA,Goiás,1,0,27/05/2019,Edina Alves Batista,9.168
2019,7,Flamengo,Fortaleza,2,0,01/06/2019,Rodrigo D'Alonso Ferreira,37.658
2019,7,Bahia,Grêmio,1,0,01/06/2019,Dewson Fernando Freitas da Silva,26.930
2019,7,Botafogo,Vasco da Gama,1,0,02/06/2019,Vinicius Gonçalves Dias Araujo,19.503
2019,7,Athletico-PR,Fluminense,3,0,02/06/2019,Wagner Reway,12.548
2019,7,Ceará,Santos,0,1,02/06/2019,Ricardo Marques Ribeiro (MG),50.809
2019,7,São Paulo,Cruzeiro,1,1,02/06/2019,Braulio da Silva Machado,8.517
2019,7,Chapecoense,Palmeiras,1,2,02/06/2019,Rodolpho Toski Marques,10.615
2019,7,Atlético-MG,CSA,4,0,02/06/2019,Diego Pombo Lopez,14.116
2019,7,Internacional,Avaí,2,0,02/06/2019,Rodrigo Nunes de Sá,21.596
2019,7,Corinthians,Goiás,2,0,07/08/2019,Bruno Arleu de Araújo,34.790
2019,8,Vasco da Gama,Internacional,2,1,07/06/2019,Héber Lopes,11.046
2019,8,Palmeiras,Athletico-PR,1,0,08/06/2019,Rodrigo D'Alonso Ferreira,37.086
2019,8,Cruzeiro,Corinthians,0,0,08/06/2019,Marcelo de Lima Henrique  (RJ),21.370
2019,8,Grêmio,Fortaleza,1,0,08/06/2019,Savio Pereira Sampaio,14.429
2019,8,Ceará,Bahia,0,0,08/06/2019,Thiago Duarte Peixoto,15.566
2019,8,Avaí,São Paulo,0,0,08/06/2019,Caio Max Augusto Vieira,8.084
2019,8,Fluminense,Flamengo,0,0,09/06/2019,Wagner do Nascimento Magalhães,42.726
2019,8,Santos,Atlético-MG,3,1,09/06/2019,Dewson Fernando Freitas da Silva,5.794
2019,8,CSA,Botafogo,1,2,09/06/2019,Jean Pierre Goncalves Lima,11.602
2019,8,Goiás,Chapecoense,3,1,10/06/2019,Igor Junior Benevenuto,7.756
2019,9,Botafogo,Grêmio,0,1,12/06/2019,Marcelo Aparecido Ribeiro de Souza,17.757
2019,9,Fortaleza,Cruzeiro,2,1,12/06/2019,Héber Lopes,17.099
2019,9,CSA,Flamengo,0,2,12/06/2019,Douglas Marques Flores,37.673
2019,9,Santos,Corinthians,1,0,12/06/2019,Wagner do Nascimento Magalhães,11.831
2019,9,Internacional,Bahia,3,1,12/06/2019,Paulo Roberto Alves Júnior,17.153
2019,9,Vasco da Gama,Ceará,1,0,13/06/2019,Flavio Rodrigues de Souza,19.587
2019,9,Atlético-MG,São Paulo,1,1,13/06/2019,Leandro Pedro Vuaden,19.761
2019,9,Goiás,Athletico-PR,2,1,13/06/2019,Rodrigo Carvalhaes de Miranda,10.468
2019,9,Palmeiras,Avaí,2,0,13/06/2019,Marcelo de Lima Henrique  (RJ),31.946
2019,9,Chapecoense,Fluminense,1,1,13/06/2019,Ricardo Marques Ribeiro (MG),6.257
2019,10,Grêmio,Vasco da Gama,2,1,13/07/2019,Rodolpho Toski Marques,11.281
2019,10,Fortaleza,Avaí,2,0,13/07/2019,Thiago Duarte Peixoto,24.864
2019,10,Bahia,Santos,0,1,13/07/2019,Jean Pierre Goncalves Lima,18.853
2019,10,São Paulo,Palmeiras,1,1,13/07/2019,Bruno Arleu de Araújo,38.267
2019,10,Flamengo,Goiás,6,1,14/07/2019,Caio Max Augusto Vieira,65.154
2019,10,Cruzeiro,Botafogo,0,0,14/07/2019,Leandro Pedro Vuaden,18.012
2019,10,Athletico-PR,Internacional,1,0,14/07/2019,Braulio da Silva Machado,14.063
2019,10,Corinthians,CSA,1,0,14/07/2019,Wagner Reway,34.238
2019,10,Chapecoense,Atlético-MG,1,2,14/07/2019,Marcelo Aparecido Ribeiro de Souza,2.600
2019,10,Fluminense,Ceará,1,1,15/07/2019,Douglas Marques Flores,23.484
2019,11,Vasco da Gama,Fluminense,2,1,20/07/2019,Bruno Arleu de Araújo,20.904
2019,11,Bahia,Cruzeiro,0,0,20/07/2019,Luiz Flávio de Oliveira (SP),19.040
2019,11,Ceará,Palmeiras,2,0,20/07/2019,Rodrigo D'Alonso Ferreira,32.287
2019,11,CSA,Athletico-PR,0,4,20/07/2019,Ricardo Marques Ribeiro (MG),7.845
2019,11,Internacional,Grêmio,1,1,20/07/2019,Anderson Daronco,38.201
2019,11,Botafogo,Santos,0,1,21/07/2019,Héber Lopes,16.248
2019,11,Corinthians,Flamengo,1,1,21/07/2019,Leandro Pedro Vuaden,34.737
2019,11,Atlético-MG,Fortaleza,2,2,21/07/2019,Edina Alves Batista,16.043
2019,11,Avaí,Goiás,0,0,21/07/2019,Rodolpho Toski Marques,5.447
2019,11,São Paulo,Chapecoense,4,0,22/07/2019,Savio Pereira Sampaio,35.558
2019,12,Palmeiras,Vasco da Gama,1,1,27/07/2019,Ricardo Marques Ribeiro (MG),37.754
2019,12,Fluminense,São Paulo,1,2,27/07/2019,Anderson Daronco,21.741
2019,12,Internacional,Ceará,1,0,27/07/2019,Marcelo de Lima Henrique  (RJ),12.536
2019,12,Cruzeiro,Athletico-PR,0,2,27/07/2019,Rodrigo Carvalhaes de Miranda,20.869
2019,12,Chapecoense,Bahia,0,0,28/07/2019,Dewson Fernando Freitas da Silva,5.780
2019,12,Santos,Avaí,3,1,28/07/2019,Wagner Reway,12.787
2019,12,Flamengo,Botafogo,3,2,28/07/2019,Raphael Claus,45.622
2019,12,Fortaleza,Corinthians,1,3,28/07/2019,Wilton Sampaio,41.546
2019,12,Goiás,Atlético-MG,0,0,28/07/2019,Luiz Flávio de Oliveira (SP),10.439
2019,12,CSA,Grêmio,0,0,29/07/2019,Caio Max Augusto Vieira,11.918
2019,13,Fluminense,Internacional,2,1,03/08/2019,Rodolpho Toski Marques,16.485
2019,13,Ceará,Fortaleza,2,1,03/08/2019,Héber Lopes,38.421
2019,13,Santos,Goiás,6,1,04/08/2019,Rafael Traci,13.462
2019,13,Bahia,Flamengo,3,0,04/08/2019,Flavio Rodrigues de Souza,43.642
2019,13,Avaí,Botafogo,0,2,04/08/2019,Vinicius Furlan,7.140
2019,13,Corinthians,Palmeiras,1,1,04/08/2019,Anderson Daronco,43.045
2019,13,Atlético-MG,Cruzeiro,2,0,04/08/2019,Leandro Pedro Vuaden,13.181
2019,13,Vasco da Gama,CSA,0,0,04/08/2019,Marielson Alves Silva,9.631
2019,13,Grêmio,Chapecoense,3,3,05/08/2019,Felipe Fernandes,15.171
2019,13,Athletico-PR,São Paulo,0,1,21/08/2019,Daniel Nobre Bins,21.526
2019,14,São Paulo,Santos,3,2,10/08/2019,Raphael Claus,47.277
2019,14,Ceará,Chapecoense,4,1,10/08/2019,Rodrigo Carvalhaes de Miranda,21.428
2019,14,Flamengo,Grêmio,3,1,10/08/2019,Braulio da Silva Machado,57.644
2019,14,Atlético-MG,Fluminense,2,1,10/08/2019,Wilton Sampaio,19.081
2019,14,Internacional,Corinthians,0,0,11/08/2019,Caio Max Augusto Vieira,36.166
2019,14,Botafogo,Athletico-PR,2,1,11/08/2019,Douglas Marques Flores,7.992
2019,14,Palmeiras,Bahia,2,2,11/08/2019,Igor Junior Benevenuto,34.275
2019,14,Avaí,Cruzeiro,2,2,11/08/2019,Marielson Alves Silva,4.921
2019,14,Goiás,Vasco da Gama,0,1,11/08/2019,Jean Pierre Goncalves Lima,14.529
2019,14,CSA,Fortaleza,0,2,12/08/2019,Gilberto Rodrigues Castro Junior,9.924
2019,15,Corinthians,Botafogo,2,0,17/08/2019,Rafael Traci,39.122
2019,15,Fortaleza,Internacional,0,1,17/08/2019,Braulio da Silva Machado,38.519
2019,15,Bahia,Goiás,1,1,17/08/2019,Raphael Claus,28.866
2019,15,Vasco da Gama,Flamengo,1,4,17/08/2019,Leandro Pedro Vuaden,65.418
2019,15,Athletico-PR,Atlético-MG,1,0,17/08/2019,Dewson Fernando Freitas da Silva,15.644
2019,15,Grêmio,Palmeiras,1,1,17/08/2019,Wagner do Nascimento Magalhães,14.777
2019,15,Fluminense,CSA,0,1,18/08/2019,Wagner Reway,25.049
2019,15,São Paulo,Ceará,1,0,18/08/2019,Gilberto Rodrigues Castro Junior,47.775
2019,15,Cruzeiro,Santos,2,0,18/08/2019,Anderson Daronco,36.975
2019,15,Chapecoense,Avaí,1,0,18/08/2019,Luiz Flávio de Oliveira (SP),7.027
2019,16,Atlético-MG,Bahia,0,1,24/08/2019,Rodolpho Toski Marques,22.401
2019,16,Grêmio,Athletico-PR,2,1,24/08/2019,Bruno Arleu de Araújo,12.748
2019,16,Santos,Fortaleza,3,3,25/08/2019,Rodrigo D'Alonso Ferreira,12.515
2019,16,Goiás,Internacional,2,1,25/08/2019,Marielson Alves Silva,8.634
2019,16,Vasco da Gama,São Paulo,2,0,25/08/2019,Anderson Daronco,20.404
2019,16,Avaí,Corinthians,1,1,25/08/2019,Ricardo Marques Ribeiro (MG),9.753
2019,16,Ceará,Flamengo,0,3,25/08/2019,Wilton Sampaio,49.986
2019,16,CSA,Cruzeiro,1,1,25/08/2019,Marcelo de Lima Henrique  (RJ),8.715
2019,16,Botafogo,Chapecoense,0,0,26/08/2019,Edina Alves Batista,8.241
2019,16,Palmeiras,Fluminense,3,0,10/09/2019,Anderson Daronco,27.956
2019,17,São Paulo,Grêmio,0,0,31/08/2019,Caio Max Augusto Vieira,46.997
2019,17,Bahia,CSA,1,0,31/08/2019,Vinicius Gomes,32.483
2019,17,Chapecoense,Santos,0,1,31/08/2019,Bruno Arleu de Araújo,9.053
2019,17,Athletico-PR,Ceará,1,0,31/08/2019,Leandro Pedro Vuaden,10.075
2019,17,Internacional,Botafogo,3,2,31/08/2019,Dewson Fernando Freitas da Silva,9.652
2019,17,Fortaleza,Goiás,2,0,01/09/2019,Felipe Fernandes,32.643
2019,17,Flamengo,Palmeiras,3,0,01/09/2019,Rafael Traci,65.969
2019,17,Corinthians,Atlético-MG,1,0,01/09/2019,Wilton Sampaio,32.205
2019,17,Cruzeiro,Vasco da Gama,1,0,01/09/2019,Héber Lopes,26.052
2019,17,Fluminense,Avaí,0,1,02/09/2019,Raphael Claus,16.811
2019,18,Corinthians,Ceará,2,2,07/09/2019,Paulo Roberto Alves Júnior,43.449
2019,18,Vasco da Gama,Bahia,0,2,07/09/2019,Caio Max Augusto Vieira,20.282
2019,18,Avaí,Flamengo,0,3,07/09/2019,Edina Alves Batista,47.575
2019,18,Fortaleza,Fluminense,0,1,07/09/2019,Wilton Sampaio,35.474
2019,18,Internacional,São Paulo,1,0,07/09/2019,Marcelo de Lima Henrique  (RJ),16.048
2019,18,Goiás,Palmeiras,1,2,07/09/2019,Wagner Reway,17.115
2019,18,Cruzeiro,Grêmio,1,4,08/09/2019,Rafael Traci,14.208
2019,18,Santos,Athletico-PR,1,1,08/09/2019,Rodrigo Carvalhaes de Miranda,12.569
2019,18,Botafogo,Atlético-MG,2,1,08/09/2019,Braulio da Silva Machado,12.098
2019,18,CSA,Chapecoense,2,0,08/09/2019,Vinicius Gonçalves Dias Araujo,9.311
2019,19,Flamengo,Santos,1,0,14/09/2019,Braulio da Silva Machado,68.243
2019,19,Chapecoense,Vasco da Gama,1,2,14/09/2019,Flavio Rodrigues de Souza,8.808
2019,19,Palmeiras,Cruzeiro,1,0,14/09/2019,Rodolpho Toski Marques,35.578
2019,19,Ceará,Botafogo,0,0,14/09/2019,Luiz Flávio de Oliveira (SP),20.906
2019,19,Athletico-PR,Avaí,0,1,15/09/2019,Felipe Fernandes,13.784
2019,19,Atlético-MG,Internacional,1,3,15/09/2019,Bruno Arleu de Araújo,18.966
2019,19,Fluminense,Corinthians,1,0,15/09/2019,Jean Pierre Goncalves Lima,15.733
2019,19,Grêmio,Goiás,3,0,15/09/2019,Savio Pereira Sampaio,41.733
2019,19,Bahia,Fortaleza,1,1,15/09/2019,Wagner do Nascimento Magalhães,38.977
2019,19,São Paulo,CSA,1,1,15/09/2019,Héber Lopes,29.779
2019,20,Botafogo,São Paulo,1,2,21/09/2019,Jean Pierre Goncalves Lima,18.471
2019,20,Cruzeiro,Flamengo,1,2,21/09/2019,Raphael Claus,40.333
2019,20,Corinthians,Bahia,2,1,21/09/2019,Dewson Fernando Freitas da Silva,29.811
2019,20,Santos,Grêmio,0,3,21/09/2019,Paulo Roberto Alves Júnior,10.898
2019,20,Internacional,Chapecoense,1,0,22/09/2019,Diego Pombo Lopez,24.362
2019,20,Vasco da Gama,Athletico-PR,1,1,22/09/2019,Anderson Daronco,17.427
2019,20,CSA,Ceará,1,0,22/09/2019,Ricardo Marques Ribeiro (MG),10.566
2019,20,Fortaleza,Palmeiras,0,1,22/09/2019,Marcelo de Lima Henrique  (RJ),35.514
2019,20,Goiás,Fluminense,3,0,22/09/2019,Rafael Traci,6.806
2019,20,Avaí,Atlético-MG,1,0,23/09/2019,Caio Max Augusto Vieira,7.463
2019,21,Ceará,Cruzeiro,0,0,25/09/2019,Braulio da Silva Machado,18.595
2019,21,Flamengo,Internacional,3,1,25/09/2019,Luiz Flávio de Oliveira (SP),64.548
2019,21,São Paulo,Goiás,0,1,25/09/2019,Bruno Arleu de Araújo,12.505
2019,21,Bahia,Botafogo,2,0,25/09/2019,Flavio Rodrigues de Souza,19.769
2019,21,Palmeiras,CSA,6,2,26/09/2019,Diego Pombo Lopez,21.537
2019,21,Grêmio,Avaí,6,1,26/09/2019,Rodolpho Toski Marques,16.910
2019,21,Fluminense,Santos,1,1,26/09/2019,Wilton Sampaio,11.032
2019,21,Athletico-PR,Fortaleza,4,1,26/09/2019,Vinicius Gomes,12.970
2019,21,Atlético-MG,Vasco da Gama,1,2,02/10/2019,Héber Lopes,10.485
2019,21,Chapecoense,Corinthians,0,1,02/10/2019,Daniel Nobre Bins,5.036
2019,22,Flamengo,São Paulo,0,0,28/09/2019,Rafael Traci,67.051
2019,22,Corinthians,Vasco da Gama,1,0,29/09/2019,Ricardo Marques Ribeiro (MG),37.360
2019,22,Fluminense,Grêmio,2,1,29/09/2019,Caio Max Augusto Vieira,17.991
2019,22,Santos,CSA,2,0,29/09/2019,Wagner do Nascimento Magalhães,6.615
2019,22,Internacional,Palmeiras,1,1,29/09/2019,Braulio da Silva Machado,23.114
2019,22,Atlético-MG,Ceará,2,1,29/09/2019,Paulo Roberto Alves Júnior,6.131
2019,22,Athletico-PR,Chapecoense,1,1,29/09/2019,Thiago Duarte Peixoto,13.669
2019,22,Fortaleza,Botafogo,1,0,30/09/2019,André Luiz de Freitas Castro,24.142
2019,22,Avaí,Bahia,0,2,30/09/2019,Jean Pierre Goncalves Lima,7.052
2019,22,Goiás,Cruzeiro,1,0,30/09/2019,Gilberto Rodrigues Castro Junior,20.884
2019,23,São Paulo,Fortaleza,2,1,05/10/2019,Diego Pombo Lopez,34.962
2019,23,Vasco da Gama,Santos,0,1,05/10/2019,Savio Pereira Sampaio,17.083
2019,23,Grêmio,Corinthians,0,0,05/10/2019,Bruno Arleu de Araújo,16.542
2019,23,Bahia,Athletico-PR,1,2,05/10/2019,Raphael Claus,38.571
2019,23,Cruzeiro,Internacional,1,1,05/10/2019,Wagner do Nascimento Magalhães,22.561
2019,23,Chapecoense,Flamengo,0,1,06/10/2019,Vinicius Gonçalves Dias Araujo,12.152
2019,23,Botafogo,Fluminense,0,1,06/10/2019,Rodolpho Toski Marques,12.404
2019,23,Ceará,Goiás,0,1,06/10/2019,Jose Mendonça,18.054
2019,23,Palmeiras,Atlético-MG,1,1,06/10/2019,Rafael Traci,32.659
2019,23,CSA,Avaí,3,1,06/10/2019,Anderson Daronco,8.346
2019,24,Botafogo,Goiás,3,1,09/10/2019,Rodrigo D'Alonso Ferreira,5.574
2019,24,CSA,Internacional,1,0,09/10/2019,Vinicius Furlan,9.927
2019,24,Fortaleza,Chapecoense,2,0,09/10/2019,Rodrigo Carvalhaes de Miranda,25.425
2019,24,Grêmio,Ceará,2,1,09/10/2019,Edina Alves Batista,7.193
2019,24,Bahia,São Paulo,0,0,09/10/2019,Braulio da Silva Machado,32.021
2019,24,Santos,Palmeiras,2,0,09/10/2019,Flavio Rodrigues de Souza,11.408
2019,24,Cruzeiro,Fluminense,0,0,09/10/2019,Jean Pierre Goncalves Lima,38.133
2019,24,Corinthians,Athletico-PR,2,2,10/10/2019,André Luiz de Freitas Castro,22.964
2019,24,Avaí,Vasco da Gama,0,0,10/10/2019,Paulo Roberto Alves Júnior,7.401
2019,24,Flamengo,Atlético-MG,3,1,10/10/2019,Wilton Sampaio,63.385
2019,25,Goiás,CSA,1,0,12/10/2019,Felipe Fernandes,7.420
2019,25,Fluminense,Bahia,2,0,12/10/2019,Héber Lopes,17.637
2019,25,Palmeiras,Botafogo,1,0,12/10/2019,Anderson Daronco,19.028
2019,25,Ceará,Avaí,1,0,13/10/2019,Marcelo de Lima Henrique  (RJ),16.892
2019,25,Internacional,Santos,0,0,13/10/2019,Bruno Arleu de Araújo,13.572
2019,25,Vasco da Gama,Fortaleza,1,0,13/10/2019,Daniel Nobre Bins,12.285
2019,25,Athletico-PR,Flamengo,0,2,13/10/2019,Braulio da Silva Machado,25.473
2019,25,São Paulo,Corinthians,1,0,13/10/2019,Raphael Claus,37.561
2019,25,Chapecoense,Cruzeiro,1,1,13/10/2019,Caio Max Augusto Vieira,4.399
2019,25,Atlético-MG,Grêmio,1,4,13/10/2019,Luiz Flávio de Oliveira (SP),12.974
2019,26,Grêmio,Bahia,0,1,16/10/2019,Rodolpho Toski Marques,13.614
2019,26,CSA,Atlético-MG,2,2,16/10/2019,Savio Pereira Sampaio,13.075
2019,26,Fortaleza,Flamengo,1,2,16/10/2019,Paulo Roberto Alves Júnior,50.101
2019,26,Cruzeiro,São Paulo,1,0,16/10/2019,Wilton Sampaio,30.969
2019,26,Palmeiras,Chapecoense,1,0,16/10/2019,Vinicius Gomes,22.738
2019,26,Goiás,Corinthians,2,2,16/10/2019,Wagner do Nascimento Magalhães,17.577
2019,26,Vasco da Gama,Botafogo,2,1,16/10/2019,Flavio Rodrigues de Souza,16.604
2019,26,Avaí,Internacional,0,2,17/10/2019,Thiago Duarte Peixoto,6.377
2019,26,Santos,Ceará,2,1,17/10/2019,Rafael Traci,7.804
2019,26,Fluminense,Athletico-PR,1,2,17/10/2019,Rodrigo D'Alonso Ferreira,16.109
2019,27,Fortaleza,Grêmio,2,1,19/10/2019,André Luiz de Freitas Castro,26.801
2019,27,Corinthians,Cruzeiro,1,2,19/10/2019,Bruno Arleu de Araújo,31.882
2019,27,Atlético-MG,Santos,2,0,20/10/2019,Caio Max Augusto Vieira,21.771
2019,27,Internacional,Vasco da Gama,0,1,20/10/2019,Vinicius Gonçalves Dias Araujo,21.273
2019,27,São Paulo,Avaí,1,0,20/10/2019,Dewson Fernando Freitas da Silva,20.763
2019,27,Flamengo,Fluminense,2,0,20/10/2019,Anderson Daronco,52.279
2019,27,Chapecoense,Goiás,2,2,20/10/2019,Gilberto Rodrigues Castro Junior,4.042
2019,27,Athletico-PR,Palmeiras,1,1,20/10/2019,Ricardo Marques Ribeiro (MG),18.732
2019,27,Bahia,Ceará,1,2,21/10/2019,Luiz Flávio de Oliveira (SP),28.830
2019,27,Botafogo,CSA,2,1,21/10/2019,Leandro Pedro Vuaden,18.199
2019,28,Corinthians,Santos,0,0,26/10/2019,Luiz Flávio de Oliveira (SP),32.416
2019,28,Ceará,Vasco da Gama,1,1,26/10/2019,Jean Pierre Goncalves Lima,35.178
2019,28,Bahia,Internacional,2,3,26/10/2019,Marcelo de Lima Henrique  (RJ),27.542
2019,28,Fluminense,Chapecoense,1,1,26/10/2019,Savio Pereira Sampaio,18.751
2019,28,Cruzeiro,Fortaleza,1,1,26/10/2019,Raphael Claus,32.268
2019,28,Athletico-PR,Goiás,4,1,27/10/2019,Flavio Rodrigues de Souza,11.819
2019,28,Grêmio,Botafogo,3,0,27/10/2019,Rafael Traci,9.786
2019,28,São Paulo,Atlético-MG,2,0,27/10/2019,Bruno Arleu de Araújo,18.815
2019,28,Avaí,Palmeiras,1,2,27/10/2019,Wilton Sampaio,8.815
2019,28,Flamengo,CSA,1,0,27/10/2019,Rodolpho Toski Marques,69.846
2019,29,Atlético-MG,Chapecoense,0,2,30/10/2019,Diego Pombo Lopez,19.058
2019,29,Palmeiras,São Paulo,3,0,30/10/2019,Raphael Claus,29.481
2019,29,Avaí,Fortaleza,1,3,30/10/2019,Marcelo Aparecido Ribeiro de Souza,2.949
2019,29,Ceará,Fluminense,2,0,30/10/2019,Leandro Pedro Vuaden,19.660
2019,29,CSA,Corinthians,2,1,30/10/2019,Rafael Traci,15.428
2019,29,Vasco da Gama,Grêmio,1,3,30/10/2019,Wilton Sampaio,15.254
2019,29,Santos,Bahia,1,0,31/10/2019,Wagner do Nascimento Magalhães,5.634
2019,29,Goiás,Flamengo,2,2,31/10/2019,Ricardo Marques Ribeiro (MG),38.345
2019,29,Internacional,Athletico-PR,1,1,31/10/2019,André Luiz de Freitas Castro,20.900
2019,29,Botafogo,Cruzeiro,0,2,31/10/2019,Caio Max Augusto Vieira,22.412
2019,30,Fortaleza,Atlético-MG,2,2,02/11/2019,Rodolpho Toski Marques,31.503
2019,30,Palmeiras,Ceará,1,0,02/11/2019,Felipe Fernandes,29.019
2019,30,Fluminense,Vasco da Gama,0,0,02/11/2019,Raphael Claus,16.056
2019,30,Chapecoense,São Paulo,0,3,02/11/2019,Anderson Daronco,9.533
2019,30,Flamengo,Corinthians,4,1,03/11/2019,Jean Pierre Goncalves Lima,64.985
2019,30,Grêmio,Internacional,2,0,03/11/2019,Flavio Rodrigues de Souza,44.376
2019,30,Athletico-PR,CSA,1,0,03/11/2019,Savio Pereira Sampaio,12.933
2019,30,Cruzeiro,Bahia,1,1,03/11/2019,Wagner Reway,25.913
2019,30,Santos,Botafogo,4,1,03/11/2019,Rodrigo D'Alonso Ferreira,7.525
2019,30,Goiás,Avaí,2,0,03/11/2019,Vinicius Gonçalves Dias Araujo,10.006
2019,31,Athletico-PR,Cruzeiro,0,0,05/11/2019,Luiz Flávio de Oliveira (SP),13.047
2019,31,Bahia,Chapecoense,1,1,05/11/2019,Vinicius Furlan,16.836
2019,31,Avaí,Santos,1,2,05/11/2019,Marcelo de Lima Henrique  (RJ),4.820
2019,31,Vasco da Gama,Palmeiras,1,2,05/11/2019,Rafael Traci,8.492
2019,31,Corinthians,Fortaleza,3,2,06/11/2019,Caio Max Augusto Vieira,22.453
2019,31,Atlético-MG,Goiás,2,0,06/11/2019,Thiago Duarte Peixoto,38.937
2019,31,São Paulo,Fluminense,0,2,06/11/2019,Daniel Nobre Bins,17.650
2019,31,Botafogo,Flamengo,0,1,06/11/2019,Leandro Pedro Vuaden,23.092
2019,31,Grêmio,CSA,2,1,06/11/2019,Jose Mendonça,13.244
2019,31,Ceará,Internacional,2,0,06/11/2019,Wilton Sampaio,20.513
2019,32,Goiás,Santos,0,3,08/11/2019,Bruno Arleu de Araújo,13.226
2019,32,Palmeiras,Corinthians,1,1,08/11/2019,Vinicius Gonçalves Dias Araujo,36.290
2019,32,Fortaleza,Ceará,1,0,09/11/2019,Flavio Rodrigues de Souza,46.093
2019,32,São Paulo,Athletico-PR,0,1,09/11/2019,Wagner do Nascimento Magalhães,13.795
2019,32,CSA,Vasco da Gama,0,3,09/11/2019,Rodrigo D'Alonso Ferreira,14.690
2019,32,Flamengo,Bahia,3,1,09/11/2019,Caio Max Augusto Vieira,65.930
2019,32,Internacional,Fluminense,2,1,09/11/2019,Rodolpho Toski Marques,13.251
2019,32,Chapecoense,Grêmio,0,1,09/11/2019,Marcelo de Lima Henrique  (RJ),13.335
2019,32,Cruzeiro,Atlético-MG,0,0,09/11/2019,Jean Pierre Goncalves Lima,43.205
2019,32,Botafogo,Avaí,2,0,10/11/2019,Savio Pereira Sampaio,19.075
2019,33,Santos,São Paulo,1,1,16/11/2019,Flavio Rodrigues de Souza,14.062
2019,33,Fluminense,Atlético-MG,1,1,16/11/2019,Leandro Pedro Vuaden,24.405
2019,33,Corinthians,Internacional,0,0,16/11/2019,Marcelo de Lima Henrique  (RJ),29.423
2019,33,Athletico-PR,Botafogo,1,0,16/11/2019,Braulio da Silva Machado,18.091
2019,33,Chapecoense,Ceará,1,0,16/11/2019,Rodolpho Toski Marques,3.431
2019,33,Bahia,Palmeiras,1,1,16/11/2019,Bruno Arleu de Araújo,23.194
2019,33,Grêmio,Flamengo,0,1,16/11/2019,Raphael Claus,30.980
2019,33,Fortaleza,CSA,3,0,16/11/2019,Anderson Daronco,34.231
2019,33,Vasco da Gama,Goiás,1,1,17/11/2019,Paulo Roberto Alves Júnior,18.620
2019,33,Cruzeiro,Avaí,0,0,17/11/2019,Diego Pombo Lopez,21.217
2019,34,Flamengo,Vasco da Gama,4,4,13/11/2019,Wilton Sampaio,52.757
2019,34,Santos,Cruzeiro,4,1,23/11/2019,Leandro Pedro Vuaden,7.905
2019,34,Atlético-MG,Athletico-PR,0,1,24/11/2019,Edina Alves Batista,34.432
2019,34,Palmeiras,Grêmio,1,2,24/11/2019,Wilton Sampaio,22.767
2019,34,Goiás,Bahia,4,3,24/11/2019,Ricardo Marques Ribeiro (MG),10.259
2019,34,Botafogo,Corinthians,1,0,24/11/2019,André Luiz de Freitas Castro,22.548
2019,34,Avaí,Chapecoense,0,1,24/11/2019,Raphael Claus,2.316
2019,34,Internacional,Fortaleza,2,2,24/11/2019,Jose Mendonça,28.684
2019,34,Ceará,São Paulo,1,1,24/11/2019,Rafael Traci,29.001
2019,34,CSA,Fluminense,0,1,24/11/2019,Luiz Flávio de Oliveira (SP),8.916
2019,35,Athletico-PR,Grêmio,2,0,26/11/2019,Bruno Arleu de Araújo,21.709
2019,35,Chapecoense,Botafogo,0,1,26/11/2019,Anderson Daronco,3.582
2019,35,Corinthians,Avaí,3,0,26/11/2019,Wagner do Nascimento Magalhães,17.441
2019,35,Internacional,Goiás,1,2,26/11/2019,Caio Max Augusto Vieira,21.302
2019,35,Flamengo,Ceará,4,1,26/11/2019,Paulo Roberto Alves Júnior,67.539
2019,35,Bahia,Atlético-MG,1,1,26/11/2019,Thiago Duarte Peixoto,13.126
2019,35,Fortaleza,Santos,2,1,27/11/2019,Diego Pombo Lopez,33.925
2019,35,Fluminense,Palmeiras,1,0,27/11/2019,Leandro Pedro Vuaden,30.947
2019,35,São Paulo,Vasco da Gama,1,0,27/11/2019,Savio Pereira Sampaio,11.970
2019,35,Cruzeiro,CSA,0,1,27/11/2019,Vinicius Gonçalves Dias Araujo,34.290
2019,36,Botafogo,Internacional,0,1,29/11/2019,Rodolpho Toski Marques,30.596
2019,36,Ceará,Athletico-PR,1,1,29/11/2019,Marcelo Aparecido Ribeiro de Souza,24.262
2019,36,Grêmio,São Paulo,3,0,30/11/2019,Marcelo de Lima Henrique  (RJ),24.464
2019,36,Goiás,Fortaleza,1,2,30/11/2019,Dewson Fernando Freitas da Silva,27.781
2019,36,Santos,Chapecoense,2,0,30/11/2019,Marielson Alves Silva,6.961
2019,36,CSA,Bahia,1,2,30/11/2019,Vinicius Furlan,7.371
2019,36,Avaí,Fluminense,1,1,30/11/2019,Daniel Nobre Bins,3.237
2019,36,Atlético-MG,Corinthians,2,1,30/11/2019,Paulo Roberto Alves Júnior,18.062
2019,36,Palmeiras,Flamengo,1,3,30/11/2019,Ricardo Marques Ribeiro (MG),22.219
2019,36,Vasco da Gama,Cruzeiro,1,0,01/12/2019,Wilton Sampaio,19.796
2019,37,Chapecoense,CSA,3,0,03/12/2019,Alexandre Vargas Tavares,2.411
2019,37,Athletico-PR,Santos,1,0,03/12/2019,Anderson Daronco,31.988
2019,37,São Paulo,Internacional,2,1,03/12/2019,Braulio da Silva Machado,30.822
2019,37,Atlético-MG,Botafogo,2,0,03/12/2019,Leandro Pedro Vuaden,27.924
2019,37,Fluminense,Fortaleza,0,0,03/12/2019,Raphael Claus,39.965
2019,37,Ceará,Corinthians,0,1,03/12/2019,Rafael Traci,49.200
2019,37,Palmeiras,Goiás,5,1,04/12/2019,Bruno Arleu de Araújo,7.229
2019,37,Bahia,Vasco da Gama,1,1,04/12/2019,Felipe Fernandes,25.148
2019,37,Grêmio,Cruzeiro,2,0,04/12/2019,André Luiz de Freitas Castro,18.306
2019,37,Flamengo,Avaí,6,1,04/12/2019,Jefferson Ferreira Moraes,69.090
2019,38,Internacional,Atlético-MG,2,1,08/12/2019,Savio Pereira Sampaio,18.616
2019,38,Avaí,Athletico-PR,0,0,08/12/2019,Dyorgines Jose Padovani,2.445
2019,38,Santos,Flamengo,4,0,08/12/2019,Paulo Roberto Alves Júnior,13.310
2019,38,Cruzeiro,Palmeiras,0,2,08/12/2019,Marcelo de Lima Henrique  (RJ),27.229
2019,38,Goiás,Grêmio,3,2,08/12/2019,Ricardo Marques Ribeiro (MG),7.456
2019,38,Vasco da Gama,Chapecoense,1,1,08/12/2019,Pablo Ramón Goncalves Pinheiro,67.395
2019,38,Fortaleza,Bahia,2,1,08/12/2019,Wagner do Nascimento Magalhães,52.552
2019,38,CSA,São Paulo,1,2,08/12/2019,Alisson Sidnei Furtado,9.498
2019,38,Botafogo,Ceará,1,1,08/12/2019,Luiz Flávio de Oliveira (SP),25.900
2019,38,Corinthians,Fluminense,1,2,08/12/2019,Rodrigo D'Alonso Ferreira,36.316
