ano,rodada,clube_mandante,clube_visitante,gols_mandante,gols_visitante,data,juiz,publico
2017,1,Flamengo,Atlético-MG,1,1,13/05/2017,Jailson Macedo Freitas (BA),50.220
2017,1,Corinthians,Chapecoense,1,1,13/05/2017,Elmo Alves Resende Cunha (GO),31.470
2017,1,Fluminense,Santos,3,2,14/05/2017,Wagner Reway,11.835
2017,1,Avaí,Vitória,0,0,14/05/2017,Felipe Gomes da Silva,4.798
2017,1,Palmeiras,Vasco da Gama,4,0,14/05/2017,Rodolpho Toski Marques,33.425
2017,1,Cruzeiro,São Paulo,1,0,14/05/2017,Marcelo de Lima Henrique  (RJ),6.528
2017,1,Bahia,Atlético-PR,6,2,14/05/2017,Flavio Rodrigues de Souza,8.127
2017,1,Ponte Preta,Sport,4,0,14/05/2017,Marcos Mateus Pereira,3.104
2017,1,Grêmio,Botafogo,2,0,14/05/2017,Braulio da Silva Machado,20.289
2017,1,Coritiba,Atlético-GO,4,1,15/05/2017,Luis Cesar de Oliveira Magalhães,11.173
2017,2,Santos,Coritiba,1,0,20/05/2017,Wagner do Nascimento Magalhães,5.921
2017,2,Chapecoense,Palmeiras,1,0,20/05/2017,André Luiz de Freitas Castro,10.323
2017,2,Atlético-GO,Flamengo,0,3,20/05/2017,Igor Junior Benevenuto,10.144
2017,2,Vasco da Gama,Bahia,2,1,21/05/2017,Leandro Bizzio Marinho,19.030
2017,2,Atlético-PR,Grêmio,0,2,21/05/2017,Marcelo Aparecido Ribeiro de Souza,17.244
2017,2,Vitória,Corinthians,0,1,21/05/2017,Péricles Bassols Pegado Cortez (RJ),16.515
2017,2,Atlético-MG,Fluminense,1,2,21/05/2017,Jean Pierre Goncalves Lima,16.145
2017,2,Botafogo,Ponte Preta,2,0,21/05/2017,Rafael Traci,9.160
2017,2,Sport,Cruzeiro,1,1,21/05/2017,João Batista de Arruda,3.484
2017,2,São Paulo,Avaí,2,0,22/05/2017,Caio Max Augusto Vieira,12.427
2017,3,Vasco da Gama,Fluminense,3,2,27/05/2017,Raphael Claus,19.082
2017,3,São Paulo,Palmeiras,2,0,27/05/2017,Anderson Daronco,33.288
2017,3,Vitória,Coritiba,0,1,27/05/2017,Vinicius Gonçalves Dias Araujo,7.619
2017,3,Atlético-MG,Ponte Preta,2,2,28/05/2017,Wagner do Nascimento Magalhães,19.553
2017,3,Santos,Cruzeiro,0,1,28/05/2017,Eduardo Tomaz de Aquino Valadão,7.025
2017,3,Atlético-PR,Flamengo,1,1,28/05/2017,Braulio da Silva Machado,19.923
2017,3,Atlético-GO,Corinthians,0,1,28/05/2017,Paulo Henrique Schleinch Vollkopf,13.712
2017,3,Sport,Grêmio,4,3,28/05/2017,Jailson Macedo Freitas (BA),3.441
2017,3,Botafogo,Bahia,1,0,28/05/2017,Rodolpho Toski Marques,7.886
2017,3,Chapecoense,Avaí,2,0,29/05/2017,Marcelo de Lima Henrique  (RJ),6.188
2017,4,Coritiba,Atlético-PR,1,0,03/06/2017,Raphael Claus,15.442
2017,4,Fluminense,Vitória,2,1,03/06/2017,Ricardo Marques Ribeiro (MG),13.801
2017,4,Corinthians,Santos,2,0,03/06/2017,Anderson Daronco,40.169
2017,4,Flamengo,Botafogo,0,0,04/06/2017,Dewson Fernando Freitas da Silva,10.577
2017,4,Avaí,Sport,1,0,04/06/2017,Wagner Reway,4.646
2017,4,Grêmio,Vasco da Gama,2,0,04/06/2017,Sandro Ricci,22.579
2017,4,Ponte Preta,São Paulo,1,0,04/06/2017,Rodolpho Toski Marques,5.711
2017,4,Palmeiras,Atlético-MG,0,0,04/06/2017,Marcelo de Lima Henrique  (RJ),34.240
2017,4,Cruzeiro,Chapecoense,0,2,04/06/2017,Claudio Francisco Lima e Silva,16.591
2017,4,Bahia,Atlético-GO,3,0,05/06/2017,Rodrigo Batista Raposo,13.364
2017,5,Fluminense,Atlético-PR,1,1,06/06/2017,Igor Junior Benevenuto,13.029
2017,5,Atlético-MG,Avaí,1,0,07/06/2017,Bruno Arleu de Araújo,12.648
2017,5,Coritiba,Palmeiras,1,0,07/06/2017,Braulio da Silva Machado,17.784
2017,5,Santos,Botafogo,1,0,07/06/2017,Jailson Macedo Freitas (BA),14.486
2017,5,Sport,Flamengo,2,0,07/06/2017,Anderson Daronco,12.617
2017,5,Vasco da Gama,Corinthians,2,5,07/06/2017,Wagner Reway,16.288
2017,5,São Paulo,Vitória,2,0,08/06/2017,Rafael Traci,12.536
2017,5,Atlético-GO,Ponte Preta,3,0,08/06/2017,Péricles Bassols Pegado Cortez (RJ),1.818
2017,5,Chapecoense,Grêmio,3,6,08/06/2017,Rodolpho Toski Marques,14.403
2017,5,Bahia,Cruzeiro,1,0,08/06/2017,Wagner do Nascimento Magalhães,18.917
2017,6,Palmeiras,Fluminense,3,1,10/06/2017,André Luiz de Freitas Castro,33.066
2017,6,Vasco da Gama,Sport,2,1,10/06/2017,Caio Max Augusto Vieira,10.273
2017,6,Botafogo,Coritiba,2,2,11/06/2017,Flavio Rodrigues de Souza,17.537
2017,6,Vitória,Atlético-MG,2,0,11/06/2017,Raphael Claus,6.812
2017,6,Ponte Preta,Chapecoense,3,2,11/06/2017,Dewson Fernando Freitas da Silva,4.105
2017,6,Avaí,Flamengo,1,1,11/06/2017,Paulo Henrique Schleinch Vollkopf,13.446
2017,6,Corinthians,São Paulo,3,2,11/06/2017,Ricardo Marques Ribeiro (MG),42.443
2017,6,Cruzeiro,Atlético-GO,2,0,11/06/2017,João Batista de Arruda,7.263
2017,6,Atlético-PR,Santos,0,2,11/06/2017,Marcelo de Lima Henrique  (RJ),20.493
2017,6,Grêmio,Bahia,1,0,12/06/2017,Eduardo Tomaz de Aquino Valadão,22.103
2017,7,Atlético-GO,Avaí,3,1,14/06/2017,Leandro Bizzio Marinho,2.572
2017,7,Atlético-MG,Atlético-PR,0,1,14/06/2017,Péricles Bassols Pegado Cortez (RJ),10.924
2017,7,Sport,São Paulo,0,0,14/06/2017,Héber Lopes,11.904
2017,7,Vitória,Botafogo,2,2,14/06/2017,Anderson Daronco,8.877
2017,7,Flamengo,Ponte Preta,2,0,14/06/2017,Ricardo Marques Ribeiro (MG),13.981
2017,7,Corinthians,Cruzeiro,1,0,14/06/2017,Leandro Pedro Vuaden,30.465
2017,7,Chapecoense,Vasco da Gama,2,1,14/06/2017,Jailson Macedo Freitas (BA),10.033
2017,7,Santos,Palmeiras,1,0,14/06/2017,Wilton Sampaio,10.143
2017,7,Coritiba,Bahia,0,0,15/06/2017,Wagner Reway,19.534
2017,7,Fluminense,Grêmio,0,2,15/06/2017,Elmo Alves Resende Cunha (GO),10.273
2017,8,Atlético-GO,Atlético-PR,0,1,17/06/2017,Bruno Arleu de Araújo,4.420
2017,8,Vasco da Gama,Avaí,1,0,17/06/2017,Rafael Traci,10.993
2017,8,Santos,Ponte Preta,0,0,17/06/2017,Igor Junior Benevenuto,19.984
2017,8,Coritiba,Corinthians,0,0,18/06/2017,Marcelo de Lima Henrique  (RJ),23.824
2017,8,São Paulo,Atlético-MG,1,2,18/06/2017,Braulio da Silva Machado,22.704
2017,8,Bahia,Palmeiras,2,4,18/06/2017,Rodolpho Toski Marques,33.621
2017,8,Chapecoense,Botafogo,0,2,18/06/2017,Marcelo Aparecido Ribeiro de Souza,11.603
2017,8,Fluminense,Flamengo,2,2,18/06/2017,Vinicius Gonçalves Dias Araujo,14.632
2017,8,Sport,Vitória,1,3,18/06/2017,André Luiz de Freitas Castro,7.135
2017,8,Cruzeiro,Grêmio,3,3,19/06/2017,Raphael Claus,17.327
2017,9,Vitória,Santos,0,2,21/06/2017,Héber Lopes,8.179
2017,9,Palmeiras,Atlético-GO,1,0,21/06/2017,Antonio Dib Moraes de Sousa,29.014
2017,9,Botafogo,Vasco da Gama,3,1,21/06/2017,Leandro Pedro Vuaden,15.048
2017,9,Atlético-PR,São Paulo,1,0,21/06/2017,Wagner do Nascimento Magalhães,19.150
2017,9,Avaí,Fluminense,0,3,21/06/2017,Marielson Alves Silva,5.239
2017,9,Atlético-MG,Sport,2,2,21/06/2017,Wilton Sampaio,12.027
2017,9,Ponte Preta,Cruzeiro,1,0,22/06/2017,Grazianni Maciel Rocha,4.465
2017,9,Corinthians,Bahia,3,0,22/06/2017,Dewson Fernando Freitas da Silva,34.250
2017,9,Flamengo,Chapecoense,5,1,22/06/2017,Leandro Bizzio Marinho,14.632
2017,9,Grêmio,Coritiba,2,0,22/06/2017,Péricles Bassols Pegado Cortez (RJ),19.035
2017,10,Santos,Sport,0,1,24/06/2017,Rafael Traci,7.272
2017,10,Vasco da Gama,Atlético-GO,1,0,25/06/2017,Dyorgines Jose Padovani,20.658
2017,10,Ponte Preta,Palmeiras,1,2,25/06/2017,Wagner Reway,6.051
2017,10,Cruzeiro,Coritiba,2,0,25/06/2017,Marcelo Aparecido Ribeiro de Souza,11.770
2017,10,Atlético-PR,Vitória,4,1,25/06/2017,Rodrigo Batista Raposo,17.784
2017,10,Grêmio,Corinthians,0,1,25/06/2017,Wilton Sampaio,54.022
2017,10,São Paulo,Fluminense,1,1,25/06/2017,Anderson Daronco,17.742
2017,10,Bahia,Flamengo,0,1,25/06/2017,Igor Junior Benevenuto,21.929
2017,10,Chapecoense,Atlético-MG,0,1,25/06/2017,João Batista de Arruda,8.502
2017,10,Botafogo,Avaí,0,2,26/06/2017,Caio Max Augusto Vieira,22.819
2017,11,Palmeiras,Grêmio,1,0,01/07/2017,Wagner do Nascimento Magalhães,29.075
2017,11,Atlético-GO,Santos,1,1,01/07/2017,Claudio Francisco Lima e Silva,5.898
2017,11,Sport,Atlético-PR,1,0,02/07/2017,Grazianni Maciel Rocha,11.031
2017,11,Flamengo,São Paulo,2,0,02/07/2017,Leandro Pedro Vuaden,17.302
2017,11,Corinthians,Botafogo,1,0,02/07/2017,Rodolpho Toski Marques,40.341
2017,11,Vitória,Bahia,0,0,02/07/2017,Raphael Claus,10.741
2017,11,Atlético-MG,Cruzeiro,3,1,02/07/2017,Anderson Daronco,17.251
2017,11,Coritiba,Vasco da Gama,2,2,02/07/2017,Emerson de Almeida Ferreira,8.020
2017,11,Avaí,Ponte Preta,0,0,02/07/2017,Marcelo de Lima Henrique  (RJ),5.899
2017,11,Fluminense,Chapecoense,3,3,03/07/2017,Eduardo Tomaz de Aquino Valadão,7.536
2017,12,Atlético-GO,Vitória,1,2,08/07/2017,Rafael Traci,2.857
2017,12,Vasco da Gama,Flamengo,0,1,08/07/2017,Anderson Daronco,19.622
2017,12,Corinthians,Ponte Preta,2,0,08/07/2017,Ricardo Marques Ribeiro (MG),32.877
2017,12,Chapecoense,Atlético-PR,1,1,09/07/2017,Caio Max Augusto Vieira,9.689
2017,12,Cruzeiro,Palmeiras,3,1,09/07/2017,Péricles Bassols Pegado Cortez (RJ),19.090
2017,12,Grêmio,Avaí,0,2,09/07/2017,Wagner Reway,29.268
2017,12,Bahia,Fluminense,1,1,09/07/2017,Flavio Rodrigues de Souza,18.267
2017,12,Santos,São Paulo,3,2,09/07/2017,Sandro Ricci,10.322
2017,12,Botafogo,Atlético-MG,1,1,09/07/2017,Wilton Sampaio,8.443
2017,12,Coritiba,Sport,0,3,10/07/2017,Jailson Macedo Freitas (BA),14.084
2017,13,Atlético-MG,Santos,0,1,12/07/2017,Marcelo de Lima Henrique  (RJ),12.949
2017,13,Ponte Preta,Bahia,0,3,12/07/2017,Rafael Traci,4.181
2017,13,Fluminense,Botafogo,0,1,12/07/2017,Wagner Reway,14.851
2017,13,Atlético-PR,Cruzeiro,0,2,12/07/2017,Braulio da Silva Machado,15.984
2017,13,Palmeiras,Corinthians,0,2,12/07/2017,Leandro Pedro Vuaden,39.091
2017,13,Vitória,Vasco da Gama,1,4,12/07/2017,Antonio Dib Moraes de Sousa,5.548
2017,13,Flamengo,Grêmio,0,1,13/07/2017,Marcelo Aparecido Ribeiro de Souza,18.204
2017,13,São Paulo,Atlético-GO,2,2,13/07/2017,Marielson Alves Silva,31.333
2017,13,Sport,Chapecoense,3,0,13/07/2017,Dyorgines Jose Padovani,25.861
2017,13,Avaí,Coritiba,1,4,13/07/2017,Raphael Claus,6.776
2017,14,Corinthians,Atlético-PR,2,2,15/07/2017,Sandro Ricci,41.458
2017,14,Palmeiras,Vitória,4,2,16/07/2017,Bruno Arleu de Araújo,36.263
2017,14,Atlético-GO,Atlético-MG,1,2,16/07/2017,Pablo dos Santos Alves,5.235
2017,14,Cruzeiro,Flamengo,1,1,16/07/2017,Rodolpho Toski Marques,43.480
2017,14,Chapecoense,São Paulo,2,0,16/07/2017,Wagner do Nascimento Magalhães,10.742
2017,14,Grêmio,Ponte Preta,3,1,16/07/2017,Claudio Francisco Lima e Silva,19.292
2017,14,Vasco da Gama,Santos,0,0,16/07/2017,Dewson Fernando Freitas da Silva,Dewson
2017,14,Coritiba,Fluminense,1,2,16/07/2017,Leandro Bizzio Marinho,11.686
2017,14,Bahia,Avaí,1,1,16/07/2017,Eduardo Tomaz de Aquino Valadão,12.389
2017,14,Botafogo,Sport,2,1,17/07/2017,Ricardo Marques Ribeiro (MG),17.313
2017,15,Santos,Chapecoense,1,0,19/07/2017,Elmo Alves Resende Cunha (GO),5.533
2017,15,Vitória,Grêmio,1,3,19/07/2017,Péricles Bassols Pegado Cortez (RJ),5.541
2017,15,Avaí,Corinthians,0,0,19/07/2017,Wilton Sampaio,10.671
2017,15,Ponte Preta,Coritiba,4,0,19/07/2017,Rodrigo Batista Raposo,3.832
2017,15,Atlético-MG,Bahia,0,2,19/07/2017,Marcelo Aparecido Ribeiro de Souza,12.177
2017,15,Flamengo,Palmeiras,2,2,19/07/2017,Jailson Macedo Freitas (BA),15.103
2017,15,São Paulo,Vasco da Gama,1,0,19/07/2017,Wagner Reway,22.574
2017,15,Fluminense,Cruzeiro,1,1,20/07/2017,Leandro Pedro Vuaden,4.757
2017,15,Sport,Atlético-GO,4,0,20/07/2017,Dewson Fernando Freitas da Silva,9.748
2017,15,Atlético-PR,Botafogo,0,0,20/07/2017,Anderson Daronco,15.134
2017,16,Vitória,Chapecoense,1,2,22/07/2017,Marcelo de Lima Henrique  (RJ),5.433
2017,16,Flamengo,Coritiba,2,1,22/07/2017,Braulio da Silva Machado,13.014
2017,16,Santos,Bahia,3,0,23/07/2017,Wagner do Nascimento Magalhães,35.769
2017,16,Avaí,Cruzeiro,1,0,23/07/2017,Flavio Rodrigues de Souza,6.773
2017,16,Fluminense,Corinthians,0,1,23/07/2017,Rafael Traci,23.863
2017,16,Sport,Palmeiras,0,2,23/07/2017,Eduardo Tomaz de Aquino Valadão,42.025
2017,16,Atlético-GO,Botafogo,1,1,23/07/2017,Caio Max Augusto Vieira,5.462
2017,16,Atlético-MG,Vasco da Gama,1,2,23/07/2017,Raphael Claus,12.497
2017,16,Atlético-PR,Ponte Preta,0,2,23/07/2017,Pablo dos Santos Alves,13.661
2017,16,São Paulo,Grêmio,1,1,24/07/2017,Ricardo Marques Ribeiro (MG),51.511
2017,17,Botafogo,São Paulo,3,4,29/07/2017,André Luiz de Freitas Castro,17.139
2017,17,Palmeiras,Avaí,2,0,29/07/2017,Anderson Daronco,33.633
2017,17,Chapecoense,Atlético-GO,1,2,30/07/2017,Marcelo Aparecido Ribeiro de Souza,9.744
2017,17,Corinthians,Flamengo,1,1,30/07/2017,Ricardo Marques Ribeiro (MG),45.110
2017,17,Bahia,Sport,1,3,30/07/2017,Elmo Alves Resende Cunha (GO),17.869
2017,17,Coritiba,Atlético-MG,0,2,30/07/2017,Wagner do Nascimento Magalhães,12.498
2017,17,Cruzeiro,Vitória,0,0,30/07/2017,Dewson Fernando Freitas da Silva,12.471
2017,17,Grêmio,Santos,1,1,30/07/2017,Braulio da Silva Machado,32.251
2017,17,Vasco da Gama,Atlético-PR,0,1,31/07/2017,Claudio Francisco Lima e Silva,7.245
2017,17,Ponte Preta,Fluminense,0,0,09/08/2017,Héber Lopes,5.977
2017,18,Sport,Fluminense,2,2,02/08/2017,Marcelo Aparecido Ribeiro de Souza,16.918
2017,18,Chapecoense,Bahia,1,1,02/08/2017,Flavio Rodrigues de Souza,3.466
2017,18,Vitória,Ponte Preta,3,1,02/08/2017,André Luiz de Freitas Castro,5.247
2017,18,Atlético-MG,Corinthians,0,2,02/08/2017,Anderson Daronco,45.259
2017,18,Atlético-GO,Grêmio,0,1,02/08/2017,Igor Junior Benevenuto,4.142
2017,18,Botafogo,Palmeiras,1,2,02/08/2017,Rafael Traci,7.517
2017,18,Santos,Flamengo,3,2,02/08/2017,Eduardo Tomaz de Aquino Valadão,27.030
2017,18,São Paulo,Coritiba,1,2,03/08/2017,Péricles Bassols Pegado Cortez (RJ),53.635
2017,18,Atlético-PR,Avaí,5,0,03/08/2017,Leandro Bizzio Marinho,14.040
2017,18,Vasco da Gama,Cruzeiro,0,3,03/08/2017,Vinicius Gonçalves Dias Araujo,5.780
2017,19,Corinthians,Sport,3,1,05/08/2017,Wagner Reway,41.279
2017,19,Fluminense,Atlético-GO,3,1,05/08/2017,Paulo Roberto Alves Júnior,27.278
2017,19,Flamengo,Vitória,0,2,06/08/2017,Raphael Claus,18.133
2017,19,Bahia,São Paulo,2,1,06/08/2017,João Batista de Arruda,24.517
2017,19,Cruzeiro,Botafogo,0,0,06/08/2017,Claudio Francisco Lima e Silva,22.691
2017,19,Coritiba,Chapecoense,2,0,06/08/2017,Wilton Sampaio,12.871
2017,19,Grêmio,Atlético-MG,2,0,06/08/2017,Flavio Rodrigues de Souza,24.866
2017,19,Palmeiras,Atlético-PR,0,1,06/08/2017,Rodrigo Batista Raposo,29.778
2017,19,Ponte Preta,Vasco da Gama,0,0,06/08/2017,Sandro Ricci,6.310
2017,19,Avaí,Santos,0,0,06/08/2017,Pablo dos Santos Alves,5.803
2017,20,Atlético-GO,Coritiba,1,0,12/08/2017,Grazianni Maciel Rocha,1.035
2017,20,Vitória,Avaí,0,1,12/08/2017,Ricardo Marques Ribeiro (MG),10.981
2017,20,São Paulo,Cruzeiro,3,2,13/08/2017,Rafael Traci,56.052
2017,20,Vasco da Gama,Palmeiras,1,1,13/08/2017,Paulo Roberto Alves Júnior,5.323
2017,20,Sport,Ponte Preta,0,0,13/08/2017,Leandro Pedro Vuaden,12.967
2017,20,Atlético-MG,Flamengo,2,0,13/08/2017,Elmo Alves Resende Cunha (GO),11.031
2017,20,Atlético-PR,Bahia,4,1,13/08/2017,Sandro Ricci,13.963
2017,20,Botafogo,Grêmio,1,0,13/08/2017,Wagner Reway,6.352
2017,20,Santos,Fluminense,0,0,14/08/2017,André Luiz de Freitas Castro,22.018
2017,20,Chapecoense,Corinthians,0,1,23/08/2017,Paulo Roberto Alves Júnior,15.831
2017,21,Corinthians,Vitória,0,1,19/08/2017,Eduardo Tomaz de Aquino Valadão,42.075
2017,21,Flamengo,Atlético-GO,2,0,19/08/2017,Rodolpho Toski Marques,7.082
2017,21,Grêmio,Atlético-PR,0,0,20/08/2017,Jailson Macedo Freitas (BA),15.369
2017,21,Bahia,Vasco da Gama,3,0,20/08/2017,Raphael Claus,22.248
2017,21,Cruzeiro,Sport,2,0,20/08/2017,Caio Max Augusto Vieira,7.765
2017,21,Ponte Preta,Botafogo,2,1,20/08/2017,Dewson Fernando Freitas da Silva,3.208
2017,21,Avaí,São Paulo,1,1,20/08/2017,Leandro Pedro Vuaden,9.269
2017,21,Coritiba,Santos,0,0,20/08/2017,Sandro Ricci,8.426
2017,21,Palmeiras,Chapecoense,0,2,20/08/2017,Dyorgines Jose Padovani,21.261
2017,21,Fluminense,Atlético-MG,2,1,21/08/2017,Vinicius Gonçalves Dias Araujo,10.412
2017,22,Grêmio,Sport,5,0,25/08/2017,André Luiz de Freitas Castro,19.295
2017,22,Fluminense,Vasco da Gama,0,1,26/08/2017,Ricardo Marques Ribeiro (MG),23.460
2017,22,Corinthians,Atlético-GO,0,1,26/08/2017,Péricles Bassols Pegado Cortez (RJ),40.811
2017,22,Bahia,Botafogo,1,2,27/08/2017,Héber Lopes,22.585
2017,22,Flamengo,Atlético-PR,2,0,27/08/2017,Marcelo Aparecido Ribeiro de Souza,10.199
2017,22,Ponte Preta,Atlético-MG,1,2,27/08/2017,Rodolpho Toski Marques,5.779
2017,22,Palmeiras,São Paulo,4,2,27/08/2017,Sandro Ricci,33.537
2017,22,Cruzeiro,Santos,1,1,27/08/2017,Anderson Daronco,12.055
2017,22,Avaí,Chapecoense,1,0,27/08/2017,Braulio da Silva Machado,5.955
2017,22,Coritiba,Vitória,0,1,28/08/2017,Flavio Rodrigues de Souza,10.609
2017,23,Atlético-MG,Palmeiras,1,1,09/09/2017,Leandro Pedro Vuaden,15.672
2017,23,Vasco da Gama,Grêmio,1,0,09/09/2017,Héber Lopes,Héber
2017,23,São Paulo,Ponte Preta,2,2,09/09/2017,Marcelo de Lima Henrique  (RJ),43.724
2017,23,Atlético-PR,Coritiba,1,1,10/09/2017,Anderson Daronco,17.420
2017,23,Vitória,Fluminense,2,2,10/09/2017,Wagner Reway,12.444
2017,23,Santos,Corinthians,2,0,10/09/2017,Raphael Claus,12.567
2017,23,Sport,Avaí,0,1,10/09/2017,Wagner do Nascimento Magalhães,9.870
2017,23,Botafogo,Flamengo,2,0,10/09/2017,Ricardo Marques Ribeiro (MG),6.311
2017,23,Chapecoense,Cruzeiro,1,2,10/09/2017,Leandro Bizzio Marinho,9.676
2017,23,Atlético-GO,Bahia,1,1,11/09/2017,Thiago Duarte Peixoto,3.818
2017,24,Botafogo,Santos,2,0,16/09/2017,Igor Junior Benevenuto,5.780
2017,24,Ponte Preta,Atlético-GO,1,3,16/09/2017,Braulio da Silva Machado,5.264
2017,24,Avaí,Atlético-MG,1,1,17/09/2017,André Luiz de Freitas Castro,9.527
2017,24,Grêmio,Chapecoense,0,1,17/09/2017,Marcelo de Lima Henrique  (RJ),14.618
2017,24,Flamengo,Sport,2,0,17/09/2017,Vinicius Gonçalves Dias Araujo,9.029
2017,24,Vitória,São Paulo,1,2,17/09/2017,Rodolpho Toski Marques,12.805
2017,24,Corinthians,Vasco da Gama,1,0,17/09/2017,Elmo Alves Resende Cunha (GO),41.235
2017,24,Atlético-PR,Fluminense,3,1,17/09/2017,Raphael Claus,13.404
2017,24,Cruzeiro,Bahia,1,0,17/09/2017,Wagner Reway,14.384
2017,24,Palmeiras,Coritiba,1,0,18/09/2017,Dewson Fernando Freitas da Silva,26.621
2017,25,Flamengo,Avaí,1,1,23/09/2017,Claudio Francisco Lima e Silva,9.584
2017,25,Santos,Atlético-PR,1,0,23/09/2017,Ricardo Marques Ribeiro (MG),4.257
2017,25,São Paulo,Corinthians,1,1,24/09/2017,Wagner do Nascimento Magalhães,61.142
2017,25,Atlético-GO,Cruzeiro,1,2,24/09/2017,Héber Lopes,5.237
2017,25,Chapecoense,Ponte Preta,1,0,24/09/2017,Jean Pierre Goncalves Lima,9.980
2017,25,Fluminense,Palmeiras,0,1,24/09/2017,Anderson Daronco,13.145
2017,25,Coritiba,Botafogo,2,3,24/09/2017,Braulio da Silva Machado,9.045
2017,25,Bahia,Grêmio,1,0,24/09/2017,Luiz Flávio de Oliveira (SP),13.102
2017,25,Atlético-MG,Vitória,1,3,24/09/2017,Wilton Sampaio,10.865
2017,25,Sport,Vasco da Gama,1,1,25/09/2017,Sandro Ricci,17.190
2017,26,Vasco da Gama,Chapecoense,1,1,30/09/2017,Wilton Sampaio,Wilton
2017,26,Bahia,Coritiba,1,1,30/09/2017,Péricles Bassols Pegado Cortez (RJ),21.327
2017,26,Palmeiras,Santos,0,1,30/09/2017,Marcelo Aparecido Ribeiro de Souza,37.527
2017,26,São Paulo,Sport,1,0,01/10/2017,Anderson Daronco,43.071
2017,26,Avaí,Atlético-GO,0,2,01/10/2017,Raphael Claus,7.872
2017,26,Cruzeiro,Corinthians,1,1,01/10/2017,Rodolpho Toski Marques,29.556
2017,26,Grêmio,Fluminense,1,0,01/10/2017,Rafael Traci,15.727
2017,26,Botafogo,Vitória,2,3,01/10/2017,Eduardo Tomaz de Aquino Valadão,14.780
2017,26,Atlético-PR,Atlético-MG,0,2,01/10/2017,Wagner Reway,13.177
2017,26,Ponte Preta,Flamengo,1,0,02/10/2017,Igor Junior Benevenuto,11.133
2017,27,Botafogo,Chapecoense,2,1,11/10/2017,Leandro Pedro Vuaden,7.613
2017,27,Atlético-PR,Atlético-GO,2,2,11/10/2017,Dyorgines Jose Padovani,7.537
2017,27,Corinthians,Coritiba,3,1,11/10/2017,Claudio Francisco Lima e Silva,36.439
2017,27,Grêmio,Cruzeiro,0,1,11/10/2017,Rodrigo Batista Raposo,9.217
2017,27,Atlético-MG,São Paulo,1,0,11/10/2017,Héber Lopes,17.606
2017,27,Avaí,Vasco da Gama,1,2,11/10/2017,Wagner Reway,8.952
2017,27,Vitória,Sport,1,2,12/10/2017,Marcelo Aparecido Ribeiro de Souza,17.538
2017,27,Flamengo,Fluminense,1,1,12/10/2017,Luiz Flávio de Oliveira (SP),38.629
2017,27,Ponte Preta,Santos,1,1,12/10/2017,Raphael Claus,13.983
2017,27,Palmeiras,Bahia,2,2,12/10/2017,Rafael Traci,25.331
2017,28,Cruzeiro,Ponte Preta,2,1,07/10/2017,Paulo Roberto Alves Júnior,15.397
2017,28,Vasco da Gama,Botafogo,1,0,14/10/2017,Vinicius Gonçalves Dias Araujo,31.406
2017,28,São Paulo,Atlético-PR,2,1,14/10/2017,Marcelo de Lima Henrique  (RJ),26.833
2017,28,Sport,Atlético-MG,1,1,15/10/2017,Leandro Bizzio Marinho,20.273
2017,28,Atlético-GO,Palmeiras,1,3,15/10/2017,Rodolpho Toski Marques,12.619
2017,28,Chapecoense,Flamengo,0,1,15/10/2017,Dewson Fernando Freitas da Silva,10.484
2017,28,Fluminense,Avaí,1,0,15/10/2017,Flavio Rodrigues de Souza,18.006
2017,28,Bahia,Corinthians,2,0,15/10/2017,Ricardo Marques Ribeiro (MG),23.413
2017,28,Coritiba,Grêmio,0,1,15/10/2017,André Luiz de Freitas Castro,14.802
2017,28,Santos,Vitória,2,2,16/10/2017,Braulio da Silva Machado,19.007
2017,29,Avaí,Botafogo,1,1,17/10/2017,Rafael Traci,5.156
2017,29,Atlético-MG,Chapecoense,2,3,17/10/2017,Vinicius Gonçalves Dias Araujo,11.927
2017,29,Fluminense,São Paulo,3,1,17/10/2017,Leandro Pedro Vuaden,22.999
2017,29,Coritiba,Cruzeiro,1,0,17/10/2017,Marcelo de Lima Henrique  (RJ),6.470
2017,29,Corinthians,Grêmio,0,0,17/10/2017,Héber Lopes,40.008
2017,29,Atlético-GO,Vasco da Gama,0,1,17/10/2017,Claudio Francisco Lima e Silva,9.046
2017,29,Palmeiras,Ponte Preta,2,0,19/10/2017,Leandro Bizzio Marinho,17.778
2017,29,Vitória,Atlético-PR,2,3,19/10/2017,André Luiz de Freitas Castro,8.311
2017,29,Flamengo,Bahia,4,1,19/10/2017,Marcelo Aparecido Ribeiro de Souza,8.282
2017,29,Sport,Santos,1,1,19/10/2017,Dewson Fernando Freitas da Silva,16.377
2017,30,Vasco da Gama,Coritiba,1,1,21/10/2017,Raphael Claus,30.351
2017,30,Grêmio,Palmeiras,1,3,22/10/2017,Ricardo Marques Ribeiro (MG),18.388
2017,30,São Paulo,Flamengo,2,0,22/10/2017,Rafael Traci,32.965
2017,30,Bahia,Vitória,2,1,22/10/2017,Marcelo de Lima Henrique  (RJ),31.185
2017,30,Cruzeiro,Atlético-MG,1,3,22/10/2017,Wagner do Nascimento Magalhães,35.921
2017,30,Atlético-PR,Sport,2,1,22/10/2017,Thiago Duarte Peixoto,10.407
2017,30,Santos,Atlético-GO,1,0,22/10/2017,Péricles Bassols Pegado Cortez (RJ),4.245
2017,30,Ponte Preta,Avaí,1,2,22/10/2017,Leandro Pedro Vuaden,4.009
2017,30,Chapecoense,Fluminense,2,0,22/10/2017,Claudio Francisco Lima e Silva,10.010
2017,30,Botafogo,Corinthians,2,1,23/10/2017,Rodrigo Batista Raposo,8.466
2017,31,São Paulo,Santos,2,1,28/10/2017,Anderson Daronco,40.004
2017,31,Flamengo,Vasco da Gama,0,0,28/10/2017,Ricardo Marques Ribeiro (MG),24.800
2017,31,Atlético-PR,Chapecoense,0,0,28/10/2017,Jailson Macedo Freitas (BA),10.529
2017,31,Fluminense,Bahia,1,1,29/10/2017,Wilton Sampaio,12.841
2017,31,Atlético-MG,Botafogo,0,0,29/10/2017,Sandro Ricci,17.086
2017,31,Ponte Preta,Corinthians,1,0,29/10/2017,Marcelo Aparecido Ribeiro de Souza,13.121
2017,31,Vitória,Atlético-GO,1,1,29/10/2017,Luiz Flávio de Oliveira (SP),13.686
2017,31,Sport,Coritiba,3,4,29/10/2017,Leandro Pedro Vuaden,9.982
2017,31,Avaí,Grêmio,2,2,29/10/2017,Dewson Fernando Freitas da Silva,9.880
2017,31,Palmeiras,Cruzeiro,2,2,30/10/2017,Héber Lopes,37.961
2017,32,Santos,Atlético-MG,3,1,04/11/2017,Wilton Sampaio,11.418
2017,32,Botafogo,Fluminense,1,2,04/11/2017,Luiz Flávio de Oliveira (SP),11.776
2017,32,Atlético-GO,São Paulo,0,1,04/11/2017,Braulio da Silva Machado,17.697
2017,32,Coritiba,Avaí,4,0,04/11/2017,Marcelo de Lima Henrique  (RJ),20.068
2017,32,Cruzeiro,Atlético-PR,1,0,05/11/2017,Marcelo Aparecido Ribeiro de Souza,10.845
2017,32,Grêmio,Flamengo,3,1,05/11/2017,Raphael Claus,19.963
2017,32,Corinthians,Palmeiras,3,2,05/11/2017,Anderson Daronco,46.493
2017,32,Bahia,Ponte Preta,2,0,05/11/2017,Wagner do Nascimento Magalhães,20.539
2017,32,Vasco da Gama,Vitória,1,1,05/11/2017,Héber Lopes,15.811
2017,32,Chapecoense,Sport,1,1,05/11/2017,Ricardo Marques Ribeiro (MG),10.654
2017,33,Avaí,Bahia,1,2,08/11/2017,Péricles Bassols Pegado Cortez (RJ),4.412
2017,33,Ponte Preta,Grêmio,0,1,08/11/2017,Sandro Ricci,6.226
2017,33,Sport,Botafogo,1,2,08/11/2017,Wilton Sampaio,24.119
2017,33,Atlético-PR,Corinthians,0,1,08/11/2017,Wagner do Nascimento Magalhães,19.394
2017,33,Vitória,Palmeiras,3,1,08/11/2017,Dewson Fernando Freitas da Silva,15.514
2017,33,Flamengo,Cruzeiro,2,0,08/11/2017,Leandro Bizzio Marinho,7.111
2017,33,Santos,Vasco da Gama,1,2,08/11/2017,Rafael Traci,7.841
2017,33,Atlético-MG,Atlético-GO,3,2,09/11/2017,Rodolpho Toski Marques,8.204
2017,33,São Paulo,Chapecoense,2,2,09/11/2017,Marcelo de Lima Henrique  (RJ),35.037
2017,33,Fluminense,Coritiba,2,2,09/11/2017,Ricardo Marques Ribeiro (MG),10.908
2017,34,Botafogo,Atlético-PR,0,1,11/11/2017,Anderson Daronco,8.399
2017,34,Corinthians,Avaí,1,0,11/11/2017,Dewson Fernando Freitas da Silva,42.732
2017,34,Palmeiras,Flamengo,2,0,12/11/2017,Braulio da Silva Machado,27.831
2017,34,Vasco da Gama,São Paulo,1,1,12/11/2017,Leandro Pedro Vuaden,16.439
2017,34,Atlético-GO,Sport,2,0,12/11/2017,Luiz Flávio de Oliveira (SP),338
2017,34,Grêmio,Vitória,1,1,12/11/2017,Marcelo Aparecido Ribeiro de Souza,14.021
2017,34,Bahia,Atlético-MG,2,2,12/11/2017,Raphael Claus,29.769
2017,34,Cruzeiro,Fluminense,3,1,12/11/2017,André Luiz de Freitas Castro,8.644
2017,34,Coritiba,Ponte Preta,1,1,12/11/2017,Elmo Alves Resende Cunha (GO),20.596
2017,34,Chapecoense,Santos,2,0,13/11/2017,Jailson Macedo Freitas (BA),11.301
2017,35,Ponte Preta,Atlético-PR,2,1,15/11/2017,Wilton Sampaio,5.997
2017,35,Cruzeiro,Avaí,2,2,15/11/2017,Leandro Pedro Vuaden,9.259
2017,35,Grêmio,São Paulo,1,0,15/11/2017,Rodolpho Toski Marques,22.644
2017,35,Vasco da Gama,Atlético-MG,1,1,15/11/2017,Flavio Rodrigues de Souza,11.486
2017,35,Corinthians,Fluminense,3,1,15/11/2017,Braulio da Silva Machado,46.189
2017,35,Chapecoense,Vitória,2,1,16/11/2017,Anderson Daronco,7.546
2017,35,Palmeiras,Sport,5,1,16/11/2017,Rafael Traci,18.744
2017,35,Botafogo,Atlético-GO,1,2,16/11/2017,Claudio Francisco Lima e Silva,10.118
2017,35,Bahia,Santos,3,1,16/11/2017,Sandro Ricci,22.896
2017,35,Coritiba,Flamengo,1,0,16/11/2017,Raphael Claus,15.820
2017,36,São Paulo,Botafogo,0,0,19/11/2017,Wilton Sampaio,25.771
2017,36,Sport,Bahia,1,0,19/11/2017,Wagner do Nascimento Magalhães,14.697
2017,36,Atlético-GO,Chapecoense,1,1,19/11/2017,Dewson Fernando Freitas da Silva,2.280
2017,36,Vitória,Cruzeiro,1,1,19/11/2017,Luiz Flávio de Oliveira (SP),14.315
2017,36,Flamengo,Corinthians,3,0,19/11/2017,Wagner Reway,13.491
2017,36,Atlético-MG,Coritiba,3,0,19/11/2017,Sandro Ricci,19.719
2017,36,Atlético-PR,Vasco da Gama,3,1,19/11/2017,Leandro Bizzio Marinho,9.991
2017,36,Santos,Grêmio,1,0,19/11/2017,Péricles Bassols Pegado Cortez (RJ),4.206
2017,36,Fluminense,Ponte Preta,2,0,20/11/2017,Anderson Daronco,17.606
2017,36,Avaí,Palmeiras,2,1,20/11/2017,Ricardo Marques Ribeiro (MG),11.082
2017,37,Fluminense,Sport,1,2,25/11/2017,Dewson Fernando Freitas da Silva,12.819
2017,37,Coritiba,São Paulo,1,2,26/11/2017,Anderson Daronco,38.059
2017,37,Avaí,Atlético-PR,1,0,26/11/2017,Wilton Sampaio,13.394
2017,37,Grêmio,Atlético-GO,1,1,26/11/2017,Bruno Arleu de Araújo,8.259
2017,37,Cruzeiro,Vasco da Gama,0,1,26/11/2017,Raphael Claus,14.930
2017,37,Corinthians,Atlético-MG,2,2,26/11/2017,Wagner do Nascimento Magalhães,46.369
2017,37,Ponte Preta,Vitória,2,3,26/11/2017,Ricardo Marques Ribeiro (MG),12.862
2017,37,Bahia,Chapecoense,0,1,26/11/2017,Péricles Bassols Pegado Cortez (RJ),35.437
2017,37,Flamengo,Santos,1,2,26/11/2017,Braulio da Silva Machado,15.456
2017,37,Palmeiras,Botafogo,2,0,27/11/2017,Elmo Alves Resende Cunha (GO),23.562
2017,38,São Paulo,Bahia,1,1,03/12/2017,Elmo Alves Resende Cunha (GO),60.485
2017,38,Botafogo,Cruzeiro,2,2,03/12/2017,Leandro Bizzio Marinho,18.354
2017,38,Atlético-GO,Fluminense,1,1,03/12/2017,Anderson Daronco,2.996
2017,38,Sport,Corinthians,1,0,03/12/2017,Ricardo Marques Ribeiro (MG),29.977
2017,38,Chapecoense,Coritiba,2,1,03/12/2017,Luiz Flávio de Oliveira (SP),12.913
2017,38,Atlético-MG,Grêmio,4,3,03/12/2017,Marcelo Aparecido Ribeiro de Souza,19.116
2017,38,Vasco da Gama,Ponte Preta,2,1,03/12/2017,Rafael Traci,22.076
2017,38,Santos,Avaí,1,1,03/12/2017,Wagner do Nascimento Magalhães,7.539
2017,38,Atlético-PR,Palmeiras,3,0,03/12/2017,Claudio Francisco Lima e Silva,12.879
2017,38,Vitória,Flamengo,1,2,03/12/2017,Dewson Fernando Freitas da Silva,30.140
