ano,rodada,clube_mandante,clube_visitante,gols_mandante,gols_visitante,data,juiz,publico
2015,1,Palmeiras,Atlético-MG,2,2,09/05/2015,Felipe Gomes da Silva,28.781
2015,1,Chapecoense,Coritiba,2,1,09/05/2015,Elmo Alves Resende Cunha (GO),5.688
2015,1,Fluminense,Joinville,1,0,09/05/2015,Thiago Duarte Peixoto,19.185
2015,1,Grêmio,Ponte Preta,3,3,10/05/2015,Héber Lopes,11.920
2015,1,Sport,Figueirense,4,1,10/05/2015,Wilton Sampaio,4.116
2015,1,São Paulo,Flamengo,2,1,10/05/2015,Marcelo de Lima Henrique  (RJ),13.656
2015,1,Cruzeiro,Corinthians,0,1,10/05/2015,Anderson Daronco,11.773
2015,1,Atlético-PR,Internacional,3,0,10/05/2015,Luiz Flávio de Oliveira (SP),10.499
2015,1,Vasco da Gama,Goiás,0,0,10/05/2015,Braulio da Silva Machado,6.628
2015,1,Avaí,Santos,1,1,10/05/2015,Dewson Fernando Freitas da Silva,7.677
2015,2,Coritiba,Grêmio,2,0,16/05/2015,Ricardo Marques Ribeiro (MG),11.785
2015,2,Goiás,Atlético-PR,2,0,16/05/2015,Héber Lopes,Héber
2015,2,Corinthians,Chapecoense,1,0,16/05/2015,Marcelo de Lima Henrique  (RJ),10.144
2015,2,Figueirense,Vasco da Gama,0,0,17/05/2015,Thiago Duarte Peixoto,11.004
2015,2,Flamengo,Sport,2,2,17/05/2015,Dewson Fernando Freitas da Silva,28.794
2015,2,Santos,Cruzeiro,1,0,17/05/2015,Péricles Bassols Pegado Cortez (RJ),7.246
2015,2,Atlético-MG,Fluminense,4,1,17/05/2015,Anderson Daronco,11.958
2015,2,Joinville,Palmeiras,0,0,17/05/2015,Wilton Sampaio,Wilton
2015,2,Ponte Preta,São Paulo,1,0,17/05/2015,Raphael Claus,Raphael
2015,2,Internacional,Avaí,1,0,17/05/2015,Igor Junior Benevenuto,10.851
2015,3,São Paulo,Joinville,3,0,23/05/2015,Wagner Reway,12.690
2015,3,Vasco da Gama,Internacional,1,1,23/05/2015,Dewson Fernando Freitas da Silva,4.520
2015,3,Grêmio,Figueirense,1,0,23/05/2015,Luiz Flávio de Oliveira (SP),8.336
2015,3,Palmeiras,Goiás,0,1,24/05/2015,Marcelo de Lima Henrique  (RJ),37.337
2015,3,Chapecoense,Santos,1,0,24/05/2015,Jailson Macedo Freitas (BA),6.374
2015,3,Fluminense,Corinthians,0,0,24/05/2015,Héber Lopes,14.932
2015,3,Avaí,Flamengo,2,1,24/05/2015,Raphael Claus,11.918
2015,3,Atlético-PR,Atlético-MG,1,0,24/05/2015,Thiago Duarte Peixoto,13.510
2015,3,Cruzeiro,Ponte Preta,1,1,24/05/2015,Anderson Daronco,9.639
2015,3,Sport,Coritiba,1,0,24/05/2015,Sandro Ricci,12.285
2015,4,Ponte Preta,Chapecoense,3,1,30/05/2015,Felipe Gomes da Silva,Felipe
2015,4,Coritiba,Avaí,1,2,30/05/2015,Italo Medeiros de Azevedo,9.906
2015,4,Joinville,Atlético-PR,1,2,30/05/2015,Avelar Rodrigo da Silva,9.144
2015,4,Santos,Sport,2,2,31/05/2015,Marcos André Gomes da Penha,7.964
2015,4,Atlético-MG,Vasco da Gama,3,0,31/05/2015,Alisson Sidnei Furtado,17.958
2015,4,Goiás,Grêmio,1,1,31/05/2015,Anderson Daronco,3.859
2015,4,Corinthians,Palmeiras,0,2,31/05/2015,Vinicius Gonçalves Dias Araujo,29.479
2015,4,Internacional,São Paulo,0,0,31/05/2015,Leandro Pedro Vuaden,30.082
2015,4,Flamengo,Fluminense,2,3,31/05/2015,Sandro Ricci,25.289
2015,4,Figueirense,Cruzeiro,2,1,31/05/2015,Elmo Alves Resende Cunha (GO),6.211
2015,5,Vasco da Gama,Ponte Preta,0,3,03/06/2015,Héber Lopes,2.894
2015,5,Atlético-PR,Figueirense,1,0,03/06/2015,Marcelo de Lima Henrique  (RJ),13.637
2015,5,Chapecoense,Joinville,2,0,03/06/2015,Raphael Claus,6.179
2015,5,São Paulo,Santos,3,2,03/06/2015,Thiago Duarte Peixoto,13.847
2015,5,Avaí,Atlético-MG,1,4,03/06/2015,Pablo dos Santos Alves,7.101
2015,5,Grêmio,Corinthians,3,1,03/06/2015,Wilton Sampaio,20.231
2015,5,Cruzeiro,Flamengo,1,0,03/06/2015,Luiz Flávio de Oliveira (SP),13.309
2015,5,Fluminense,Coritiba,2,0,04/06/2015,Cleisson Veloso Pereira,23.004
2015,5,Sport,Goiás,1,0,04/06/2015,Flávio Rodrigues Guerra,12.285
2015,5,Palmeiras,Internacional,1,1,04/06/2015,Rodolpho Toski Marques,36.199
2015,6,Santos,Ponte Preta,2,2,06/06/2015,Vinicius Gonçalves Dias Araujo,5.508
2015,6,Flamengo,Chapecoense,1,0,06/06/2015,Anderson Daronco,20.156
2015,6,Atlético-MG,Cruzeiro,1,3,06/06/2015,Marcelo de Lima Henrique  (RJ),20.092
2015,6,São Paulo,Grêmio,2,0,06/06/2015,Péricles Bassols Pegado Cortez (RJ),16.952
2015,6,Atlético-PR,Vasco da Gama,2,0,06/06/2015,Marcelo Aparecido Ribeiro de Souza,16.750
2015,6,Joinville,Corinthians,0,1,06/06/2015,Dewson Fernando Freitas da Silva,14.131
2015,6,Internacional,Coritiba,2,0,07/06/2015,André Luiz de Freitas Castro,35.766
2015,6,Fluminense,Sport,0,0,07/06/2015,Paulo Roberto Alves Júnior,13.108
2015,6,Figueirense,Palmeiras,2,1,07/06/2015,Leandro Pedro Vuaden,9.187
2015,6,Goiás,Avaí,0,1,07/06/2015,Alisson Sidnei Furtado,1.105
2015,7,Atlético-MG,Santos,2,2,10/06/2015,Wilton Sampaio,10.536
2015,7,Coritiba,Flamengo,0,1,13/06/2015,Guilherme Ceretta de Lima (SP),12.043
2015,7,Chapecoense,São Paulo,0,1,13/06/2015,Wilton Sampaio,8.712
2015,7,Corinthians,Internacional,2,1,13/06/2015,Marcelo de Lima Henrique  (RJ),27.270
2015,7,Sport,Joinville,2,1,13/06/2015,Héber Lopes,9.739
2015,7,Vasco da Gama,Cruzeiro,1,3,13/06/2015,Leandro Pedro Vuaden,5.072
2015,7,Ponte Preta,Goiás,0,0,14/06/2015,Pablo dos Santos Alves,9.840
2015,7,Grêmio,Atlético-PR,2,1,14/06/2015,Marcos André Gomes da Penha,19.625
2015,7,Avaí,Figueirense,1,1,14/06/2015,Wagner Reway,8.041
2015,7,Palmeiras,Fluminense,2,1,14/06/2015,Dewson Fernando Freitas da Silva,26.181
2015,8,Figueirense,Internacional,0,0,18/06/2015,Wagner do Nascimento Magalhães,6.244
2015,8,Sport,Vasco da Gama,2,1,20/06/2015,Anderson Daronco,17.206
2015,8,Santos,Corinthians,1,0,20/06/2015,Luiz Flávio de Oliveira (SP),7.674
2015,8,Flamengo,Atlético-MG,0,2,20/06/2015,Thiago Duarte Peixoto,36.774
2015,8,Grêmio,Palmeiras,1,0,20/06/2015,Raphael Claus,20.814
2015,8,Cruzeiro,Chapecoense,0,1,21/06/2015,Péricles Bassols Pegado Cortez (RJ),33.643
2015,8,São Paulo,Avaí,1,1,21/06/2015,Bruno Arleu de Araújo,21.364
2015,8,Atlético-PR,Coritiba,2,2,21/06/2015,Dewson Fernando Freitas da Silva,30.120
2015,8,Joinville,Goiás,2,1,21/06/2015,Igor Junior Benevenuto,9.049
2015,8,Fluminense,Ponte Preta,2,0,24/06/2015,Leandro Pedro Vuaden,7.033
2015,9,Avaí,Grêmio,1,2,27/06/2015,Marcelo de Lima Henrique  (RJ),11.221
2015,9,Chapecoense,Sport,1,1,27/06/2015,Wagner do Nascimento Magalhães,7.203
2015,9,Corinthians,Figueirense,2,1,27/06/2015,Igor Junior Benevenuto,24.786
2015,9,Atlético-MG,Joinville,1,0,28/06/2015,Émerson Luiz Sobral (PE),55.987
2015,9,Coritiba,Cruzeiro,1,0,28/06/2015,Raphael Claus,12.395
2015,9,Goiás,Fluminense,1,2,28/06/2015,Luiz Flávio de Oliveira (SP),2.419
2015,9,Palmeiras,São Paulo,4,0,28/06/2015,Anderson Daronco,29.233
2015,9,Ponte Preta,Atlético-PR,2,1,28/06/2015,Franscisco Carlos do Nascimento,4.858
2015,9,Vasco da Gama,Flamengo,1,0,28/06/2015,Héber Lopes,14.010
2015,9,Internacional,Santos,1,0,28/06/2015,Dewson Fernando Freitas da Silva,22.475
2015,10,Vasco da Gama,Avaí,1,0,01/07/2015,Marcos André Gomes da Penha,7.333
2015,10,Sport,Internacional,3,0,01/07/2015,Péricles Bassols Pegado Cortez (RJ),23.343
2015,10,Atlético-MG,Coritiba,2,0,01/07/2015,Braulio da Silva Machado,12.309
2015,10,Palmeiras,Chapecoense,2,0,01/07/2015,Pablo dos Santos Alves,32.742
2015,10,Joinville,Flamengo,0,1,01/07/2015,Leandro Pedro Vuaden,15.731
2015,10,Grêmio,Cruzeiro,1,0,01/07/2015,Marcelo Aparecido Ribeiro de Souza,22.517
2015,10,Atlético-PR,São Paulo,2,1,01/07/2015,Elmo Alves Resende Cunha (GO),19.971
2015,10,Corinthians,Ponte Preta,2,0,02/07/2015,Thiago Duarte Peixoto,26.649
2015,10,Figueirense,Goiás,3,1,02/07/2015,Wilton Sampaio,5.425
2015,10,Fluminense,Santos,2,1,02/07/2015,Ricardo Marques Ribeiro (MG),11.437
2015,11,Coritiba,Joinville,0,0,04/07/2015,André Luiz de Freitas Castro,9.531
2015,11,Cruzeiro,Atlético-PR,2,0,04/07/2015,Luiz Flávio de Oliveira (SP),8.188
2015,11,Chapecoense,Vasco da Gama,1,0,04/07/2015,Ricardo Marques Ribeiro (MG),4.349
2015,11,Avaí,Sport,2,2,05/07/2015,Dewson Fernando Freitas da Silva,8.116
2015,11,São Paulo,Fluminense,0,0,05/07/2015,Leandro Pedro Vuaden,10.539
2015,11,Santos,Grêmio,1,3,05/07/2015,Felipe Gomes da Silva,4.942
2015,11,Goiás,Corinthians,0,0,05/07/2015,Héber Lopes,9.573
2015,11,Flamengo,Figueirense,1,2,05/07/2015,Jailson Macedo Freitas (BA),17.986
2015,11,Internacional,Atlético-MG,1,3,05/07/2015,Raphael Claus,16.612
2015,11,Ponte Preta,Palmeiras,0,2,05/07/2015,Vinicius Gonçalves Dias Araujo,11.074
2015,12,Coritiba,Ponte Preta,0,0,08/07/2015,Péricles Bassols Pegado Cortez (RJ),7.515
2015,12,Goiás,Santos,4,1,08/07/2015,Anderson Daronco,1.829
2015,12,Chapecoense,Grêmio,1,0,08/07/2015,Flávio Rodrigues Guerra,13.916
2015,12,Figueirense,Joinville,0,2,08/07/2015,Marcelo de Lima Henrique  (RJ),3.891
2015,12,Palmeiras,Avaí,3,0,08/07/2015,Igor Junior Benevenuto,37.530
2015,12,Vasco da Gama,São Paulo,0,4,08/07/2015,Leandro Pedro Vuaden,15.812
2015,12,Internacional,Flamengo,1,2,08/07/2015,Wilton Sampaio,10.931
2015,12,Atlético-MG,Sport,2,1,08/07/2015,Elmo Alves Resende Cunha (GO),50.684
2015,12,Corinthians,Atlético-PR,2,0,09/07/2015,Ricardo Marques Ribeiro (MG),32.442
2015,12,Fluminense,Cruzeiro,1,0,09/07/2015,Héber Lopes,14.339
2015,13,Grêmio,Vasco da Gama,2,0,11/07/2015,Luiz Flávio de Oliveira (SP),32.464
2015,13,Santos,Figueirense,3,0,11/07/2015,André Luiz de Freitas Castro,8.393
2015,13,Ponte Preta,Atlético-MG,0,2,11/07/2015,Rodolpho Toski Marques,4.733
2015,13,São Paulo,Coritiba,3,1,12/07/2015,Alisson Sidnei Furtado,59.612
2015,13,Flamengo,Corinthians,0,3,12/07/2015,Leandro Pedro Vuaden,29.872
2015,13,Atlético-PR,Fluminense,1,2,12/07/2015,Anderson Daronco,15.648
2015,13,Cruzeiro,Goiás,1,0,12/07/2015,Émerson Luiz Sobral (PE),10.675
2015,13,Joinville,Internacional,0,2,12/07/2015,Francisco Carlos do Nascimento,10.324
2015,13,Avaí,Chapecoense,2,1,12/07/2015,Héber Lopes,5.086
2015,13,Sport,Palmeiras,2,2,12/07/2015,Emerson de Almeida Ferreira,35.163
2015,14,Flamengo,Grêmio,1,0,18/07/2015,Ricardo Marques Ribeiro (MG),51.055
2015,14,Internacional,Goiás,2,1,18/07/2015,Marcelo de Lima Henrique  (RJ),16.768
2015,14,Corinthians,Atlético-MG,1,0,18/07/2015,Anderson Daronco,36.280
2015,14,Atlético-PR,Chapecoense,1,0,19/07/2015,Luis Cesar de Oliveira Magalhães,15.862
2015,14,Figueirense,Coritiba,0,0,19/07/2015,Émerson Luiz Sobral (PE),8.016
2015,14,Palmeiras,Santos,1,0,19/07/2015,Wagner do Nascimento Magalhães,38.220
2015,14,Sport,São Paulo,2,0,19/07/2015,André Luiz de Freitas Castro,35.853
2015,14,Fluminense,Vasco da Gama,1,2,19/07/2015,Luiz Flávio de Oliveira (SP),41.764
2015,14,Cruzeiro,Avaí,1,1,19/07/2015,Jailson Macedo Freitas (BA),13.860
2015,14,Joinville,Ponte Preta,1,1,19/07/2015,Raphael Claus,8.250
2015,15,Avaí,Atlético-PR,1,2,25/07/2015,Wilton Sampaio,4.919
2015,15,Grêmio,Sport,1,1,25/07/2015,Péricles Bassols Pegado Cortez (RJ),33.437
2015,15,Atlético-MG,Figueirense,1,0,25/07/2015,Luiz Flávio de Oliveira (SP),16.056
2015,15,Santos,Joinville,2,0,26/07/2015,Ricardo Marques Ribeiro (MG),12.974
2015,15,Chapecoense,Fluminense,2,1,26/07/2015,Raphael Claus,8.494
2015,15,São Paulo,Cruzeiro,1,0,26/07/2015,Marcelo de Lima Henrique  (RJ),29.719
2015,15,Coritiba,Corinthians,1,1,26/07/2015,Pablo dos Santos Alves,20.467
2015,15,Goiás,Flamengo,0,1,26/07/2015,Héber Lopes,12.248
2015,15,Ponte Preta,Internacional,0,0,26/07/2015,Bruno Arleu de Araújo,4.698
2015,15,Vasco da Gama,Palmeiras,1,4,26/07/2015,Anderson Daronco,14.875
2015,16,Atlético-MG,São Paulo,3,1,29/07/2015,Dewson Fernando Freitas da Silva,47.606
2015,16,Corinthians,Vasco da Gama,3,0,29/07/2015,Leandro Pedro Vuaden,30.340
2015,16,Fluminense,Grêmio,1,0,01/08/2015,Wilton Sampaio,33.288
2015,16,Coritiba,Goiás,1,1,02/08/2015,Dewson Fernando Freitas da Silva,24.595
2015,16,Palmeiras,Atlético-PR,0,1,02/08/2015,Ricardo Marques Ribeiro (MG),38.794
2015,16,Flamengo,Santos,2,2,02/08/2015,Anderson Daronco,61.421
2015,16,Internacional,Chapecoense,0,0,02/08/2015,Péricles Bassols Pegado Cortez (RJ),21.253
2015,16,Joinville,Avaí,2,0,02/08/2015,Rodrigo D'Alonso Ferreira,11.245
2015,16,Figueirense,Ponte Preta,3,1,02/08/2015,Héber Lopes,7.369
2015,16,Sport,Cruzeiro,0,0,02/08/2015,Leandro Pedro Vuaden,28.018
2015,17,Avaí,Fluminense,1,0,08/08/2015,Thiago Duarte Peixoto,11.033
2015,17,Santos,Coritiba,3,0,08/08/2015,Igor Junior Benevenuto,12.657
2015,17,Vasco da Gama,Joinville,0,0,09/08/2015,Luiz Flávio de Oliveira (SP),41.581
2015,17,Atlético-PR,Sport,1,1,09/08/2015,Anderson Daronco,27.327
2015,17,Goiás,Atlético-MG,0,0,09/08/2015,Raphael Claus,7.762
2015,17,Ponte Preta,Flamengo,1,0,09/08/2015,Jailson Macedo Freitas (BA),11.694
2015,17,São Paulo,Corinthians,1,1,09/08/2015,Leandro Pedro Vuaden,31.248
2015,17,Cruzeiro,Palmeiras,2,1,09/08/2015,Wilton Sampaio,20.839
2015,17,Grêmio,Internacional,5,0,09/08/2015,Dewson Fernando Freitas da Silva,42.432
2015,17,Chapecoense,Figueirense,2,2,09/08/2015,Ricardo Marques Ribeiro (MG),8.728
2015,18,Coritiba,Palmeiras,2,1,12/08/2015,Péricles Bassols Pegado Cortez (RJ),15.721
2015,18,Flamengo,Atlético-PR,3,2,12/08/2015,Marcelo Aparecido Ribeiro de Souza,20.881
2015,18,Goiás,Chapecoense,0,0,12/08/2015,Wagner do Nascimento Magalhães,1.619
2015,18,Santos,Vasco da Gama,1,0,12/08/2015,Émerson Luiz Sobral (PE),12.038
2015,18,Corinthians,Sport,4,3,12/08/2015,Luiz Flávio de Oliveira (SP),30.941
2015,18,Internacional,Fluminense,1,0,12/08/2015,Flávio Rodrigues Guerra,11.415
2015,18,Figueirense,São Paulo,0,2,12/08/2015,Anderson Daronco,10.301
2015,18,Ponte Preta,Avaí,2,0,13/08/2015,Marcelo de Lima Henrique  (RJ),7.667
2015,18,Atlético-MG,Grêmio,0,2,13/08/2015,Dewson Fernando Freitas da Silva,49.047
2015,18,Joinville,Cruzeiro,3,0,13/08/2015,Leandro Pedro Vuaden,10.498
2015,19,Atlético-PR,Santos,0,0,15/08/2015,Bruno Arleu de Araújo,19.849
2015,19,Vasco da Gama,Coritiba,0,1,15/08/2015,Raphael Claus,10.657
2015,19,São Paulo,Goiás,0,3,15/08/2015,Marielson Alves Silva,25.452
2015,19,Palmeiras,Flamengo,4,2,16/08/2015,Igor Junior Benevenuto,37.739
2015,19,Sport,Ponte Preta,1,1,16/08/2015,Sandro Ricci,11.967
2015,19,Fluminense,Figueirense,2,1,16/08/2015,Diego Almeida Real,23.130
2015,19,Cruzeiro,Internacional,0,0,16/08/2015,Luiz Flávio de Oliveira (SP),14.166
2015,19,Avaí,Corinthians,1,2,16/08/2015,Anderson Daronco,11.304
2015,19,Chapecoense,Atlético-MG,2,1,16/08/2015,Marcos André Gomes da Penha,8.133
2015,19,Grêmio,Joinville,2,1,16/08/2015,Jailson Macedo Freitas (BA),31.183
2015,20,Santos,Avaí,5,2,22/08/2015,Leandro Pedro Vuaden,12.036
2015,20,Goiás,Vasco da Gama,3,0,22/08/2015,Luiz Flávio de Oliveira (SP),12.154
2015,20,Figueirense,Sport,2,1,22/08/2015,Wagner do Nascimento Magalhães,5.158
2015,20,Ponte Preta,Grêmio,0,0,23/08/2015,Emerson de Almeida Ferreira,8.612
2015,20,Coritiba,Chapecoense,1,0,23/08/2015,Ricardo Marques Ribeiro (MG),23.479
2015,20,Flamengo,São Paulo,2,1,23/08/2015,Anderson Daronco,42.954
2015,20,Internacional,Atlético-PR,2,0,23/08/2015,Raphael Claus,22.393
2015,20,Joinville,Fluminense,2,1,23/08/2015,Émerson Luiz Sobral (PE),12.395
2015,20,Corinthians,Cruzeiro,3,0,23/08/2015,Péricles Bassols Pegado Cortez (RJ),41.014
2015,20,Atlético-MG,Palmeiras,2,1,23/08/2015,Sandro Ricci,17.464
2015,21,Vasco da Gama,Figueirense,0,1,29/08/2015,Franscisco Carlos do Nascimento,17.940
2015,21,São Paulo,Ponte Preta,3,0,29/08/2015,Marcelo Aparecido Ribeiro de Souza,12.145
2015,21,Avaí,Internacional,3,0,30/08/2015,Péricles Bassols Pegado Cortez (RJ),11.150
2015,21,Grêmio,Coritiba,0,0,30/08/2015,Luiz Flávio de Oliveira (SP),46.000
2015,21,Chapecoense,Corinthians,1,3,30/08/2015,Wilton Sampaio,13.222
2015,21,Sport,Flamengo,0,1,30/08/2015,Braulio da Silva Machado,34.939
2015,21,Fluminense,Atlético-MG,1,2,30/08/2015,Marielson Alves Silva,20.533
2015,21,Palmeiras,Joinville,3,2,30/08/2015,Bruno Arleu de Araújo,28.907
2015,21,Atlético-PR,Goiás,3,0,30/08/2015,Jailson Macedo Freitas (BA),14.348
2015,21,Cruzeiro,Santos,0,1,30/08/2015,Rodolpho Toski Marques,8.271
2015,22,Joinville,São Paulo,0,0,02/09/2015,Rodolpho Toski Marques,13.064
2015,22,Internacional,Vasco da Gama,6,0,02/09/2015,Ricardo Marques Ribeiro (MG),15.021
2015,22,Ponte Preta,Cruzeiro,1,2,02/09/2015,Émerson Luiz Sobral (PE),5.343
2015,22,Flamengo,Avaí,3,0,02/09/2015,Thiago Duarte Peixoto,22.825
2015,22,Atlético-MG,Atlético-PR,0,1,02/09/2015,Marcelo de Lima Henrique  (RJ),12.064
2015,22,Corinthians,Fluminense,2,0,02/09/2015,Marielson Alves Silva,29.328
2015,22,Coritiba,Sport,0,0,02/09/2015,Wilton Sampaio,10.000
2015,22,Goiás,Palmeiras,1,0,02/09/2015,Leandro Pedro Vuaden,16.024
2015,22,Santos,Chapecoense,3,1,03/09/2015,Bruno Arleu de Araújo,8.047
2015,22,Figueirense,Grêmio,0,2,03/09/2015,Raphael Claus,10.823
2015,23,Vasco da Gama,Atlético-MG,1,2,05/09/2015,Elmo Alves Resende Cunha (GO),8.768
2015,23,São Paulo,Internacional,2,0,05/09/2015,Wilton Sampaio,20.935
2015,23,Atlético-PR,Joinville,0,0,05/09/2015,Flavio Rodrigues de Souza,14.715
2015,23,Chapecoense,Ponte Preta,0,0,06/09/2015,Cleisson Veloso Pereira,5.228
2015,23,Cruzeiro,Figueirense,5,1,06/09/2015,Jailson Macedo Freitas (BA),39.040
2015,23,Palmeiras,Corinthians,3,3,06/09/2015,Raphael Claus,35.707
2015,23,Fluminense,Flamengo,1,3,06/09/2015,Ricardo Marques Ribeiro (MG),55.999
2015,23,Avaí,Coritiba,0,2,06/09/2015,Nielson Nogueira Dias,4.773
2015,23,Grêmio,Goiás,2,1,06/09/2015,Sandro Ricci,29.184
2015,23,Sport,Santos,1,1,06/09/2015,Emerson de Almeida Ferreira,7.308
2015,24,Ponte Preta,Vasco da Gama,0,1,09/09/2015,Diego Almeida Real,3.961
2015,24,Atlético-MG,Avaí,2,0,09/09/2015,Luis Teixeira Rocha,10.388
2015,24,Internacional,Palmeiras,1,0,09/09/2015,Wagner Reway,13.690
2015,24,Figueirense,Atlético-PR,1,1,09/09/2015,Dewson Fernando Freitas da Silva,5.890
2015,24,Santos,São Paulo,3,0,09/09/2015,Luiz Flávio de Oliveira (SP),5.552
2015,24,Coritiba,Fluminense,1,1,09/09/2015,Leandro Pedro Vuaden,12.619
2015,24,Corinthians,Grêmio,1,1,09/09/2015,André Luiz de Freitas Castro,30.126
2015,24,Goiás,Sport,1,0,10/09/2015,Thiago Duarte Peixoto,2.650
2015,24,Joinville,Chapecoense,0,0,10/09/2015,Braulio da Silva Machado,7.387
2015,24,Flamengo,Cruzeiro,2,0,10/09/2015,Marcelo Aparecido Ribeiro de Souza,43.017
2015,25,Coritiba,Internacional,0,1,12/09/2015,Raphael Claus,14.656
2015,25,Palmeiras,Figueirense,2,0,12/09/2015,Wagner do Nascimento Magalhães,22.794
2015,25,Corinthians,Joinville,3,0,13/09/2015,Wilton Sampaio,41.809
2015,25,Ponte Preta,Santos,3,1,13/09/2015,Flavio Rodrigues de Souza,8.273
2015,25,Cruzeiro,Atlético-MG,1,1,13/09/2015,Leandro Pedro Vuaden,45.991
2015,25,Grêmio,São Paulo,1,2,13/09/2015,Sandro Ricci,44.227
2015,25,Vasco da Gama,Atlético-PR,2,0,13/09/2015,André Luiz de Freitas Castro,10.805
2015,25,Chapecoense,Flamengo,1,3,13/09/2015,Anderson Daronco,10.800
2015,25,Sport,Fluminense,1,0,13/09/2015,Héber Lopes,5.333
2015,25,Avaí,Goiás,2,1,13/09/2015,Bruno Arleu de Araújo,4.767
2015,26,Joinville,Sport,1,1,16/09/2015,Ricardo Marques Ribeiro (MG),9.512
2015,26,Fluminense,Palmeiras,1,4,16/09/2015,Anderson Daronco,11.063
2015,26,Goiás,Ponte Preta,1,2,16/09/2015,Dewson Fernando Freitas da Silva,2.885
2015,26,Figueirense,Avaí,0,1,16/09/2015,Flavio Rodrigues de Souza,9.618
2015,26,Atlético-PR,Grêmio,1,2,16/09/2015,Braulio da Silva Machado,13.619
2015,26,Santos,Atlético-MG,4,0,16/09/2015,Héber Lopes,6.179
2015,26,Cruzeiro,Vasco da Gama,2,2,16/09/2015,Thiago Duarte Peixoto,19.888
2015,26,Internacional,Corinthians,2,1,16/09/2015,Jailson Macedo Freitas (BA),19.073
2015,26,São Paulo,Chapecoense,0,0,17/09/2015,Elmo Alves Resende Cunha (GO),16.502
2015,26,Flamengo,Coritiba,0,2,17/09/2015,Marielson Alves Silva,67.011
2015,27,Palmeiras,Grêmio,3,2,19/09/2015,Wilton Sampaio,21.257
2015,27,Internacional,Figueirense,1,1,19/09/2015,Nielson Nogueira Dias,16.631
2015,27,Ponte Preta,Fluminense,3,1,19/09/2015,André Luiz de Freitas Castro,5.470
2015,27,Corinthians,Santos,2,0,20/09/2015,Flávio Rodrigues Guerra,41.748
2015,27,Goiás,Joinville,3,0,20/09/2015,Raphael Claus,3.961
2015,27,Atlético-MG,Flamengo,4,1,20/09/2015,Sandro Ricci,20.203
2015,27,Avaí,São Paulo,2,1,20/09/2015,Jailson Macedo Freitas (BA),9.579
2015,27,Vasco da Gama,Sport,2,1,20/09/2015,Héber Lopes,19.128
2015,27,Coritiba,Atlético-PR,2,0,20/09/2015,Marcelo de Lima Henrique  (RJ),30.867
2015,27,Chapecoense,Cruzeiro,0,2,20/09/2015,Wagner do Nascimento Magalhães,5.915
2015,28,Fluminense,Goiás,2,0,26/09/2015,Marielson Alves Silva,9.238
2015,28,Grêmio,Avaí,3,1,26/09/2015,Marcelo Aparecido Ribeiro de Souza,13.251
2015,28,Santos,Internacional,3,1,27/09/2015,Héber Lopes,11.043
2015,28,Atlético-PR,Ponte Preta,1,2,27/09/2015,Sandro Ricci,12.629
2015,28,Joinville,Atlético-MG,2,2,27/09/2015,Raphael Claus,7.486
2015,28,Flamengo,Vasco da Gama,1,2,27/09/2015,Leandro Pedro Vuaden,40.240
2015,28,Figueirense,Corinthians,1,3,27/09/2015,Marcelo de Lima Henrique  (RJ),9.484
2015,28,São Paulo,Palmeiras,1,1,27/09/2015,Anderson Daronco,25.047
2015,28,Cruzeiro,Coritiba,2,0,27/09/2015,Flavio Rodrigues de Souza,22.897
2015,28,Sport,Chapecoense,3,0,27/09/2015,Ricardo Marques Ribeiro (MG),4.882
2015,29,Coritiba,Atlético-MG,0,3,03/10/2015,Péricles Bassols Pegado Cortez (RJ),14.469
2015,29,Internacional,Sport,2,1,03/10/2015,Braulio da Silva Machado,14.386
2015,29,São Paulo,Atlético-PR,1,0,03/10/2015,Igor Junior Benevenuto,11.066
2015,29,Flamengo,Joinville,2,0,04/10/2015,Luiz Flávio de Oliveira (SP),52.462
2015,29,Avaí,Vasco da Gama,1,1,04/10/2015,Luis Teixeira Rocha,14.582
2015,29,Ponte Preta,Corinthians,2,2,04/10/2015,Flavio Rodrigues de Souza,10.311
2015,29,Cruzeiro,Grêmio,0,0,04/10/2015,Héber Lopes,29.294
2015,29,Goiás,Figueirense,2,3,04/10/2015,Ricardo Marques Ribeiro (MG),3.695
2015,29,Santos,Fluminense,3,1,04/10/2015,Sandro Ricci,7.491
2015,29,Chapecoense,Palmeiras,5,1,04/10/2015,Jailson Macedo Freitas (BA),16.474
2015,30,Sport,Avaí,3,0,14/10/2015,Péricles Bassols Pegado Cortez (RJ),5.049
2015,30,Atlético-MG,Internacional,2,1,14/10/2015,André Luiz de Freitas Castro,17.671
2015,30,Figueirense,Flamengo,3,0,14/10/2015,Anderson Daronco,12.820
2015,30,Joinville,Coritiba,3,1,14/10/2015,Marcelo de Lima Henrique  (RJ),7.416
2015,30,Palmeiras,Ponte Preta,0,1,14/10/2015,Raphael Claus,28.981
2015,30,Atlético-PR,Cruzeiro,2,2,14/10/2015,Wagner do Nascimento Magalhães,13.047
2015,30,Fluminense,São Paulo,2,0,14/10/2015,Braulio da Silva Machado,8.357
2015,30,Corinthians,Goiás,3,0,15/10/2015,Wagner Reway,41.179
2015,30,Vasco da Gama,Chapecoense,1,1,15/10/2015,Ricardo Marques Ribeiro (MG),22.827
2015,30,Grêmio,Santos,1,0,15/10/2015,Marielson Alves Silva,8.837
2015,31,Avaí,Palmeiras,1,3,17/10/2015,Marcelo de Lima Henrique  (RJ),9.254
2015,31,Joinville,Figueirense,1,0,17/10/2015,Nielson Nogueira Dias,8.954
2015,31,Ponte Preta,Coritiba,3,0,18/10/2015,Pablo dos Santos Alves,6.535
2015,31,Cruzeiro,Fluminense,2,0,18/10/2015,André Luiz de Freitas Castro,38.577
2015,31,Atlético-PR,Corinthians,1,4,18/10/2015,Elmo Alves Resende Cunha (GO),23.850
2015,31,São Paulo,Vasco da Gama,2,2,18/10/2015,Dewson Fernando Freitas da Silva,18.349
2015,31,Flamengo,Internacional,0,1,18/10/2015,Héber Lopes,24.599
2015,31,Santos,Goiás,3,1,18/10/2015,Anderson Daronco,6.198
2015,31,Grêmio,Chapecoense,2,3,18/10/2015,Luiz Flávio de Oliveira (SP),19.925
2015,31,Sport,Atlético-MG,4,1,18/10/2015,Wilton Sampaio,15.459
2015,32,Fluminense,Atlético-PR,0,1,24/10/2015,Luiz Flávio de Oliveira (SP),7.012
2015,32,Figueirense,Santos,0,0,24/10/2015,Leandro Pedro Vuaden,7.634
2015,32,Internacional,Joinville,1,0,24/10/2015,Dewson Fernando Freitas da Silva,19.133
2015,32,Palmeiras,Sport,0,2,24/10/2015,André Luiz de Freitas Castro,19.395
2015,32,Vasco da Gama,Grêmio,0,0,25/10/2015,Marcelo Aparecido Ribeiro de Souza,17.442
2015,32,Corinthians,Flamengo,1,0,25/10/2015,Wilton Sampaio,43.942
2015,32,Coritiba,São Paulo,1,2,25/10/2015,Marielson Alves Silva,15.002
2015,32,Chapecoense,Avaí,0,0,25/10/2015,Anderson Daronco,7.919
2015,32,Goiás,Cruzeiro,0,1,25/10/2015,Nielson Nogueira Dias,13.101
2015,32,Atlético-MG,Ponte Preta,2,1,25/10/2015,Sandro Ricci,13.232
2015,33,São Paulo,Sport,3,0,31/10/2015,Wagner Reway,14.002
2015,33,Avaí,Cruzeiro,1,1,31/10/2015,Raphael Claus,5.114
2015,33,Ponte Preta,Joinville,1,0,31/10/2015,Marielson Alves Silva,4.858
2015,33,Coritiba,Figueirense,1,1,31/10/2015,Ricardo Marques Ribeiro (MG),6.196
2015,33,Grêmio,Flamengo,2,0,01/11/2015,Braulio da Silva Machado,35.160
2015,33,Santos,Palmeiras,2,1,01/11/2015,Péricles Bassols Pegado Cortez (RJ),11.767
2015,33,Atlético-MG,Corinthians,0,3,01/11/2015,Héber Lopes,21.798
2015,33,Chapecoense,Atlético-PR,0,0,01/11/2015,André Luiz de Freitas Castro,12.419
2015,33,Vasco da Gama,Fluminense,0,1,01/11/2015,Luiz Flávio de Oliveira (SP),11.957
2015,33,Goiás,Internacional,2,1,01/11/2015,Marcelo Aparecido Ribeiro de Souza,6.420
2015,34,Internacional,Ponte Preta,1,0,07/11/2015,Ricardo Marques Ribeiro (MG),17.431
2015,34,Corinthians,Coritiba,2,1,07/11/2015,Dewson Fernando Freitas da Silva,43.688
2015,34,Atlético-PR,Avaí,2,1,07/11/2015,Marielson Alves Silva,9.491
2015,34,Fluminense,Chapecoense,2,3,07/11/2015,Nielson Nogueira Dias,4.153
2015,34,Figueirense,Atlético-MG,0,1,08/11/2015,Marcelo Aparecido Ribeiro de Souza,11.556
2015,34,Flamengo,Goiás,4,1,08/11/2015,Luiz Flávio de Oliveira (SP),12.634
2015,34,Palmeiras,Vasco da Gama,0,2,08/11/2015,Anderson Daronco,28.800
2015,34,Cruzeiro,São Paulo,2,1,08/11/2015,Marcelo de Lima Henrique  (RJ),33.417
2015,34,Joinville,Santos,0,0,08/11/2015,Wagner Reway,9.679
2015,34,Sport,Grêmio,1,0,08/11/2015,Héber Lopes,11.091
2015,35,Cruzeiro,Sport,3,0,15/11/2015,Marielson Alves Silva,25.851
2015,35,Goiás,Coritiba,1,3,18/11/2015,Ricardo Marques Ribeiro (MG),16.896
2015,35,Atlético-PR,Palmeiras,3,3,18/11/2015,Dewson Fernando Freitas da Silva,13.650
2015,35,Ponte Preta,Figueirense,0,1,18/11/2015,Franscisco Carlos do Nascimento,4.152
2015,35,Avaí,Joinville,2,1,18/11/2015,Luiz Flávio de Oliveira (SP),8.153
2015,35,Grêmio,Fluminense,1,0,19/11/2015,Wagner Reway,14.241
2015,35,Chapecoense,Internacional,1,0,19/11/2015,Marcelo de Lima Henrique  (RJ),12.693
2015,35,São Paulo,Atlético-MG,4,2,19/11/2015,Leandro Pedro Vuaden,18.199
2015,35,Santos,Flamengo,0,0,19/11/2015,Héber Lopes,8.071
2015,35,Vasco da Gama,Corinthians,1,1,19/11/2015,Anderson Daronco,19.225
2015,36,Palmeiras,Cruzeiro,1,1,21/11/2015,Elmo Alves Resende Cunha (GO),19.395
2015,36,Corinthians,São Paulo,6,1,22/11/2015,Péricles Bassols Pegado Cortez (RJ),44.976
2015,36,Internacional,Grêmio,1,0,22/11/2015,Ricardo Marques Ribeiro (MG),30.682
2015,36,Atlético-MG,Goiás,2,2,22/11/2015,Nielson Nogueira Dias,9.373
2015,36,Joinville,Vasco da Gama,1,2,22/11/2015,Marcelo Aparecido Ribeiro de Souza,7.026
2015,36,Figueirense,Chapecoense,0,0,22/11/2015,Anderson Daronco,9.635
2015,36,Flamengo,Ponte Preta,1,1,22/11/2015,Dewson Fernando Freitas da Silva,12.814
2015,36,Coritiba,Santos,1,0,22/11/2015,Marielson Alves Silva,Marielson
2015,36,Sport,Atlético-PR,0,0,22/11/2015,André Luiz de Freitas Castro,André
2015,36,Fluminense,Avaí,3,1,22/11/2015,Flávio Rodrigues Guerra,9.183
2015,37,São Paulo,Figueirense,3,2,28/11/2015,Wagner Reway,20.034
2015,37,Fluminense,Internacional,1,1,28/11/2015,Marielson Alves Silva,6.645
2015,37,Avaí,Ponte Preta,1,0,28/11/2015,Anderson Daronco,7.150
2015,37,Grêmio,Atlético-MG,2,1,29/11/2015,Péricles Bassols Pegado Cortez (RJ),36.862
2015,37,Sport,Corinthians,2,0,29/11/2015,Ricardo Marques Ribeiro (MG),19.048
2015,37,Cruzeiro,Joinville,3,0,29/11/2015,Rodolpho Toski Marques,24.933
2015,37,Vasco da Gama,Santos,1,0,29/11/2015,Leandro Pedro Vuaden,10.614
2015,37,Palmeiras,Coritiba,0,2,29/11/2015,Igor Junior Benevenuto,15.037
2015,37,Chapecoense,Goiás,1,3,29/11/2015,Flavio Rodrigues de Souza,9.831
2015,37,Atlético-PR,Flamengo,3,0,29/11/2015,Marcelo Aparecido Ribeiro de Souza,25.889
2015,38,Figueirense,Fluminense,1,0,06/12/2015,Dewson Fernando Freitas da Silva,16.047
2015,38,Flamengo,Palmeiras,1,2,06/12/2015,Wagner Reway,16.070
2015,38,Corinthians,Avaí,1,1,06/12/2015,Leandro Pedro Vuaden,43.652
2015,38,Coritiba,Vasco da Gama,0,0,06/12/2015,Anderson Daronco,10.322
2015,38,Internacional,Cruzeiro,2,0,06/12/2015,André Luiz de Freitas Castro,29.836
2015,38,Santos,Atlético-PR,5,1,06/12/2015,Marcelo de Lima Henrique  (RJ),3.836
2015,38,Goiás,São Paulo,0,1,06/12/2015,Ricardo Marques Ribeiro (MG),34.284
2015,38,Atlético-MG,Chapecoense,3,0,06/12/2015,Wilton Sampaio,32.229
2015,38,Ponte Preta,Sport,0,1,06/12/2015,Péricles Bassols Pegado Cortez (RJ),2.542
2015,38,Joinville,Grêmio,0,2,06/12/2015,Raphael Claus,5.979
