ano,rodada,clube_mandante,clube_visitante,gols_mandante,gols_visitante,data,juiz,publico
2008,1,Náutico,Goiás,2,1,10/05/2008,João Alberto Gomes Duarte (RN),14.620
2008,1,São Paulo,Grêmio,0,1,10/05/2008,Luís Antônio Silva Santos (RJ),7.929
2008,1,Vitória,Cruzeiro,0,2,10/05/2008,Giulliano Bozzano (DF),14.679
2008,1,Internacional,Vasco da Gama,1,0,11/05/2008,Salvio Fagundes Filho,25.744
2008,1,Ipatinga FC,Atlético-PR,0,1,11/05/2008,Celio Amorim,286
2008,1,Coritiba,Palmeiras,2,0,11/05/2008,Ricardo Marques Ribeiro (MG),31.660
2008,1,Botafogo,Sport,2,0,11/05/2008,Cleber Wellington Abade (SP),2.562
2008,1,Flamengo,Santos,3,1,11/05/2008,Héber Lopes,Héber
2008,1,Atlético-MG,Fluminense,0,0,11/05/2008,Wallace Nascimento Valente (ES),10.619
2008,1,Portuguesa,Figueirense,5,5,11/05/2008,Émerson Luiz Sobral (PE),2.495
2008,2,Sport,Vitória,0,0,17/05/2008,Leonardo Gaciba da Silva,19.104
2008,2,Vasco da Gama,Portuguesa,3,1,17/05/2008,Carlos Simon,6.033
2008,2,Cruzeiro,Botafogo,1,0,17/05/2008,Paulo César de Oliveira,14.296
2008,2,Goiás,Atlético-MG,1,1,18/05/2008,Héber Lopes,3.931
2008,2,Fluminense,Náutico,0,2,18/05/2008,Luiz Alberto Sardinha Bites (GO),8.555
2008,2,Atlético-PR,São Paulo,1,1,18/05/2008,Djalma José Beltrami Teixeira,21.569
2008,2,Grêmio,Flamengo,0,0,18/05/2008,Wilson Luiz Seneme,38.564
2008,2,Figueirense,Coritiba,2,1,18/05/2008,Elmo Alves Resende Cunha (GO),7.139
2008,2,Palmeiras,Internacional,2,1,18/05/2008,Marcelo de Lima Henrique  (RJ),10.081
2008,2,Santos,Ipatinga FC,4,0,18/05/2008,Evandro Rogerio Roman (PR),2.396
2008,3,Vitória,Figueirense,4,0,24/05/2008,Luiz Flávio de Oliveira (SP),12.027
2008,3,Grêmio,Náutico,2,0,24/05/2008,Alício Pena Junior,23.685
2008,3,Flamengo,Internacional,2,1,24/05/2008,Evandro Rogerio Roman (PR),27.031
2008,3,Cruzeiro,Santos,4,0,25/05/2008,Sergio da Silva Carvalho,19.291
2008,3,Goiás,Ipatinga FC,1,1,25/05/2008,Jailson Macedo Freitas (BA),1.773
2008,3,Sport,Fluminense,2,1,25/05/2008,Leandro Pedro Vuaden,16.933
2008,3,São Paulo,Coritiba,1,1,25/05/2008,Wagner Tardelli Azevedo,5.027
2008,3,Atlético-PR,Atlético-MG,1,1,25/05/2008,Émerson Luiz Sobral (PE),14.741
2008,3,Portuguesa,Palmeiras,1,1,25/05/2008,Salvio Fagundes Filho,6.428
2008,3,Botafogo,Vasco da Gama,1,1,25/05/2008,Luís Antônio Silva Santos (RJ),14.677
2008,4,Vasco da Gama,Grêmio,2,1,31/05/2008,José Henrique de Carvalho (SP),3.402
2008,4,Figueirense,Goiás,0,0,31/05/2008,Rodrigo Martins Cintra (SP),5.027
2008,4,Internacional,Sport,1,1,31/05/2008,Jailson Macedo Freitas (BA),23.456
2008,4,Santos,São Paulo,0,0,01/06/2008,Leonardo Gaciba da Silva,7.298
2008,4,Ipatinga FC,Vitória,2,0,01/06/2008,Gutemberg de Paula Fonseca (RJ),Gutemberg
2008,4,Palmeiras,Atlético-PR,1,0,01/06/2008,Giulliano Bozzano (DF),Giulliano
2008,4,Náutico,Botafogo,3,0,01/06/2008,Wilson Luiz Seneme,17.436
2008,4,Coritiba,Cruzeiro,1,1,01/06/2008,Carlos Simon,Carlos
2008,4,Atlético-MG,Portuguesa,2,0,01/06/2008,Héber Lopes,9.522
2008,4,Fluminense,Flamengo,0,1,01/06/2008,Péricles Bassols Pegado Cortez (RJ),19.441
2008,5,Flamengo,Figueirense,5,0,07/06/2008,Leandro Pedro Vuaden,22.002
2008,5,Ipatinga FC,Náutico,0,0,07/06/2008,Guilherme Ceretta de Lima (SP),2.875
2008,5,São Paulo,Atlético-MG,5,1,07/06/2008,Péricles Bassols Pegado Cortez (RJ),7.609
2008,5,Sport,Palmeiras,2,0,08/06/2008,Jailson Macedo Freitas (BA),Jailson
2008,5,Grêmio,Fluminense,2,1,08/06/2008,Evandro Rogerio Roman (PR),23.176
2008,5,Portuguesa,Internacional,3,1,08/06/2008,Wagner Tardelli Azevedo,3.415
2008,5,Atlético-PR,Goiás,5,0,08/06/2008,Paulo César de Oliveira,14.721
2008,5,Botafogo,Coritiba,2,1,08/06/2008,Alício Pena Junior,6.008
2008,5,Vitória,Santos,1,0,08/06/2008,Marcelo de Lima Henrique  (RJ),Marcelo
2008,5,Cruzeiro,Vasco da Gama,1,0,08/06/2008,Wilson Souza de Mendonça,20.278
2008,6,Fluminense,Santos,1,1,12/06/2008,Carlos Simon,6.539
2008,6,Atlético-MG,Ipatinga FC,4,2,12/06/2008,Luiz Flávio de Oliveira (SP),5.357
2008,6,Palmeiras,Cruzeiro,5,2,12/06/2008,Héber Lopes,Héber
2008,6,Figueirense,Sport,3,1,14/06/2008,Paulo César de Oliveira,5.100
2008,6,Internacional,Botafogo,2,1,14/06/2008,Salvio Fagundes Filho,20.694
2008,6,Flamengo,São Paulo,2,4,14/06/2008,Leonardo Gaciba da Silva,55.238
2008,6,Náutico,Vasco da Gama,1,1,14/06/2008,Sergio da Silva Carvalho,Sergio
2008,6,Goiás,Grêmio,0,3,14/06/2008,Jailson Macedo Freitas (BA),Jailson
2008,6,Portuguesa,Atlético-PR,1,0,14/06/2008,Elmo Alves Resende Cunha (GO),Elmo
2008,6,Coritiba,Vitória,0,0,14/06/2008,Celio Amorim,Celio
2008,7,Coritiba,Fluminense,2,1,21/06/2008,Alício Pena Junior,15.323
2008,7,São Paulo,Sport,1,0,21/06/2008,Gutemberg de Paula Fonseca (RJ),11.560
2008,7,Botafogo,Portuguesa,0,1,21/06/2008,Jailson Macedo Freitas (BA),5.230
2008,7,Cruzeiro,Figueirense,3,0,21/06/2008,Djalma José Beltrami Teixeira,8.988
2008,7,Vasco da Gama,Palmeiras,0,2,22/06/2008,Carlos Simon,5.348
2008,7,Ipatinga FC,Flamengo,1,3,22/06/2008,Wilton Sampaio,13.260
2008,7,Vitória,Internacional,2,1,22/06/2008,Ricardo Marques Ribeiro (MG),Ricardo
2008,7,Náutico,Atlético-MG,2,1,22/06/2008,Celio Amorim,15.104
2008,7,Grêmio,Atlético-PR,3,0,22/06/2008,Guilherme Ceretta de Lima (SP),21.438
2008,7,Santos,Goiás,0,4,22/06/2008,Cláudio Luciano Mercante Júnior (PE),3.848
2008,8,Portuguesa,Santos,0,0,28/06/2008,Carlos Simon,Carlos
2008,8,Vasco da Gama,Ipatinga FC,4,2,28/06/2008,Héber Lopes,2.724
2008,8,Vitória,Goiás,3,0,28/06/2008,Sergio da Silva Carvalho,13.089
2008,8,Sport,Flamengo,1,2,29/06/2008,Salvio Fagundes Filho,Salvio
2008,8,Figueirense,Atlético-MG,1,1,29/06/2008,Evandro Rogerio Roman (PR),Evandro
2008,8,Cruzeiro,São Paulo,1,1,29/06/2008,Marcelo de Lima Henrique  (RJ),37.115
2008,8,Atlético-PR,Coritiba,1,1,29/06/2008,Paulo César de Oliveira,Paulo
2008,8,Grêmio,Internacional,1,1,29/06/2008,Alício Pena Junior,Alício
2008,8,Palmeiras,Náutico,2,0,29/06/2008,Djalma José Beltrami Teixeira,Djalma
2008,8,Fluminense,Botafogo,0,0,29/06/2008,Leonardo Gaciba da Silva,Leonardo
2008,9,Atlético-PR,Santos,1,0,05/07/2008,Sergio da Silva Carvalho,Sergio
2008,9,Sport,Cruzeiro,1,0,05/07/2008,Giulliano Bozzano (DF),18.732
2008,9,Flamengo,Náutico,3,0,05/07/2008,Jailson Macedo Freitas (BA),44.434
2008,9,Atlético-MG,Palmeiras,1,1,06/07/2008,Evandro Rogerio Roman (PR),Evandro
2008,9,Internacional,Coritiba,3,0,06/07/2008,Wilson Luiz Seneme,27.528
2008,9,Portuguesa,Vitória,1,2,06/07/2008,Djalma José Beltrami Teixeira,4.420
2008,9,Figueirense,Vasco da Gama,2,1,06/07/2008,Guilherme Ceretta de Lima (SP),Guilherme
2008,9,Botafogo,Grêmio,2,0,06/07/2008,Cláudio Luciano Mercante Júnior (PE),Cláudio
2008,9,Goiás,Fluminense,1,0,06/07/2008,Celio Amorim,Celio
2008,9,São Paulo,Ipatinga FC,1,1,06/07/2008,Leandro Pedro Vuaden,13.421
2008,10,Internacional,Goiás,1,0,09/07/2008,Péricles Bassols Pegado Cortez (RJ),26.535
2008,10,Coritiba,Portuguesa,4,0,09/07/2008,Leonardo Gaciba da Silva,Leonardo
2008,10,Vitória,Botafogo,5,2,09/07/2008,José Henrique de Carvalho (SP),26.560
2008,10,Fluminense,Atlético-PR,3,0,09/07/2008,Salvio Fagundes Filho,11.466
2008,10,Santos,Grêmio,1,1,09/07/2008,Gutemberg de Paula Fonseca (RJ),Gutemberg
2008,10,Náutico,São Paulo,2,1,09/07/2008,Wagner Tardelli Azevedo,Wagner
2008,10,Atlético-MG,Flamengo,1,1,09/07/2008,Paulo César de Oliveira,Paulo
2008,10,Vasco da Gama,Sport,4,0,10/07/2008,Antonio Hora Filho (SE),6.703
2008,10,Ipatinga FC,Cruzeiro,2,2,10/07/2008,Alício Pena Junior,Alício
2008,10,Palmeiras,Figueirense,1,1,10/07/2008,Héber Lopes,Héber
2008,11,Fluminense,Vitória,2,1,12/07/2008,Leonardo Gaciba da Silva,13.860
2008,11,Goiás,Coritiba,2,2,12/07/2008,Wilton Sampaio,Wilton
2008,11,Ipatinga FC,Figueirense,0,1,13/07/2008,Cláudio Luciano Mercante Júnior (PE),Cláudio
2008,11,Santos,Botafogo,2,2,13/07/2008,Alício Pena Junior,Alício
2008,11,Cruzeiro,Atlético-MG,2,1,13/07/2008,Salvio Fagundes Filho,Salvio
2008,11,Atlético-PR,Internacional,1,1,13/07/2008,Giulliano Bozzano (DF),Giulliano
2008,11,São Paulo,Palmeiras,2,1,13/07/2008,Carlos Simon,22.235
2008,11,Náutico,Sport,0,2,13/07/2008,Wilson Souza de Mendonça,Wilson
2008,11,Flamengo,Vasco da Gama,3,1,13/07/2008,Djalma José Beltrami Teixeira,63.611
2008,11,Grêmio,Portuguesa,2,1,13/07/2008,Marcelo de Lima Henrique  (RJ),Marcelo
2008,12,Botafogo,Ipatinga FC,4,0,16/07/2008,Arilson Bispo da Anunciação,10.007
2008,12,Sport,Grêmio,2,2,16/07/2008,Paulo César de Oliveira,Paulo
2008,12,Figueirense,Santos,3,0,16/07/2008,Jailson Macedo Freitas (BA),Jailson
2008,12,Portuguesa,Náutico,3,2,16/07/2008,Ricardo Marques Ribeiro (MG),Ricardo
2008,12,Palmeiras,Fluminense,3,1,16/07/2008,Leandro Pedro Vuaden,Leandro
2008,12,Vitória,São Paulo,1,3,16/07/2008,Sergio da Silva Carvalho,35.000
2008,12,Cruzeiro,Atlético-PR,1,0,16/07/2008,André Luiz de Freitas Castro,André
2008,12,Vasco da Gama,Goiás,1,1,17/07/2008,Wilson Luiz Seneme,Wilson
2008,12,Internacional,Atlético-MG,1,0,17/07/2008,Rodrigo Braghetto,24.343
2008,12,Coritiba,Flamengo,1,0,17/07/2008,José Henrique de Carvalho (SP),José
2008,13,Fluminense,Figueirense,1,0,19/07/2008,Ricardo Marques Ribeiro (MG),Ricardo
2008,13,Grêmio,Cruzeiro,1,0,19/07/2008,Sergio da Silva Carvalho,28.217
2008,13,Ipatinga FC,Portuguesa,4,1,19/07/2008,Wilson Souza de Mendonça,Wilson
2008,13,Náutico,Internacional,1,1,20/07/2008,Rodrigo Martins Cintra (SP),Rodrigo
2008,13,Goiás,Palmeiras,3,2,20/07/2008,Alício Pena Junior,Alício
2008,13,Santos,Sport,1,0,20/07/2008,Luiz Alberto Sardinha Bites (GO),Luiz
2008,13,Atlético-PR,Vasco da Gama,3,1,20/07/2008,Wallace Nascimento Valente (ES),Wallace
2008,13,Flamengo,Vitória,0,1,20/07/2008,Elmo Alves Resende Cunha (GO),41.827
2008,13,Atlético-MG,Coritiba,3,2,20/07/2008,Cleber Wellington Abade (SP),Cleber
2008,13,São Paulo,Botafogo,2,1,20/07/2008,Leandro Pedro Vuaden,Leandro
2008,14,Coritiba,Ipatinga FC,1,0,23/07/2008,Francisco de Assis Almeida Filho (CE),12.734
2008,14,Cruzeiro,Goiás,0,1,23/07/2008,Péricles Bassols Pegado Cortez (RJ),Péricles
2008,14,Botafogo,Atlético-MG,4,0,23/07/2008,Leonardo Gaciba da Silva,Leonardo
2008,14,Vitória,Náutico,2,0,23/07/2008,Wagner Tardelli Azevedo,Wagner
2008,14,Vasco da Gama,Fluminense,3,3,23/07/2008,Marcelo de Lima Henrique  (RJ),Marcelo
2008,14,Internacional,São Paulo,2,0,23/07/2008,Héber Lopes,41.674
2008,14,Portuguesa,Flamengo,2,2,23/07/2008,Evandro Rogerio Roman (PR),Evandro
2008,14,Sport,Atlético-PR,1,0,24/07/2008,Djalma José Beltrami Teixeira,Djalma
2008,14,Figueirense,Grêmio,1,7,24/07/2008,Paulo César de Oliveira,Paulo
2008,14,Palmeiras,Santos,4,2,24/07/2008,José Henrique de Carvalho (SP),José
2008,15,Fluminense,Cruzeiro,1,3,26/07/2008,Wilson Luiz Seneme,Wilson
2008,15,Náutico,Coritiba,1,2,26/07/2008,Marcelo de Lima Henrique  (RJ),Marcelo
2008,15,Ipatinga FC,Internacional,1,0,26/07/2008,Sergio da Silva Carvalho,Sergio
2008,15,Grêmio,Palmeiras,1,1,27/07/2008,Wagner Tardelli Azevedo,Wagner
2008,15,Goiás,Sport,1,2,27/07/2008,Pablo dos Santos Alves,Pablo
2008,15,Santos,Vasco da Gama,5,2,27/07/2008,Giulliano Bozzano (DF),Giulliano
2008,15,Atlético-PR,Figueirense,0,0,27/07/2008,José Henrique de Carvalho (SP),17.528
2008,15,Flamengo,Botafogo,0,0,27/07/2008,Salvio Fagundes Filho,Salvio
2008,15,Atlético-MG,Vitória,2,1,27/07/2008,Héber Lopes,Héber
2008,15,São Paulo,Portuguesa,3,1,27/07/2008,Leandro Pedro Vuaden,Leandro
2008,16,Vitória,Atlético-PR,2,1,30/07/2008,William Marcelo Souza Nery (RJ),William
2008,16,Cruzeiro,Náutico,4,2,30/07/2008,Carlos Simon,19.209
2008,16,Portuguesa,Fluminense,3,1,30/07/2008,Alício Pena Junior,Alício
2008,16,Botafogo,Goiás,2,0,30/07/2008,Luiz Flávio de Oliveira (SP),Luiz
2008,16,Palmeiras,Flamengo,1,0,30/07/2008,Leonardo Gaciba da Silva,26.854
2008,16,Internacional,Santos,0,1,30/07/2008,Djalma José Beltrami Teixeira,22.228
2008,16,Figueirense,São Paulo,1,1,30/07/2008,Evandro Rogerio Roman (PR),Evandro
2008,16,Vasco da Gama,Atlético-MG,6,1,31/07/2008,Jailson Macedo Freitas (BA),4.810
2008,16,Coritiba,Grêmio,0,1,31/07/2008,Wallace Nascimento Valente (ES),Wallace
2008,16,Sport,Ipatinga FC,3,1,31/07/2008,Sandro Ricci,Sandro
2008,17,Fluminense,Internacional,1,2,02/08/2008,José Henrique de Carvalho (SP),10.092
2008,17,Goiás,Portuguesa,4,0,02/08/2008,Wagner Tardelli Azevedo,Wagner
2008,17,Náutico,Figueirense,1,2,02/08/2008,Héber Lopes,Héber
2008,17,São Paulo,Vasco da Gama,4,0,03/08/2008,Sergio da Silva Carvalho,Sergio
2008,17,Grêmio,Vitória,2,0,03/08/2008,Salvio Fagundes Filho,Salvio
2008,17,Flamengo,Cruzeiro,1,2,03/08/2008,Carlos Simon,37.210
2008,17,Ipatinga FC,Palmeiras,1,2,03/08/2008,Gutemberg de Paula Fonseca (RJ),Gutemberg
2008,17,Santos,Coritiba,1,3,03/08/2008,Pablo dos Santos Alves,10.261
2008,17,Atlético-PR,Botafogo,0,3,03/08/2008,Arilson Bispo da Anunciação,16.966
2008,17,Atlético-MG,Sport,2,1,03/08/2008,Djalma José Beltrami Teixeira,Djalma
2008,18,Grêmio,Ipatinga FC,1,0,06/08/2008,Wilson Souza de Mendonça,Wilson
2008,18,Vasco da Gama,Coritiba,0,2,06/08/2008,Leandro Pedro Vuaden,Leandro
2008,18,Sport,Portuguesa,2,0,06/08/2008,Antonio Hora Filho (SE),Antonio
2008,18,Atlético-PR,Náutico,2,0,06/08/2008,Wilson Luiz Seneme,Wilson
2008,18,Santos,Atlético-MG,2,3,06/08/2008,Elmo Alves Resende Cunha (GO),Elmo
2008,18,Fluminense,São Paulo,3,1,06/08/2008,Leonardo Gaciba da Silva,Leonardo
2008,18,Goiás,Flamengo,2,1,06/08/2008,Rodrigo Martins Cintra (SP),39.200
2008,18,Palmeiras,Vitória,3,0,07/08/2008,Marcelo de Lima Henrique  (RJ),Marcelo
2008,18,Figueirense,Botafogo,1,2,07/08/2008,Ricardo Marques Ribeiro (MG),8.570
2008,18,Cruzeiro,Internacional,2,0,07/08/2008,Paulo César de Oliveira,30.861
2008,19,Flamengo,Atlético-PR,1,0,09/08/2008,Sergio da Silva Carvalho,Sergio
2008,19,Atlético-MG,Grêmio,0,4,09/08/2008,Sandro Ricci,Sandro
2008,19,São Paulo,Goiás,2,1,09/08/2008,Francisco de Assis Almeida Filho (CE),Francisco
2008,19,Vitória,Vasco da Gama,5,0,10/08/2008,Alício Pena Junior,Alício
2008,19,Portuguesa,Cruzeiro,2,1,10/08/2008,Wallace Nascimento Valente (ES),Wallace
2008,19,Coritiba,Sport,3,0,10/08/2008,William Marcelo Souza Nery (RJ),20.077
2008,19,Botafogo,Palmeiras,1,0,10/08/2008,Leandro Pedro Vuaden,29.379
2008,19,Internacional,Figueirense,1,1,10/08/2008,Cleber Wellington Abade (SP),25.659
2008,19,Náutico,Santos,1,0,10/08/2008,Luís Antônio Silva Santos (RJ),13.711
2008,19,Ipatinga FC,Fluminense,2,1,10/08/2008,Evandro Rogerio Roman (PR),Evandro
2008,20,Cruzeiro,Vitória,2,1,16/08/2008,Evandro Rogerio Roman (PR),16.678
2008,20,Figueirense,Portuguesa,2,1,16/08/2008,Leonardo Gaciba da Silva,Leonardo
2008,20,Atlético-PR,Ipatinga FC,5,0,16/08/2008,Marcelo de Lima Henrique  (RJ),Marcelo
2008,20,Vasco da Gama,Internacional,4,0,17/08/2008,José Henrique de Carvalho (SP),5.387
2008,20,Santos,Flamengo,2,2,17/08/2008,Héber Lopes,15.359
2008,20,Grêmio,São Paulo,1,0,17/08/2008,Alício Pena Junior,40.256
2008,20,Goiás,Náutico,3,0,17/08/2008,Carlos Simon,Carlos
2008,20,Fluminense,Atlético-MG,1,0,17/08/2008,Luiz Flávio de Oliveira (SP),Luiz
2008,20,Sport,Botafogo,0,1,17/08/2008,Wallace Nascimento Valente (ES),Wallace
2008,20,Palmeiras,Coritiba,1,0,17/08/2008,Sergio da Silva Carvalho,Sergio
2008,21,Vitória,Sport,0,0,20/08/2008,Pablo dos Santos Alves,7.618
2008,21,Coritiba,Figueirense,3,0,20/08/2008,Salvio Fagundes Filho,12.360
2008,21,Botafogo,Cruzeiro,1,0,20/08/2008,Giulliano Bozzano (DF),Giulliano
2008,21,São Paulo,Atlético-PR,3,1,20/08/2008,,
2008,21,Ipatinga FC,Santos,1,1,20/08/2008,Wagner Tardelli Azevedo,Wagner
2008,21,Internacional,Palmeiras,4,1,20/08/2008,,
2008,21,Náutico,Fluminense,1,3,20/08/2008,Antonio Hora Filho (SE),Antonio
2008,21,Portuguesa,Vasco da Gama,0,1,21/08/2008,Sandro Ricci,Sandro
2008,21,Atlético-MG,Goiás,1,1,21/08/2008,Djalma José Beltrami Teixeira,Djalma
2008,21,Flamengo,Grêmio,2,1,21/08/2008,Wilson Luiz Seneme,31.716
2008,22,Figueirense,Vitória,1,2,23/08/2008,Alício Pena Junior,4.301
2008,22,Fluminense,Sport,1,1,23/08/2008,Elmo Alves Resende Cunha (GO),11.442
2008,22,Santos,Cruzeiro,2,0,24/08/2008,Leandro Pedro Vuaden,Leandro
2008,22,Coritiba,São Paulo,2,2,24/08/2008,Marcelo de Lima Henrique  (RJ),Marcelo
2008,22,Palmeiras,Portuguesa,4,2,24/08/2008,Cleber Wellington Abade (SP),8.180
2008,22,Ipatinga FC,Goiás,1,0,24/08/2008,Leonardo Gaciba da Silva,Leonardo
2008,22,Internacional,Flamengo,1,1,24/08/2008,Sergio da Silva Carvalho,29.329
2008,22,Atlético-MG,Atlético-PR,4,0,24/08/2008,Wilson Luiz Seneme,Wilson
2008,22,Náutico,Grêmio,1,1,24/08/2008,Wagner Tardelli Azevedo,12.325
2008,22,Vasco da Gama,Botafogo,1,1,24/08/2008,Djalma José Beltrami Teixeira,Djalma
2008,23,Goiás,Figueirense,2,0,30/08/2008,Gutemberg de Paula Fonseca (RJ),Gutemberg
2008,23,Vitória,Ipatinga FC,0,0,30/08/2008,Péricles Bassols Pegado Cortez (RJ),Péricles
2008,23,Botafogo,Náutico,1,1,30/08/2008,Paulo César de Oliveira,Paulo
2008,23,Sport,Internacional,1,0,31/08/2008,Wagner Tardelli Azevedo,21.030
2008,23,São Paulo,Santos,0,0,31/08/2008,Carlos Simon,Carlos
2008,23,Grêmio,Vasco da Gama,2,1,31/08/2008,Evandro Rogerio Roman (PR),Evandro
2008,23,Atlético-PR,Palmeiras,1,2,31/08/2008,Sandro Ricci,Sandro
2008,23,Flamengo,Fluminense,2,2,31/08/2008,Leonardo Gaciba da Silva,Leonardo
2008,23,Cruzeiro,Coritiba,1,1,31/08/2008,Salvio Fagundes Filho,Salvio
2008,23,Portuguesa,Atlético-MG,1,1,31/08/2008,Émerson Luiz Sobral (PE),Émerson
2008,24,Goiás,Atlético-PR,4,0,03/09/2008,Wilson Souza de Mendonça,3.833
2008,24,Figueirense,Flamengo,2,3,03/09/2008,Luiz Flávio de Oliveira (SP),15.372
2008,24,Santos,Vitória,2,0,03/09/2008,Ricardo Marques Ribeiro (MG),Ricardo
2008,24,Atlético-MG,São Paulo,1,1,03/09/2008,Lourival Dias Lima Filho (BA),Lourival
2008,24,Vasco da Gama,Cruzeiro,1,3,04/09/2008,Rodrigo Martins Cintra (SP),Rodrigo
2008,24,Palmeiras,Sport,0,3,04/09/2008,Francisco de Assis Almeida Filho (CE),15.992
2008,24,Náutico,Ipatinga FC,2,0,06/09/2008,Elmo Alves Resende Cunha (GO),Elmo
2008,24,Fluminense,Grêmio,0,0,06/09/2008,Héber Lopes,Héber
2008,24,Internacional,Portuguesa,1,0,06/09/2008,Marcelo de Lima Henrique  (RJ),9.349
2008,24,Coritiba,Botafogo,0,1,06/09/2008,Leandro Pedro Vuaden,Leandro
2008,25,Grêmio,Goiás,1,2,13/09/2008,Celio Amorim,Celio
2008,25,Ipatinga FC,Atlético-MG,3,2,13/09/2008,Wagner Tardelli Azevedo,Wagner
2008,25,Atlético-PR,Portuguesa,2,0,13/09/2008,Sergio da Silva Carvalho,15.638
2008,25,Vasco da Gama,Náutico,1,3,14/09/2008,Salvio Fagundes Filho,10.450
2008,25,Sport,Figueirense,5,0,14/09/2008,Wilson Luiz Seneme,21.355
2008,25,São Paulo,Flamengo,2,0,14/09/2008,Leandro Pedro Vuaden,29.325
2008,25,Cruzeiro,Palmeiras,0,1,14/09/2008,Héber Lopes,Héber
2008,25,Vitória,Coritiba,1,0,14/09/2008,Paulo César de Oliveira,Paulo
2008,25,Botafogo,Internacional,1,2,14/09/2008,Evandro Rogerio Roman (PR),25.196
2008,25,Santos,Fluminense,2,1,14/09/2008,Carlos Simon,Carlos
2008,26,Goiás,Santos,4,1,20/09/2008,Leonardo Gaciba da Silva,Leonardo
2008,26,Fluminense,Coritiba,2,3,20/09/2008,Jailson Macedo Freitas (BA),Jailson
2008,26,Atlético-MG,Náutico,2,1,20/09/2008,Paulo César de Oliveira,Paulo
2008,26,Figueirense,Cruzeiro,3,4,21/09/2008,Marcelo de Lima Henrique  (RJ),Marcelo
2008,26,Atlético-PR,Grêmio,0,0,21/09/2008,Alício Pena Junior,20.052
2008,26,Sport,São Paulo,0,0,21/09/2008,Djalma José Beltrami Teixeira,Djalma
2008,26,Portuguesa,Botafogo,3,1,21/09/2008,Héber Lopes,Héber
2008,26,Internacional,Vitória,1,0,21/09/2008,Elmo Alves Resende Cunha (GO),19.493
2008,26,Palmeiras,Vasco da Gama,2,0,21/09/2008,Evandro Rogerio Roman (PR),Evandro
2008,26,Flamengo,Ipatinga FC,1,0,21/09/2008,José Henrique de Carvalho (SP),José
2008,27,Atlético-MG,Figueirense,0,0,27/09/2008,Djalma José Beltrami Teixeira,19.738
2008,27,Goiás,Vitória,3,0,27/09/2008,Marcelo de Lima Henrique  (RJ),Marcelo
2008,27,Flamengo,Sport,2,1,27/09/2008,Ricardo Marques Ribeiro (MG),Ricardo
2008,27,Náutico,Palmeiras,0,0,28/09/2008,Leandro Pedro Vuaden,Leandro
2008,27,São Paulo,Cruzeiro,2,0,28/09/2008,Leonardo Gaciba da Silva,20.688
2008,27,Ipatinga FC,Vasco da Gama,3,1,28/09/2008,Héber Lopes,Héber
2008,27,Coritiba,Atlético-PR,1,1,28/09/2008,José Henrique de Carvalho (SP),32.718
2008,27,Internacional,Grêmio,4,1,28/09/2008,Evandro Rogerio Roman (PR),37.388
2008,27,Santos,Portuguesa,1,1,28/09/2008,Paulo César de Oliveira,73.680
2008,27,Botafogo,Fluminense,1,1,28/09/2008,Péricles Bassols Pegado Cortez (RJ),Péricles
2008,28,Fluminense,Goiás,1,1,01/10/2008,Wilson Luiz Seneme,14.582
2008,28,Cruzeiro,Sport,1,0,02/10/2008,Carlos Simon,8.931
2008,28,Vitória,Portuguesa,3,1,02/10/2008,Wagner Tardelli Azevedo,Wagner
2008,28,Ipatinga FC,São Paulo,1,3,04/10/2008,Evandro Rogerio Roman (PR),Evandro
2008,28,Palmeiras,Atlético-MG,3,1,04/10/2008,Elmo Alves Resende Cunha (GO),25.319
2008,28,Grêmio,Botafogo,2,1,04/10/2008,Héber Lopes,Héber
2008,28,Náutico,Flamengo,0,2,04/10/2008,Salvio Fagundes Filho,18.001
2008,28,Vasco da Gama,Figueirense,2,4,04/10/2008,Alício Pena Junior,Alício
2008,28,Santos,Atlético-PR,4,0,04/10/2008,Djalma José Beltrami Teixeira,10.053
2008,28,Coritiba,Internacional,4,2,04/10/2008,Ricardo Marques Ribeiro (MG),Ricardo
2008,29,Figueirense,Palmeiras,0,0,08/10/2008,Leonardo Gaciba da Silva,14.553
2008,29,Grêmio,Santos,2,0,08/10/2008,Marcelo de Lima Henrique  (RJ),Marcelo
2008,29,Sport,Vasco da Gama,2,2,08/10/2008,Wilson Luiz Seneme,Wilson
2008,29,Cruzeiro,Ipatinga FC,1,0,09/10/2008,Leandro Pedro Vuaden,12.915
2008,29,Botafogo,Vitória,3,1,09/10/2008,Wallace Nascimento Valente (ES),6.049
2008,29,São Paulo,Náutico,1,0,09/10/2008,Wagner Tardelli Azevedo,Wagner
2008,29,Portuguesa,Coritiba,0,0,11/10/2008,Wilson Souza de Mendonça,Wilson
2008,29,Goiás,Internacional,1,1,11/10/2008,Salvio Fagundes Filho,Salvio
2008,29,Flamengo,Atlético-MG,0,3,11/10/2008,Paulo César de Oliveira,Paulo
2008,29,Atlético-PR,Fluminense,1,3,11/10/2008,Carlos Simon,Carlos
2008,30,Botafogo,Santos,0,1,18/10/2008,Carlos Simon,Carlos
2008,30,Figueirense,Ipatinga FC,1,1,18/10/2008,Sergio da Silva Carvalho,Sergio
2008,30,Internacional,Atlético-PR,2,1,18/10/2008,Cleber Wellington Abade (SP),15.813
2008,30,Coritiba,Goiás,1,1,19/10/2008,Paulo César de Oliveira,Paulo
2008,30,Vitória,Fluminense,2,2,19/10/2008,Leandro Pedro Vuaden,Leandro
2008,30,Atlético-MG,Cruzeiro,0,2,19/10/2008,Wagner Tardelli Azevedo,Wagner
2008,30,Palmeiras,São Paulo,2,2,19/10/2008,Salvio Fagundes Filho,26.676
2008,30,Sport,Náutico,2,2,19/10/2008,Alício Pena Junior,28.831
2008,30,Portuguesa,Grêmio,2,0,19/10/2008,Ricardo Marques Ribeiro (MG),Ricardo
2008,30,Vasco da Gama,Flamengo,0,1,19/10/2008,Marcelo de Lima Henrique  (RJ),Marcelo
2008,31,Goiás,Vasco da Gama,2,4,22/10/2008,Leonardo Gaciba da Silva,7.984
2008,31,Flamengo,Coritiba,5,0,23/10/2008,Carlos Simon,28.648
2008,31,Grêmio,Sport,1,0,23/10/2008,Wagner Tardelli Azevedo,Wagner
2008,31,São Paulo,Vitória,2,1,23/10/2008,Héber Lopes,17.111
2008,31,Ipatinga FC,Botafogo,0,3,25/10/2008,Wallace Nascimento Valente (ES),Wallace
2008,31,Fluminense,Palmeiras,3,0,25/10/2008,Sergio da Silva Carvalho,Sergio
2008,31,Santos,Figueirense,3,0,25/10/2008,Alício Pena Junior,Alício
2008,31,Atlético-MG,Internacional,2,2,25/10/2008,Salvio Fagundes Filho,Salvio
2008,31,Atlético-PR,Cruzeiro,1,0,25/10/2008,Wilson Luiz Seneme,Wilson
2008,31,Náutico,Portuguesa,1,1,25/10/2008,Elmo Alves Resende Cunha (GO),Elmo
2008,32,Coritiba,Atlético-MG,2,1,29/10/2008,Luiz Flávio de Oliveira (SP),7.622
2008,32,Portuguesa,Ipatinga FC,2,0,29/10/2008,Jailson Macedo Freitas (BA),3.225
2008,32,Internacional,Náutico,1,1,29/10/2008,Antonio Hora Filho (SE),14.464
2008,32,Palmeiras,Goiás,1,0,29/10/2008,Wagner Tardelli Azevedo,Wagner
2008,32,Vitória,Flamengo,0,0,29/10/2008,Salvio Fagundes Filho,Salvio
2008,32,Cruzeiro,Grêmio,3,0,29/10/2008,Héber Lopes,35.560
2008,32,Botafogo,São Paulo,1,2,29/10/2008,Sergio da Silva Carvalho,12.356
2008,32,Sport,Santos,1,1,30/10/2008,Leonardo Gaciba da Silva,Leonardo
2008,32,Vasco da Gama,Atlético-PR,2,2,30/10/2008,Wallace Nascimento Valente (ES),22.743
2008,32,Figueirense,Fluminense,0,1,05/11/2008,Wilson Luiz Seneme,Wilson
2008,33,Flamengo,Portuguesa,2,2,01/11/2008,Héber Lopes,Héber
2008,33,Náutico,Vitória,1,0,01/11/2008,José Henrique de Carvalho (SP),José
2008,33,Ipatinga FC,Coritiba,2,0,01/11/2008,Antonio Hora Filho (SE),Antonio
2008,33,Atlético-MG,Botafogo,2,1,02/11/2008,Evandro Rogerio Roman (PR),Evandro
2008,33,Atlético-PR,Sport,1,0,02/11/2008,Salvio Fagundes Filho,Salvio
2008,33,Santos,Palmeiras,1,2,02/11/2008,Wilson Luiz Seneme,Wilson
2008,33,Goiás,Cruzeiro,3,0,02/11/2008,Paulo César de Oliveira,8.273
2008,33,Fluminense,Vasco da Gama,0,1,02/11/2008,Carlos Simon,Carlos
2008,33,Grêmio,Figueirense,1,1,02/11/2008,Jailson Macedo Freitas (BA),Jailson
2008,33,São Paulo,Internacional,3,0,02/11/2008,Elmo Alves Resende Cunha (GO),Elmo
2008,34,Figueirense,Atlético-PR,0,2,08/11/2008,Leandro Pedro Vuaden,Leandro
2008,34,Vasco da Gama,Santos,1,0,08/11/2008,Elmo Alves Resende Cunha (GO),Elmo
2008,34,Portuguesa,São Paulo,2,3,08/11/2008,Wilson Luiz Seneme,Wilson
2008,34,Cruzeiro,Fluminense,1,0,09/11/2008,Leonardo Gaciba da Silva,Leonardo
2008,34,Coritiba,Náutico,0,0,09/11/2008,Carlos Simon,9.747
2008,34,Sport,Goiás,2,1,09/11/2008,Luís Antônio Silva Santos (RJ),Luís
2008,34,Palmeiras,Grêmio,0,1,09/11/2008,Héber Lopes,25.945
2008,34,Botafogo,Flamengo,0,1,09/11/2008,Marcelo de Lima Henrique  (RJ),27.038
2008,34,Vitória,Atlético-MG,0,1,09/11/2008,Wagner Tardelli Azevedo,Wagner
2008,34,Internacional,Ipatinga FC,4,0,09/11/2008,Sergio da Silva Carvalho,8.131
2008,35,Atlético-MG,Vasco da Gama,4,1,12/11/2008,Leandro Pedro Vuaden,42.182
2008,35,Ipatinga FC,Sport,3,0,15/11/2008,Sandro Ricci,Sandro
2008,35,Fluminense,Portuguesa,3,1,15/11/2008,Antonio Hora Filho (SE),40.364
2008,35,Náutico,Cruzeiro,5,2,15/11/2008,Sergio da Silva Carvalho,Sergio
2008,35,Goiás,Botafogo,3,1,16/11/2008,Paulo César de Oliveira,Paulo
2008,35,Flamengo,Palmeiras,5,2,16/11/2008,Leonardo Gaciba da Silva,59.678
2008,35,São Paulo,Figueirense,3,1,16/11/2008,Carlos Simon,Carlos
2008,35,Grêmio,Coritiba,2,1,16/11/2008,Marcelo de Lima Henrique  (RJ),Marcelo
2008,35,Atlético-PR,Vitória,2,1,16/11/2008,Ricardo Marques Ribeiro (MG),Ricardo
2008,35,Santos,Internacional,1,0,16/11/2008,Héber Lopes,Héber
2008,36,Figueirense,Náutico,4,3,20/11/2008,Wallace Nascimento Valente (ES),Wallace
2008,36,Coritiba,Santos,5,1,22/11/2008,Giulliano Bozzano (DF),Giulliano
2008,36,Portuguesa,Goiás,0,0,22/11/2008,Leandro Pedro Vuaden,Leandro
2008,36,Botafogo,Atlético-PR,2,2,22/11/2008,Antonio Hora Filho (SE),Antonio
2008,36,Vasco da Gama,São Paulo,1,2,23/11/2008,Leonardo Gaciba da Silva,Leonardo
2008,36,Vitória,Grêmio,4,2,23/11/2008,Héber Lopes,Héber
2008,36,Cruzeiro,Flamengo,3,2,23/11/2008,Carlos Simon,Carlos
2008,36,Sport,Atlético-MG,3,0,23/11/2008,,
2008,36,Internacional,Fluminense,0,2,23/11/2008,Sergio da Silva Carvalho,7.481
2008,36,Palmeiras,Ipatinga FC,2,0,23/11/2008,Arilson Bispo da Anunciação,Arilson
2008,37,Atlético-MG,Santos,0,0,30/11/2008,Wagner Tardelli Azevedo,Wagner
2008,37,Portuguesa,Sport,2,2,30/11/2008,Elmo Alves Resende Cunha (GO),Elmo
2008,37,Botafogo,Figueirense,1,3,30/11/2008,Salvio Fagundes Filho,3.106
2008,37,Vitória,Palmeiras,0,0,30/11/2008,Giulliano Bozzano (DF),16.747
2008,37,Coritiba,Vasco da Gama,0,2,30/11/2008,Alício Pena Junior,Alício
2008,37,Internacional,Cruzeiro,1,0,30/11/2008,Djalma José Beltrami Teixeira,13.269
2008,37,Ipatinga FC,Grêmio,1,4,30/11/2008,Evandro Rogerio Roman (PR),Evandro
2008,37,Flamengo,Goiás,3,3,30/11/2008,Sergio da Silva Carvalho,Sergio
2008,37,São Paulo,Fluminense,1,1,30/11/2008,Héber Lopes,66.888
2008,37,Náutico,Atlético-PR,2,1,30/11/2008,Leonardo Gaciba da Silva,Leonardo
2008,38,Palmeiras,Botafogo,0,1,07/12/2008,Héber Lopes,Héber
2008,38,Vasco da Gama,Vitória,0,2,07/12/2008,Alício Pena Junior,Alício
2008,38,Fluminense,Ipatinga FC,1,1,07/12/2008,Carlos Simon,49.178
2008,38,Grêmio,Atlético-MG,2,0,07/12/2008,Luís Antônio Silva Santos (RJ),Luís
2008,38,Santos,Náutico,0,0,07/12/2008,Sergio da Silva Carvalho,14.121
2008,38,Atlético-PR,Flamengo,5,3,07/12/2008,Leonardo Gaciba da Silva,22.016
2008,38,Goiás,São Paulo,0,1,07/12/2008,Jailson Macedo Freitas (BA),Jailson
2008,38,Cruzeiro,Portuguesa,4,1,07/12/2008,Evandro Rogerio Roman (PR),Evandro
2008,38,Sport,Coritiba,4,3,07/12/2008,Maurício Aparecido de Siqueira,12.970
2008,38,Figueirense,Internacional,3,1,07/12/2008,Wilson Luiz Seneme,Wilson
