ano,rodada,clube_mandante,clube_visitante,gols_mandante,gols_visitante,data,juiz,publico
2011,1,Flamengo,Avaí,4,0,21/05/2011,André Luiz de Freitas Castro,5.973
2011,1,Ceará,Vasco da Gama,1,3,21/05/2011,Jailson Macedo Freitas (BA),9.422
2011,1,Atlético-MG,Atlético-PR,3,0,21/05/2011,Péricles Bassols Pegado Cortez (RJ),13.799
2011,1,Santos,Internacional,1,1,21/05/2011,Sandro Ricci,4.532
2011,1,Coritiba,Atlético-GO,0,1,22/05/2011,Cleber Wellington Abade (SP),16.546
2011,1,Figueirense,Cruzeiro,1,0,22/05/2011,Gutemberg de Paula Fonseca (RJ),10.231
2011,1,Palmeiras,Botafogo,1,0,22/05/2011,Márcio Chagas da Silva,13.705
2011,1,Grêmio,Corinthians,1,2,22/05/2011,Nielson Nogueira Dias,19.002
2011,1,Fluminense,São Paulo,0,2,22/05/2011,Héber Lopes,5.732
2011,1,América-MG,Bahia,2,1,22/05/2011,Paulo César de Oliveira,1.253
2011,2,Internacional,Ceará,0,1,28/05/2011,Celio Amorim,12.971
2011,2,Botafogo,Santos,1,0,28/05/2011,Héber Lopes,8.662
2011,2,Avaí,Atlético-MG,1,3,28/05/2011,Marcelo de Lima Henrique  (RJ),4.127
2011,2,São Paulo,Figueirense,1,0,28/05/2011,Felipe Gomes da Silva,9.931
2011,2,Atlético-PR,Grêmio,0,1,29/05/2011,Wagner Reway,15.841
2011,2,Cruzeiro,Palmeiras,1,1,29/05/2011,Wilton Sampaio,9.080
2011,2,Corinthians,Coritiba,2,1,29/05/2011,Ricardo Marques Ribeiro (MG),17.096
2011,2,Bahia,Flamengo,3,3,29/05/2011,Cleber Wellington Abade (SP),32.157
2011,2,Vasco da Gama,América-MG,3,0,29/05/2011,Franscisco Carlos do Nascimento,4.495
2011,2,Atlético-GO,Fluminense,0,1,29/05/2011,Salvio Fagundes Filho,5.643
2011,3,Palmeiras,Atlético-PR,1,0,04/06/2011,Péricles Bassols Pegado Cortez (RJ),10.352
2011,3,Fluminense,Cruzeiro,2,1,04/06/2011,André Luiz de Freitas Castro,6.674
2011,3,Ceará,Botafogo,2,2,04/06/2011,Salvio Fagundes Filho,9.455
2011,3,Figueirense,Atlético-GO,2,0,04/06/2011,Wilson Luiz Seneme,6.913
2011,3,Coritiba,Vasco da Gama,5,1,05/06/2011,Celio Amorim,18.554
2011,3,Flamengo,Corinthians,1,1,05/06/2011,Héber Lopes,42.000
2011,3,Grêmio,Bahia,2,0,05/06/2011,Marcelo de Lima Henrique  (RJ),15.835
2011,3,América-MG,Internacional,2,4,05/06/2011,Arilson Bispo da Anunciação,4.541
2011,3,Santos,Avaí,3,1,05/06/2011,José de Caldas Souza,4.109
2011,3,Atlético-MG,São Paulo,0,1,08/06/2011,Sandro Ricci,17.397
2011,4,Cruzeiro,Santos,1,1,11/06/2011,Marcelo de Lima Henrique  (RJ),6.073
2011,4,Avaí,América-MG,2,2,11/06/2011,Héber Lopes,3.473
2011,4,São Paulo,Grêmio,3,1,11/06/2011,Paulo Henrique de Godoy Bezerra (SC),14.681
2011,4,Vasco da Gama,Figueirense,1,1,11/06/2011,Luiz Flávio de Oliveira (SP),17.777
2011,4,Internacional,Palmeiras,2,2,12/06/2011,Gutemberg de Paula Fonseca (RJ),18.559
2011,4,Corinthians,Fluminense,2,0,12/06/2011,Márcio Chagas da Silva,18.400
2011,4,Bahia,Atlético-MG,1,1,12/06/2011,Marcos André Gomes da Penha,19.889
2011,4,Atlético-GO,Ceará,4,1,12/06/2011,Paulo César de Oliveira,2.140
2011,4,Atlético-PR,Flamengo,1,1,12/06/2011,Elmo Alves Resende Cunha (GO),20.022
2011,4,Botafogo,Coritiba,3,1,12/06/2011,Franscisco Carlos do Nascimento,8.390
2011,5,Fluminense,Bahia,0,1,18/06/2011,Alício Pena Junior,9.532
2011,5,América-MG,Cruzeiro,1,1,18/06/2011,Paulo César de Oliveira,5.027
2011,5,Grêmio,Vasco da Gama,1,1,19/06/2011,André Luiz de Freitas Castro,13.840
2011,5,Figueirense,Atlético-PR,2,0,19/06/2011,Sandro Ricci,10.067
2011,5,Palmeiras,Avaí,5,0,19/06/2011,Fabrício Neves Corrêa,12.138
2011,5,Flamengo,Botafogo,0,0,19/06/2011,Felipe Gomes da Silva,20.429
2011,5,Ceará,São Paulo,0,2,19/06/2011,Edivaldo Elias da Silva,13.000
2011,5,Coritiba,Internacional,1,1,19/06/2011,Luiz Flávio de Oliveira (SP),17.403
2011,5,Atlético-MG,Atlético-GO,2,2,19/06/2011,Antonio de Carvalho Schneider,15.106
2011,5,Santos,Corinthians,0,0,10/08/2011,Luiz Flávio de Oliveira (SP),9.714
2011,6,Flamengo,Atlético-MG,4,1,25/06/2011,Wilson Luiz Seneme,16.870
2011,6,Atlético-PR,Bahia,0,2,25/06/2011,Antonio de Carvalho Schneider,12.448
2011,6,Cruzeiro,Coritiba,2,1,25/06/2011,Fabrício Neves Corrêa,5.256
2011,6,Ceará,Palmeiras,2,0,26/06/2011,Héber Lopes,13.565
2011,6,Corinthians,São Paulo,5,0,26/06/2011,Rodrigo Braghetto,30.351
2011,6,Botafogo,Grêmio,2,1,26/06/2011,Jailson Macedo Freitas (BA),13.983
2011,6,Avaí,Fluminense,0,1,26/06/2011,Luiz Flávio de Oliveira (SP),4.207
2011,6,Atlético-GO,Vasco da Gama,0,1,26/06/2011,Antonio Hora Filho (SE),11.959
2011,6,Internacional,Figueirense,4,1,26/06/2011,Marcelo de Lima Henrique  (RJ),10.455
2011,6,Santos,América-MG,1,0,02/07/2011,Wilton Sampaio,5.912
2011,7,América-MG,Flamengo,2,3,29/06/2011,Wagner Reway,7.475
2011,7,Vasco da Gama,Cruzeiro,0,3,29/06/2011,Arilson Bispo da Anunciação,7.695
2011,7,Grêmio,Avaí,2,2,29/06/2011,Cláudio Luciano Mercante Júnior (PE),10.346
2011,7,São Paulo,Botafogo,0,2,29/06/2011,Elmo Alves Resende Cunha (GO),8.361
2011,7,Figueirense,Santos,2,1,29/06/2011,Márcio Chagas da Silva,5.322
2011,7,Bahia,Corinthians,0,1,29/06/2011,Sandro Ricci,32.157
2011,7,Palmeiras,Atlético-GO,2,0,30/06/2011,Nielson Nogueira Dias,9.450
2011,7,Coritiba,Ceará,3,1,30/06/2011,Alício Pena Junior,10.799
2011,7,Atlético-MG,Internacional,0,4,30/06/2011,Paulo Henrique de Godoy Bezerra (SC),7.595
2011,7,Fluminense,Atlético-PR,3,1,30/06/2011,Franscisco Carlos do Nascimento,5.114
2011,8,Internacional,Atlético-PR,1,0,06/07/2011,Paulo César de Oliveira,10.735
2011,8,Cruzeiro,Grêmio,2,0,06/07/2011,Wilson Luiz Seneme,10.652
2011,8,Avaí,Bahia,2,2,06/07/2011,Ricardo Marques Ribeiro (MG),4.704
2011,8,Corinthians,Vasco da Gama,2,1,06/07/2011,Leandro Pedro Vuaden,28.453
2011,8,Flamengo,São Paulo,1,0,06/07/2011,Márcio Chagas da Silva,18.418
2011,8,Ceará,Atlético-MG,3,0,06/07/2011,Marcelo de Lima Henrique  (RJ),10.941
2011,8,Botafogo,Atlético-GO,1,1,07/07/2011,José de Caldas Souza,13.649
2011,8,Coritiba,Figueirense,3,0,07/07/2011,Péricles Bassols Pegado Cortez (RJ),17.464
2011,8,América-MG,Palmeiras,1,1,07/07/2011,Pablo dos Santos Alves,1.503
2011,8,Santos,Fluminense,2,1,24/08/2011,Paulo Henrique de Godoy Bezerra (SC),6.855
2011,9,Vasco da Gama,Internacional,2,0,09/07/2011,Jailson Macedo Freitas (BA),8.731
2011,9,São Paulo,Cruzeiro,2,1,09/07/2011,Marcelo de Lima Henrique  (RJ),11.965
2011,9,Atlético-PR,Avaí,0,0,09/07/2011,Wilson Luiz Seneme,10.045
2011,9,Fluminense,Flamengo,0,1,10/07/2011,Rodrigo Nunes de Sá,23.438
2011,9,Atlético-GO,Corinthians,0,1,10/07/2011,Wilton Sampaio,19.150
2011,9,Bahia,Botafogo,1,1,10/07/2011,Leandro Pedro Vuaden,32.157
2011,9,Grêmio,Coritiba,2,0,10/07/2011,Sandro Ricci,13.706
2011,9,Atlético-MG,América-MG,2,0,10/07/2011,Antonio de Carvalho Schneider,7.379
2011,9,Palmeiras,Santos,3,0,10/07/2011,Luiz Flávio de Oliveira (SP),16.751
2011,9,Figueirense,Ceará,1,1,10/07/2011,Antônio Denival de Morais,8.423
2011,10,Vasco da Gama,Atlético-PR,2,1,16/07/2011,Alício Pena Junior,12.817
2011,10,Coritiba,Fluminense,3,1,16/07/2011,Paulo César de Oliveira,16.498
2011,10,Atlético-GO,Avaí,0,1,16/07/2011,Héber Lopes,2.694
2011,10,Santos,Atlético-MG,2,1,16/07/2011,Arilson Bispo da Anunciação,4.717
2011,10,Internacional,São Paulo,0,3,17/07/2011,Wagner Reway,11.800
2011,10,Cruzeiro,Bahia,2,1,17/07/2011,Elmo Alves Resende Cunha (GO),6.666
2011,10,Ceará,América-MG,4,0,17/07/2011,Nielson Nogueira Dias,11.179
2011,10,Botafogo,Corinthians,0,2,20/07/2011,André Luiz de Freitas Castro,9.525
2011,10,Figueirense,Grêmio,0,0,20/07/2011,Diego Pombo Lopez,12.175
2011,10,Palmeiras,Flamengo,0,0,20/07/2011,Leandro Pedro Vuaden,33.575
2011,11,Avaí,Internacional,1,3,21/07/2011,Felipe Gomes da Silva,6.173
2011,11,Atlético-PR,Botafogo,2,1,23/07/2011,Paulo César de Oliveira,12.714
2011,11,São Paulo,Atlético-GO,2,2,23/07/2011,Alício Pena Junior,23.487
2011,11,América-MG,Figueirense,0,0,23/07/2011,Jailson Macedo Freitas (BA),752
2011,11,Flamengo,Ceará,1,1,23/07/2011,Celio Amorim,6.154
2011,11,Atlético-MG,Vasco da Gama,1,2,24/07/2011,Edivaldo Elias da Silva,16.100
2011,11,Bahia,Coritiba,0,0,24/07/2011,Wilton Sampaio,21.151
2011,11,Fluminense,Palmeiras,1,0,24/07/2011,Héber Lopes,9.214
2011,11,Corinthians,Cruzeiro,0,1,24/07/2011,Leandro Pedro Vuaden,34.462
2011,11,Grêmio,Santos,1,0,05/10/2011,Pablo dos Santos Alves,21.102
2011,12,Corinthians,Internacional,1,0,14/07/2011,Ricardo Marques Ribeiro (MG),33.329
2011,12,Atlético-GO,Cruzeiro,2,0,27/07/2011,Cleber Wellington Abade (SP),5.593
2011,12,Botafogo,Avaí,2,1,27/07/2011,Nielson Nogueira Dias,6.933
2011,12,Grêmio,América-MG,1,1,27/07/2011,Péricles Bassols Pegado Cortez (RJ),15.033
2011,12,Atlético-MG,Fluminense,1,0,27/07/2011,Wilton Sampaio,16.100
2011,12,Santos,Flamengo,4,5,27/07/2011,André Luiz de Freitas Castro,12.968
2011,12,Figueirense,Palmeiras,0,1,27/07/2011,Alício Pena Junior,13.283
2011,12,Coritiba,São Paulo,3,4,27/07/2011,Antonio de Carvalho Schneider,23.825
2011,12,Vasco da Gama,Bahia,1,1,28/07/2011,Sandro Ricci,18.873
2011,12,Ceará,Atlético-PR,2,1,28/07/2011,Pablo dos Santos Alves,13.068
2011,13,Flamengo,Grêmio,2,0,30/07/2011,Salvio Fagundes Filho,28.793
2011,13,Cruzeiro,Botafogo,0,1,30/07/2011,Márcio Chagas da Silva,7.821
2011,13,Palmeiras,Atlético-MG,3,2,30/07/2011,Sandro Ricci,9.983
2011,13,Internacional,Atlético-GO,0,0,31/07/2011,Jailson Macedo Freitas (BA),10.177
2011,13,Avaí,Corinthians,3,2,31/07/2011,Wilton Sampaio,8.112
2011,13,São Paulo,Vasco da Gama,0,2,31/07/2011,Paulo Henrique de Godoy Bezerra (SC),23.309
2011,13,Fluminense,Ceará,4,0,31/07/2011,Wagner Reway,6.850
2011,13,Atlético-PR,Santos,3,2,31/07/2011,Marcelo de Lima Henrique  (RJ),18.898
2011,13,América-MG,Coritiba,1,3,31/07/2011,Felipe Gomes da Silva,732
2011,13,Bahia,Figueirense,3,1,31/07/2011,Luiz Flávio de Oliveira (SP),14.820
2011,14,Corinthians,América-MG,2,1,03/08/2011,Antonio de Carvalho Schneider,27.884
2011,14,Grêmio,Atlético-MG,2,2,03/08/2011,Guilherme Ceretta de Lima (SP),9.022
2011,14,Figueirense,Botafogo,2,0,03/08/2011,Wagner Reway,8.594
2011,14,Ceará,Avaí,0,3,03/08/2011,Arilson Bispo da Anunciação,10.864
2011,14,Vasco da Gama,Santos,2,0,03/08/2011,Héber Lopes,17.118
2011,14,Cruzeiro,Flamengo,0,1,03/08/2011,Paulo César de Oliveira,14.863
2011,14,Coritiba,Palmeiras,1,1,03/08/2011,Celio Amorim,17.818
2011,14,São Paulo,Bahia,3,0,04/08/2011,Márcio Chagas da Silva,11.265
2011,14,Fluminense,Internacional,2,0,04/08/2011,Nielson Nogueira Dias,6.399
2011,14,Atlético-GO,Atlético-PR,0,3,04/08/2011,Dewson Fernando Freitas da Silva,3.050
2011,15,Flamengo,Coritiba,1,0,06/08/2011,Elmo Alves Resende Cunha (GO),28.930
2011,15,Palmeiras,Grêmio,0,0,06/08/2011,Ricardo Marques Ribeiro (MG),15.762
2011,15,Atlético-MG,Figueirense,1,2,06/08/2011,André Luiz de Freitas Castro,15.689
2011,15,América-MG,Fluminense,3,0,07/08/2011,Sandro Ricci,2.782
2011,15,Internacional,Cruzeiro,3,2,07/08/2011,Wilton Sampaio,14.117
2011,15,Santos,Ceará,1,0,07/08/2011,Fabrício Neves Corrêa,10.105
2011,15,Atlético-PR,Corinthians,1,1,07/08/2011,Franscisco Carlos do Nascimento,23.660
2011,15,Botafogo,Vasco da Gama,4,0,07/08/2011,Marcelo de Lima Henrique  (RJ),26.283
2011,15,Avaí,São Paulo,1,2,07/08/2011,Pablo dos Santos Alves,10.246
2011,15,Bahia,Atlético-GO,2,1,07/08/2011,Salvio Fagundes Filho,12.147
2011,16,São Paulo,Atlético-PR,2,2,13/08/2011,Ricardo Marques Ribeiro (MG),23.657
2011,16,Atlético-GO,Santos,2,0,13/08/2011,Sandro Ricci,11.668
2011,16,Cruzeiro,Avaí,5,0,13/08/2011,Péricles Bassols Pegado Cortez (RJ),6.642
2011,16,Botafogo,América-MG,4,2,13/08/2011,André Luiz de Freitas Castro,13.101
2011,16,Figueirense,Flamengo,2,2,14/08/2011,Héber Lopes,18.265
2011,16,Coritiba,Atlético-MG,3,0,14/08/2011,Leandro Pedro Vuaden,16.328
2011,16,Corinthians,Ceará,2,2,14/08/2011,Paulo Henrique de Godoy Bezerra (SC),26.762
2011,16,Vasco da Gama,Palmeiras,1,0,14/08/2011,Márcio Chagas da Silva,10.826
2011,16,Grêmio,Fluminense,2,1,14/08/2011,Paulo César de Oliveira,10.690
2011,16,Bahia,Internacional,1,1,14/08/2011,Gutemberg de Paula Fonseca (RJ),21.239
2011,17,Avaí,Vasco da Gama,0,2,17/08/2011,Cleber Wellington Abade (SP),6.179
2011,17,Ceará,Grêmio,3,0,17/08/2011,Alício Pena Junior,11.824
2011,17,Fluminense,Figueirense,3,0,17/08/2011,Franscisco Carlos do Nascimento,5.765
2011,17,Atlético-PR,Cruzeiro,2,1,17/08/2011,Felipe Gomes da Silva,14.977
2011,17,Internacional,Botafogo,1,0,17/08/2011,Paulo Henrique de Godoy Bezerra (SC),11.080
2011,17,Santos,Coritiba,2,3,17/08/2011,Antonio de Carvalho Schneider,5.143
2011,17,Atlético-MG,Corinthians,2,3,17/08/2011,Marcelo de Lima Henrique  (RJ),11.167
2011,17,Palmeiras,Bahia,1,1,18/08/2011,André Luiz de Freitas Castro,6.266
2011,17,América-MG,São Paulo,1,1,18/08/2011,Leandro Pedro Vuaden,2.636
2011,17,Flamengo,Atlético-GO,1,4,18/08/2011,Luiz Flávio de Oliveira (SP),10.278
2011,18,Cruzeiro,Ceará,1,0,20/08/2011,Sandro Ricci,6.478
2011,18,Botafogo,Atlético-MG,3,1,20/08/2011,Wilton Sampaio,11.100
2011,18,Corinthians,Figueirense,0,2,20/08/2011,Fabrício Neves Corrêa,26.256
2011,18,Avaí,Coritiba,0,0,21/08/2011,Francisco de Assis Almeida Filho (CE),5.466
2011,18,Atlético-GO,Grêmio,1,0,21/08/2011,Héber Lopes,5.226
2011,18,São Paulo,Palmeiras,1,1,21/08/2011,Cleber Wellington Abade (SP),16.813
2011,18,Internacional,Flamengo,2,2,21/08/2011,Franscisco Carlos do Nascimento,28.752
2011,18,Vasco da Gama,Fluminense,1,1,21/08/2011,Marcelo de Lima Henrique  (RJ),16.991
2011,18,Atlético-PR,América-MG,2,2,21/08/2011,Wilson Luiz Seneme,13.487
2011,18,Bahia,Santos,1,2,21/08/2011,Ricardo Marques Ribeiro (MG),32.157
2011,19,Coritiba,Atlético-PR,1,1,27/08/2011,Héber Lopes,25.604
2011,19,América-MG,Atlético-GO,1,2,27/08/2011,Paulo César de Oliveira,1.256
2011,19,Fluminense,Botafogo,1,2,27/08/2011,Felipe Gomes da Silva,22.762
2011,19,Grêmio,Internacional,2,1,28/08/2011,Marcelo de Lima Henrique  (RJ),23.182
2011,19,Palmeiras,Corinthians,2,1,28/08/2011,Luiz Flávio de Oliveira (SP),36.299
2011,19,Ceará,Bahia,3,0,28/08/2011,Wilton Sampaio,18.923
2011,19,Santos,São Paulo,1,1,28/08/2011,Wilson Luiz Seneme,12.498
2011,19,Flamengo,Vasco da Gama,0,0,28/08/2011,Péricles Bassols Pegado Cortez (RJ),33.206
2011,19,Atlético-MG,Cruzeiro,1,2,28/08/2011,Salvio Fagundes Filho,16.726
2011,19,Figueirense,Avaí,2,3,28/08/2011,Márcio Chagas da Silva,17.620
2011,20,Corinthians,Grêmio,3,2,31/08/2011,André Luiz de Freitas Castro,15.488
2011,20,Vasco da Gama,Ceará,3,1,31/08/2011,Emerson de Almeida Ferreira,5.428
2011,20,Atlético-PR,Atlético-MG,0,1,31/08/2011,Rodrigo Braghetto,11.823
2011,20,Cruzeiro,Figueirense,2,4,31/08/2011,Jailson Macedo Freitas (BA),14.738
2011,20,Atlético-GO,Coritiba,3,1,31/08/2011,Jean Pierre Goncalves Lima,3.146
2011,20,Botafogo,Palmeiras,3,1,31/08/2011,Franscisco Carlos do Nascimento,9.729
2011,20,Internacional,Santos,3,3,31/08/2011,Arilson Bispo da Anunciação,14.701
2011,20,Avaí,Flamengo,3,2,31/08/2011,Wilton Sampaio,12.692
2011,20,São Paulo,Fluminense,1,2,31/08/2011,Elmo Alves Resende Cunha (GO),7.910
2011,20,Bahia,América-MG,0,0,01/09/2011,Fabrício Neves Corrêa,9.807
2011,21,Figueirense,São Paulo,1,2,03/09/2011,Francisco de Assis Almeida Filho (CE),12.263
2011,21,Fluminense,Atlético-GO,3,2,03/09/2011,Celio Amorim,6.473
2011,21,Atlético-MG,Avaí,2,0,03/09/2011,Paulo César de Oliveira,9.761
2011,21,Grêmio,Atlético-PR,4,0,04/09/2011,Salvio Fagundes Filho,16.245
2011,21,Coritiba,Corinthians,1,0,04/09/2011,Wilton Sampaio,26.572
2011,21,Palmeiras,Cruzeiro,1,1,04/09/2011,Leandro Pedro Vuaden,10.345
2011,21,América-MG,Vasco da Gama,4,1,04/09/2011,Sandro Ricci,2.644
2011,21,Flamengo,Bahia,1,3,04/09/2011,Alício Pena Junior,13.538
2011,21,Ceará,Internacional,1,1,04/09/2011,Wilson Luiz Seneme,11.732
2011,21,Santos,Botafogo,2,0,19/10/2011,Evandro Rogerio Roman (PR),5.770
2011,22,Avaí,Santos,1,2,07/09/2011,Gutemberg de Paula Fonseca (RJ),5.630
2011,22,São Paulo,Atlético-MG,2,1,07/09/2011,Péricles Bassols Pegado Cortez (RJ),60.514
2011,22,Botafogo,Ceará,4,0,07/09/2011,Edivaldo Elias da Silva,42.000
2011,22,Internacional,América-MG,4,2,07/09/2011,Luiz Flávio de Oliveira (SP),24.681
2011,22,Atlético-GO,Figueirense,1,1,07/09/2011,Pablo dos Santos Alves,2.514
2011,22,Cruzeiro,Fluminense,1,2,07/09/2011,Guilherme Ceretta de Lima (SP),9.256
2011,22,Atlético-PR,Palmeiras,2,2,07/09/2011,Marcelo de Lima Henrique  (RJ),10.799
2011,22,Vasco da Gama,Coritiba,2,0,08/09/2011,Jefferson Schmidt,9.397
2011,22,Bahia,Grêmio,1,2,08/09/2011,Felipe Gomes da Silva,17.977
2011,22,Corinthians,Flamengo,2,1,08/09/2011,Márcio Chagas da Silva,35.392
2011,23,Santos,Cruzeiro,1,0,10/09/2011,Franscisco Carlos do Nascimento,9.637
2011,23,América-MG,Avaí,2,2,10/09/2011,Salvio Fagundes Filho,734
2011,23,Figueirense,Vasco da Gama,1,1,11/09/2011,Nielson Nogueira Dias,12.877
2011,23,Fluminense,Corinthians,1,0,11/09/2011,Leandro Pedro Vuaden,26.979
2011,23,Ceará,Atlético-GO,1,1,11/09/2011,Sandro Ricci,11.741
2011,23,Coritiba,Botafogo,5,0,11/09/2011,Fabrício Neves Corrêa,17.142
2011,23,Palmeiras,Internacional,0,3,11/09/2011,Alício Pena Junior,9.024
2011,23,Flamengo,Atlético-PR,1,2,11/09/2011,Ricardo Marques Ribeiro (MG),7.846
2011,23,Grêmio,São Paulo,1,0,11/09/2011,Héber Lopes,25.741
2011,23,Atlético-MG,Bahia,2,0,11/09/2011,Wilson Luiz Seneme,10.991
2011,24,Atlético-GO,Atlético-MG,1,0,17/09/2011,Paulo César de Oliveira,6.186
2011,24,Vasco da Gama,Grêmio,4,0,17/09/2011,Ricardo Marques Ribeiro (MG),19.757
2011,24,São Paulo,Ceará,4,0,17/09/2011,Pablo dos Santos Alves,22.581
2011,24,Botafogo,Flamengo,1,1,18/09/2011,Péricles Bassols Pegado Cortez (RJ),25.670
2011,24,Bahia,Fluminense,3,0,18/09/2011,Héber Lopes,15.356
2011,24,Corinthians,Santos,1,3,18/09/2011,Wilson Luiz Seneme,34.308
2011,24,Atlético-PR,Figueirense,0,0,18/09/2011,Fabrício Neves Corrêa,14.103
2011,24,Avaí,Palmeiras,1,1,18/09/2011,Evandro Rogerio Roman (PR),7.894
2011,24,Cruzeiro,América-MG,0,0,18/09/2011,Marcelo de Lima Henrique  (RJ),7.133
2011,24,Internacional,Coritiba,1,1,18/09/2011,Sandro Ricci,18.069
2011,25,Coritiba,Cruzeiro,2,1,21/09/2011,André Luiz de Freitas Castro,17.766
2011,25,América-MG,Santos,1,2,21/09/2011,Jean Pierre Goncalves Lima,18.562
2011,25,Bahia,Atlético-PR,1,0,21/09/2011,Pablo dos Santos Alves,12.771
2011,25,Fluminense,Avaí,3,1,21/09/2011,Fabrício Neves Corrêa,8.845
2011,25,São Paulo,Corinthians,0,0,21/09/2011,Wilson Luiz Seneme,44.950
2011,25,Figueirense,Internacional,1,1,21/09/2011,Felipe Gomes da Silva,12.206
2011,25,Atlético-MG,Flamengo,1,1,21/09/2011,Paulo César de Oliveira,13.849
2011,25,Vasco da Gama,Atlético-GO,1,1,22/09/2011,Evandro Rogerio Roman (PR),17.935
2011,25,Grêmio,Botafogo,0,1,22/09/2011,Alício Pena Junior,14.347
2011,25,Palmeiras,Ceará,1,0,22/09/2011,Wagner do Nascimento Magalhães,6.629
2011,26,Atlético-PR,Fluminense,1,1,24/09/2011,Wagner Reway,11.010
2011,26,Santos,Figueirense,2,3,24/09/2011,Héber Lopes,7.059
2011,26,Flamengo,América-MG,2,1,24/09/2011,Guilherme Ceretta de Lima (SP),9.445
2011,26,Cruzeiro,Vasco da Gama,0,3,25/09/2011,Fabrício Neves Corrêa,6.348
2011,26,Corinthians,Bahia,1,0,25/09/2011,Evandro Rogerio Roman (PR),23.765
2011,26,Avaí,Grêmio,1,2,25/09/2011,Paulo César de Oliveira,8.727
2011,26,Botafogo,São Paulo,2,2,25/09/2011,Sandro Ricci,26.026
2011,26,Internacional,Atlético-MG,2,1,25/09/2011,Péricles Bassols Pegado Cortez (RJ),16.198
2011,26,Ceará,Coritiba,3,2,25/09/2011,Marcelo de Lima Henrique  (RJ),10.133
2011,26,Atlético-GO,Palmeiras,1,1,25/09/2011,Franscisco Carlos do Nascimento,12.422
2011,27,Palmeiras,América-MG,1,1,01/10/2011,Jailson Macedo Freitas (BA),9.285
2011,27,Fluminense,Santos,3,2,01/10/2011,Evandro Rogerio Roman (PR),15.255
2011,27,Bahia,Avaí,3,2,01/10/2011,Salvio Fagundes Filho,16.697
2011,27,São Paulo,Flamengo,1,2,02/10/2011,Fabrício Neves Corrêa,63.871
2011,27,Atlético-PR,Internacional,2,0,02/10/2011,Paulo César de Oliveira,14.431
2011,27,Vasco da Gama,Corinthians,2,2,02/10/2011,Sandro Ricci,22.855
2011,27,Atlético-MG,Ceará,1,1,02/10/2011,Franscisco Carlos do Nascimento,14.174
2011,27,Figueirense,Coritiba,0,0,02/10/2011,Wilson Luiz Seneme,9.283
2011,27,Grêmio,Cruzeiro,2,0,02/10/2011,Elmo Alves Resende Cunha (GO),17.507
2011,27,Atlético-GO,Botafogo,2,0,02/10/2011,Alício Pena Junior,12.264
2011,28,Cruzeiro,São Paulo,3,3,05/10/2011,Paulo Henrique de Godoy Bezerra (SC),9.944
2011,28,América-MG,Atlético-MG,0,0,08/10/2011,Cleber Wellington Abade (SP),750
2011,28,Botafogo,Bahia,2,2,08/10/2011,Franscisco Carlos do Nascimento,6.765
2011,28,Coritiba,Grêmio,2,0,08/10/2011,Dewson Fernando Freitas da Silva,19.951
2011,28,Internacional,Vasco da Gama,3,0,09/10/2011,Alício Pena Junior,20.250
2011,28,Santos,Palmeiras,1,0,09/10/2011,Guilherme Ceretta de Lima (SP),7.373
2011,28,Flamengo,Fluminense,3,2,09/10/2011,Felipe Gomes da Silva,25.513
2011,28,Corinthians,Atlético-GO,3,0,09/10/2011,Jean Pierre Goncalves Lima,33.609
2011,28,Avaí,Atlético-PR,3,0,09/10/2011,Sandro Ricci,8.531
2011,28,Ceará,Figueirense,1,1,09/10/2011,Wilton Sampaio,13.617
2011,29,América-MG,Ceará,4,1,12/10/2011,Péricles Bassols Pegado Cortez (RJ),939
2011,29,São Paulo,Internacional,0,0,12/10/2011,Evandro Rogerio Roman (PR),24.470
2011,29,Grêmio,Figueirense,1,3,12/10/2011,Rodrigo Braghetto,16.449
2011,29,Avaí,Atlético-GO,2,2,12/10/2011,Paulo César de Oliveira,10.628
2011,29,Bahia,Cruzeiro,0,0,12/10/2011,Gutemberg de Paula Fonseca (RJ),13.904
2011,29,Corinthians,Botafogo,0,2,12/10/2011,Elmo Alves Resende Cunha (GO),32.450
2011,29,Flamengo,Palmeiras,1,1,12/10/2011,Emerson de Almeida Ferreira,22.573
2011,29,Fluminense,Coritiba,3,1,13/10/2011,Celio Amorim,11.153
2011,29,Atlético-MG,Santos,2,1,13/10/2011,Wilton Sampaio,12.351
2011,29,Atlético-PR,Vasco da Gama,2,2,13/10/2011,Paulo Henrique de Godoy Bezerra (SC),10.813
2011,30,Figueirense,América-MG,2,1,15/10/2011,Wagner do Nascimento Magalhães,7.421
2011,30,Ceará,Flamengo,0,1,15/10/2011,André Luiz de Freitas Castro,18.245
2011,30,Botafogo,Atlético-PR,2,0,16/10/2011,Nielson Nogueira Dias,26.527
2011,30,Internacional,Avaí,4,2,16/10/2011,Wilson Luiz Seneme,17.832
2011,30,Palmeiras,Fluminense,1,2,16/10/2011,Franscisco Carlos do Nascimento,3.649
2011,30,Cruzeiro,Corinthians,0,1,16/10/2011,Pablo dos Santos Alves,17.004
2011,30,Santos,Grêmio,0,1,16/10/2011,Emerson de Almeida Ferreira,3.477
2011,30,Vasco da Gama,Atlético-MG,2,0,16/10/2011,Fabrício Neves Corrêa,15.269
2011,30,Coritiba,Bahia,0,0,16/10/2011,Jean Pierre Goncalves Lima,11.896
2011,30,Atlético-GO,São Paulo,3,0,16/10/2011,Sandro Ricci,23.906
2011,31,Palmeiras,Figueirense,1,2,22/10/2011,Ricardo Marques Ribeiro (MG),3.897
2011,31,Fluminense,Atlético-MG,0,2,22/10/2011,Jean Pierre Goncalves Lima,24.143
2011,31,Avaí,Botafogo,3,2,22/10/2011,Sandro Ricci,7.784
2011,31,América-MG,Grêmio,2,2,22/10/2011,Nielson Nogueira Dias,829
2011,31,São Paulo,Coritiba,0,0,23/10/2011,Jailson Macedo Freitas (BA),15.148
2011,31,Internacional,Corinthians,1,1,23/10/2011,Evandro Rogerio Roman (PR),32.299
2011,31,Atlético-PR,Ceará,1,0,23/10/2011,Salvio Fagundes Filho,12.186
2011,31,Bahia,Vasco da Gama,0,2,23/10/2011,Wilton Sampaio,32.157
2011,31,Flamengo,Santos,1,1,23/10/2011,Paulo Henrique de Godoy Bezerra (SC),18.257
2011,31,Cruzeiro,Atlético-GO,3,2,23/10/2011,Wilson Luiz Seneme,5.595
2011,32,Santos,Atlético-PR,4,1,29/10/2011,Franscisco Carlos do Nascimento,16.679
2011,32,Botafogo,Cruzeiro,1,0,29/10/2011,Wilton Sampaio,15.724
2011,32,Ceará,Fluminense,1,2,29/10/2011,André Luiz de Freitas Castro,17.554
2011,32,Figueirense,Bahia,2,1,30/10/2011,Salvio Fagundes Filho,9.255
2011,32,Corinthians,Avaí,2,1,30/10/2011,Leandro Pedro Vuaden,33.373
2011,32,Vasco da Gama,São Paulo,0,0,30/10/2011,Ricardo Marques Ribeiro (MG),21.315
2011,32,Grêmio,Flamengo,4,2,30/10/2011,Evandro Rogerio Roman (PR),44.781
2011,32,Atlético-MG,Palmeiras,2,1,30/10/2011,Marcelo de Lima Henrique  (RJ),17.179
2011,32,Coritiba,América-MG,3,1,30/10/2011,Anderson Daronco,10.962
2011,32,Atlético-GO,Internacional,0,1,30/10/2011,Marcos André Gomes da Penha,6.337
2011,33,Botafogo,Figueirense,0,1,05/11/2011,Héber Lopes,25.321
2011,33,Atlético-MG,Grêmio,2,0,05/11/2011,Wilson Luiz Seneme,17.387
2011,33,Bahia,São Paulo,4,3,05/11/2011,Evandro Rogerio Roman (PR),31.230
2011,33,América-MG,Corinthians,2,1,06/11/2011,Jean Pierre Goncalves Lima,37.034
2011,33,Santos,Vasco da Gama,2,0,06/11/2011,André Luiz de Freitas Castro,12.305
2011,33,Flamengo,Cruzeiro,5,1,06/11/2011,Leandro Pedro Vuaden,39.842
2011,33,Avaí,Ceará,1,2,06/11/2011,Gutemberg de Paula Fonseca (RJ),6.141
2011,33,Palmeiras,Coritiba,0,2,06/11/2011,Alício Pena Junior,7.513
2011,33,Internacional,Fluminense,1,2,06/11/2011,Sandro Ricci,33.850
2011,33,Atlético-PR,Atlético-GO,2,1,06/11/2011,Salvio Fagundes Filho,11.200
2011,34,Fluminense,América-MG,1,2,12/11/2011,Wilton Sampaio,40.232
2011,34,Figueirense,Atlético-MG,2,1,12/11/2011,Cleber Wellington Abade (SP),10.271
2011,34,São Paulo,Avaí,2,0,12/11/2011,André Luiz de Freitas Castro,11.134
2011,34,Ceará,Santos,2,3,13/11/2011,Anderson Daronco,16.277
2011,34,Corinthians,Atlético-PR,2,1,13/11/2011,Nielson Nogueira Dias,37.157
2011,34,Coritiba,Flamengo,2,0,13/11/2011,Jailson Macedo Freitas (BA),26.299
2011,34,Grêmio,Palmeiras,2,2,13/11/2011,Edivaldo Elias da Silva,15.062
2011,34,Atlético-GO,Bahia,0,1,13/11/2011,Péricles Bassols Pegado Cortez (RJ),2.931
2011,34,Cruzeiro,Internacional,1,0,13/11/2011,Luiz Flávio de Oliveira (SP),16.967
2011,34,Vasco da Gama,Botafogo,2,0,13/11/2011,Antonio de Carvalho Schneider,33.778
2011,35,Fluminense,Grêmio,5,4,16/11/2011,Franscisco Carlos do Nascimento,11.395
2011,35,Atlético-PR,São Paulo,1,0,16/11/2011,Pablo dos Santos Alves,16.889
2011,35,Internacional,Bahia,1,0,16/11/2011,Paulo César de Oliveira,7.262
2011,35,América-MG,Botafogo,2,1,16/11/2011,André Luiz de Freitas Castro,1.502
2011,35,Avaí,Cruzeiro,0,0,16/11/2011,Péricles Bassols Pegado Cortez (RJ),2.314
2011,35,Palmeiras,Vasco da Gama,1,1,16/11/2011,Leandro Pedro Vuaden,8.153
2011,35,Ceará,Corinthians,0,1,16/11/2011,Elmo Alves Resende Cunha (GO),17.532
2011,35,Santos,Atlético-GO,1,1,17/11/2011,Alício Pena Junior,18.044
2011,35,Atlético-MG,Coritiba,2,1,17/11/2011,Gutemberg de Paula Fonseca (RJ),16.872
2011,35,Flamengo,Figueirense,0,0,17/11/2011,Evandro Rogerio Roman (PR),Evandro
2011,36,Grêmio,Ceará,1,3,19/11/2011,Gutemberg de Paula Fonseca (RJ),5.658
2011,36,São Paulo,América-MG,3,1,19/11/2011,Marcelo de Lima Henrique  (RJ),9.057
2011,36,Vasco da Gama,Avaí,2,0,19/11/2011,Fabrício Neves Corrêa,19.834
2011,36,Botafogo,Internacional,1,2,20/11/2011,Wilton Sampaio,7.840
2011,36,Corinthians,Atlético-MG,2,1,20/11/2011,Wagner Reway,35.011
2011,36,Atlético-GO,Flamengo,0,0,20/11/2011,Paulo César de Oliveira,37.828
2011,36,Cruzeiro,Atlético-PR,1,1,20/11/2011,Leandro Pedro Vuaden,18.139
2011,36,Figueirense,Fluminense,0,4,20/11/2011,Héber Lopes,16.279
2011,36,Coritiba,Santos,1,0,20/11/2011,Elmo Alves Resende Cunha (GO),16.447
2011,36,Bahia,Palmeiras,0,2,20/11/2011,Claudio Francisco Lima e Silva,32.157
2011,37,Figueirense,Corinthians,0,1,27/11/2011,Wilton Sampaio,17.254
2011,37,Fluminense,Vasco da Gama,1,2,27/11/2011,Marcelo de Lima Henrique  (RJ),34.132
2011,37,Palmeiras,São Paulo,1,0,27/11/2011,Luiz Flávio de Oliveira (SP),18.364
2011,37,Coritiba,Avaí,1,0,27/11/2011,Ricardo Marques Ribeiro (MG),15.680
2011,37,Grêmio,Atlético-GO,2,2,27/11/2011,Francisco de Assis Almeida Filho (CE),4.728
2011,37,Santos,Bahia,1,1,27/11/2011,Leandro Pedro Vuaden,12.052
2011,37,América-MG,Atlético-PR,2,1,27/11/2011,Elmo Alves Resende Cunha (GO),841
2011,37,Atlético-MG,Botafogo,4,0,27/11/2011,Nielson Nogueira Dias,18.281
2011,37,Flamengo,Internacional,1,0,27/11/2011,Evandro Rogerio Roman (PR),12.911
2011,37,Ceará,Cruzeiro,2,2,27/11/2011,Wilson Luiz Seneme,17.331
2011,38,Corinthians,Palmeiras,0,0,04/12/2011,Wilson Luiz Seneme,36.708
2011,38,Avaí,Figueirense,1,1,04/12/2011,Cleber Wellington Abade (SP),5.880
2011,38,Atlético-GO,América-MG,5,1,04/12/2011,Héber Lopes,5.787
2011,38,São Paulo,Santos,4,1,04/12/2011,Rodrigo Braghetto,4.948
2011,38,Botafogo,Fluminense,1,1,04/12/2011,Antonio de Carvalho Schneider,6.379
2011,38,Atlético-PR,Coritiba,1,0,04/12/2011,Sandro Ricci,Sandro
2011,38,Internacional,Grêmio,1,0,04/12/2011,Leandro Pedro Vuaden,31.777
2011,38,Vasco da Gama,Flamengo,1,1,04/12/2011,Péricles Bassols Pegado Cortez (RJ),40.004
2011,38,Bahia,Ceará,2,1,04/12/2011,Wilton Sampaio,32.157
2011,38,Cruzeiro,Atlético-MG,6,1,04/12/2011,Marcelo de Lima Henrique  (RJ),18.500
