ano,rodada,clube_mandante,clube_visitante,gols_mandante,gols_visitante,data,juiz,publico
2012,1,Palmeiras,Portuguesa,1,1,19/05/2012,Raphael Claus,8.939
2012,1,Sport,Flamengo,1,1,19/05/2012,Paulo César de Oliveira,26.699
2012,1,Figueirense,Náutico,2,1,19/05/2012,Arilson Bispo da Anunciação,5.185
2012,1,Internacional,Coritiba,2,0,20/05/2012,Pablo dos Santos Alves,19.000
2012,1,Ponte Preta,Atlético-MG,0,1,20/05/2012,Franscisco Carlos do Nascimento,4.911
2012,1,Botafogo,São Paulo,4,2,20/05/2012,Sandro Ricci,7.008
2012,1,Corinthians,Fluminense,0,1,20/05/2012,Fabrício Neves Corrêa,14.791
2012,1,Vasco da Gama,Grêmio,2,1,20/05/2012,Celio Amorim,5.826
2012,1,Cruzeiro,Atlético-GO,0,0,20/05/2012,Péricles Bassols Pegado Cortez (RJ),3.952
2012,1,Bahia,Santos,0,0,20/05/2012,Evandro Rogerio Roman (PR),8.908
2012,2,Atlético-GO,Ponte Preta,1,1,26/05/2012,Manuel Lopo Garrido,1.703
2012,2,Portuguesa,Vasco da Gama,0,1,26/05/2012,Héber Lopes,4.638
2012,2,Flamengo,Internacional,3,3,26/05/2012,André Luiz de Freitas Castro,19.274
2012,2,Náutico,Cruzeiro,0,0,26/05/2012,Luiz Flávio de Oliveira (SP),12.531
2012,2,Atlético-MG,Corinthians,1,0,27/05/2012,Wilton Sampaio,14.740
2012,2,Santos,Sport,0,0,27/05/2012,Márcio Chagas da Silva,5.294
2012,2,São Paulo,Bahia,1,0,27/05/2012,Wagner Reway,10.305
2012,2,Coritiba,Botafogo,2,3,27/05/2012,Wilson Luiz Seneme,14.369
2012,2,Fluminense,Figueirense,2,2,27/05/2012,Nielson Nogueira Dias,5.594
2012,2,Grêmio,Palmeiras,1,0,27/05/2012,Marcelo de Lima Henrique  (RJ),18.277
2012,3,Atlético-GO,Grêmio,0,1,06/06/2012,Pablo dos Santos Alves,2.965
2012,3,Sport,Palmeiras,2,1,06/06/2012,Leandro Pedro Vuaden,19.096
2012,3,Atlético-MG,Bahia,1,1,06/06/2012,Marcelo de Lima Henrique  (RJ),16.580
2012,3,Vasco da Gama,Náutico,4,2,06/06/2012,Wilson Luiz Seneme,7.541
2012,3,Coritiba,Portuguesa,2,0,06/06/2012,Jean Pierre Goncalves Lima,8.959
2012,3,Ponte Preta,Flamengo,2,2,06/06/2012,Wagner Reway,5.365
2012,3,Internacional,São Paulo,1,0,06/06/2012,Wilton Sampaio,12.348
2012,3,Santos,Fluminense,1,1,06/06/2012,Jailson Macedo Freitas (BA),4.080
2012,3,Botafogo,Cruzeiro,2,3,07/06/2012,Fabrício Neves Corrêa,6.900
2012,3,Corinthians,Figueirense,1,1,07/06/2012,André Luiz de Freitas Castro,21.912
2012,4,Palmeiras,Atlético-MG,0,1,09/06/2012,Márcio Chagas da Silva,7.268
2012,4,Flamengo,Coritiba,3,1,09/06/2012,Rodrigo Braghetto,6.142
2012,4,Portuguesa,Atlético-GO,2,0,10/06/2012,Claudio Francisco Lima e Silva,1.407
2012,4,Bahia,Vasco da Gama,1,2,10/06/2012,Anderson Daronco,17.908
2012,4,Grêmio,Corinthians,2,0,10/06/2012,Evandro Rogerio Roman (PR),16.803
2012,4,Fluminense,Internacional,0,0,10/06/2012,Ricardo Marques Ribeiro (MG),5.728
2012,4,São Paulo,Santos,1,0,10/06/2012,Flávio Rodrigues Guerra,6.505
2012,4,Figueirense,Ponte Preta,0,0,10/06/2012,Cláudio Luciano Mercante Júnior (PE),5.901
2012,4,Cruzeiro,Sport,1,0,10/06/2012,Raphael Claus,4.574
2012,4,Náutico,Botafogo,3,2,10/06/2012,Héber Lopes,12.354
2012,5,Internacional,Botafogo,1,2,16/06/2012,Paulo César de Oliveira,12.419
2012,5,Cruzeiro,Figueirense,1,0,16/06/2012,Pablo dos Santos Alves,17.883
2012,5,Fluminense,Portuguesa,4,1,16/06/2012,Dewson Fernando Freitas da Silva,4.564
2012,5,São Paulo,Atlético-MG,1,0,17/06/2012,Elmo Alves Resende Cunha (GO),11.656
2012,5,Flamengo,Santos,1,0,17/06/2012,Franscisco Carlos do Nascimento,17.373
2012,5,Palmeiras,Vasco da Gama,1,1,17/06/2012,Leandro Pedro Vuaden,6.651
2012,5,Bahia,Sport,2,1,17/06/2012,Guilherme Ceretta de Lima (SP),11.031
2012,5,Ponte Preta,Corinthians,1,0,17/06/2012,Wilson Luiz Seneme,6.316
2012,5,Coritiba,Atlético-GO,3,0,17/06/2012,Nielson Nogueira Dias,8.704
2012,5,Náutico,Grêmio,1,0,17/06/2012,Manuel Lopo Garrido,14.006
2012,6,Vasco da Gama,Cruzeiro,1,3,23/06/2012,André Luiz de Freitas Castro,18.337
2012,6,Portuguesa,São Paulo,1,0,23/06/2012,Antônio Rogério Batista do Prado,4.544
2012,6,Atlético-MG,Náutico,5,1,23/06/2012,Raphael Claus,16.367
2012,6,Figueirense,Bahia,1,1,24/06/2012,Héber Lopes,7.728
2012,6,Corinthians,Palmeiras,2,1,24/06/2012,Luiz Flávio de Oliveira (SP),17.519
2012,6,Grêmio,Flamengo,2,0,24/06/2012,Wilson Luiz Seneme,14.878
2012,6,Sport,Internacional,0,2,24/06/2012,Marcelo de Lima Henrique  (RJ),13.531
2012,6,Atlético-GO,Fluminense,1,4,24/06/2012,Paulo César de Oliveira,5.240
2012,6,Santos,Coritiba,2,2,24/06/2012,Péricles Bassols Pegado Cortez (RJ),5.120
2012,6,Botafogo,Ponte Preta,1,2,24/06/2012,Evandro Rogerio Roman (PR),6.731
2012,7,Cruzeiro,São Paulo,2,3,30/06/2012,Marcelo de Lima Henrique  (RJ),17.695
2012,7,Náutico,Fluminense,0,2,30/06/2012,Evandro Rogerio Roman (PR),14.501
2012,7,Vasco da Gama,Ponte Preta,3,2,30/06/2012,Fabrício Neves Corrêa,11.082
2012,7,Portuguesa,Santos,0,0,01/07/2012,Raphael Claus,8.379
2012,7,Coritiba,Sport,2,3,01/07/2012,Wilson Luiz Seneme,12.447
2012,7,Bahia,Internacional,1,1,01/07/2012,Sandro Ricci,13.447
2012,7,Palmeiras,Figueirense,3,1,01/07/2012,Franscisco Carlos do Nascimento,2.580
2012,7,Flamengo,Atlético-GO,3,2,01/07/2012,Héber Lopes,6.645
2012,7,Grêmio,Atlético-MG,0,1,01/07/2012,Paulo César de Oliveira,34.550
2012,7,Corinthians,Botafogo,1,3,11/07/2012,Héber Lopes,25.900
2012,8,Internacional,Cruzeiro,2,1,07/07/2012,Marcelo de Lima Henrique  (RJ),9.349
2012,8,Botafogo,Bahia,3,0,07/07/2012,Raphael Claus,20.746
2012,8,Atlético-GO,Náutico,0,1,07/07/2012,Ricardo Marques Ribeiro (MG),2.048
2012,8,Santos,Grêmio,4,2,08/07/2012,Nielson Nogueira Dias,9.402
2012,8,Fluminense,Flamengo,1,0,08/07/2012,Wagner do Nascimento Magalhães,38.862
2012,8,São Paulo,Coritiba,3,1,08/07/2012,Franscisco Carlos do Nascimento,21.336
2012,8,Figueirense,Vasco da Gama,1,1,08/07/2012,Paulo César de Oliveira,15.086
2012,8,Ponte Preta,Palmeiras,1,0,08/07/2012,Marcelo Aparecido Ribeiro de Souza,5.271
2012,8,Atlético-MG,Portuguesa,2,0,08/07/2012,André Luiz de Freitas Castro,18.875
2012,8,Sport,Corinthians,1,1,08/07/2012,Péricles Bassols Pegado Cortez (RJ),20.976
2012,9,Figueirense,Atlético-MG,3,4,14/07/2012,Luiz Flávio de Oliveira (SP),10.303
2012,9,Corinthians,Náutico,2,1,14/07/2012,Wagner Reway,23.198
2012,9,Ponte Preta,Coritiba,4,1,14/07/2012,Elmo Alves Resende Cunha (GO),2.857
2012,9,Botafogo,Fluminense,1,1,15/07/2012,Wilson Luiz Seneme,17.122
2012,9,Internacional,Santos,0,0,15/07/2012,Wagner do Nascimento Magalhães,11.791
2012,9,Cruzeiro,Grêmio,1,3,15/07/2012,Marcelo Aparecido Ribeiro de Souza,15.523
2012,9,Bahia,Flamengo,1,2,15/07/2012,Franscisco Carlos do Nascimento,29.206
2012,9,Palmeiras,São Paulo,1,1,15/07/2012,Péricles Bassols Pegado Cortez (RJ),8.374
2012,9,Sport,Portuguesa,2,1,15/07/2012,Evandro Rogerio Roman (PR),15.770
2012,9,Vasco da Gama,Atlético-GO,1,0,15/07/2012,Márcio Chagas da Silva,9.624
2012,10,Grêmio,Sport,3,1,18/07/2012,Jailson Macedo Freitas (BA),15.179
2012,10,Santos,Botafogo,0,0,18/07/2012,Claudio Francisco Lima e Silva,7.069
2012,10,Portuguesa,Cruzeiro,0,2,18/07/2012,Elmo Alves Resende Cunha (GO),2.409
2012,10,Náutico,Ponte Preta,3,0,18/07/2012,Marcelo de Lima Henrique  (RJ),12.605
2012,10,Flamengo,Corinthians,0,3,18/07/2012,Sandro Ricci,14.897
2012,10,São Paulo,Vasco da Gama,0,1,18/07/2012,Leandro Pedro Vuaden,10.428
2012,10,Atlético-MG,Internacional,3,1,18/07/2012,Marcelo Aparecido Ribeiro de Souza,19.181
2012,10,Fluminense,Bahia,4,0,19/07/2012,Fabrício Neves Corrêa,7.413
2012,10,Atlético-GO,Figueirense,3,2,19/07/2012,Wilson Luiz Seneme,1.112
2012,10,Coritiba,Palmeiras,1,1,19/07/2012,Ricardo Marques Ribeiro (MG),11.998
2012,11,Sport,Atlético-MG,1,4,21/07/2012,Paulo César de Oliveira,16.230
2012,11,Vasco da Gama,Santos,2,0,21/07/2012,Wagner Reway,17.222
2012,11,Corinthians,Portuguesa,1,1,21/07/2012,Leandro Bizzio Marinho,31.106
2012,11,Internacional,Atlético-GO,4,1,22/07/2012,Paulo Henrique de Godoy Bezerra (SC),10.021
2012,11,Palmeiras,Náutico,3,0,22/07/2012,Márcio Chagas da Silva,7.407
2012,11,Figueirense,São Paulo,0,2,22/07/2012,Anderson Daronco,9.445
2012,11,Cruzeiro,Flamengo,1,0,22/07/2012,Héber Lopes,16.277
2012,11,Botafogo,Grêmio,0,1,22/07/2012,Luiz Flávio de Oliveira (SP),34.621
2012,11,Bahia,Coritiba,2,2,22/07/2012,Marcelo de Lima Henrique  (RJ),8.380
2012,11,Ponte Preta,Fluminense,1,2,22/07/2012,Manuel Lopo Garrido,5.890
2012,12,Figueirense,Internacional,0,1,25/07/2012,Elmo Alves Resende Cunha (GO),8.944
2012,12,Ponte Preta,Sport,1,1,25/07/2012,Héber Lopes,4.117
2012,12,Náutico,Coritiba,3,4,25/07/2012,Claudio Francisco Lima e Silva,12.663
2012,12,Vasco da Gama,Botafogo,1,0,25/07/2012,Wagner do Nascimento Magalhães,21.812
2012,12,Corinthians,Cruzeiro,2,0,25/07/2012,Leandro Pedro Vuaden,28.759
2012,12,Atlético-GO,São Paulo,4,3,25/07/2012,Emerson de Almeida Ferreira,6.236
2012,12,Grêmio,Fluminense,1,0,25/07/2012,Wilton Sampaio,27.405
2012,12,Flamengo,Portuguesa,0,0,26/07/2012,Ricardo Marques Ribeiro (MG),8.184
2012,12,Palmeiras,Bahia,0,2,26/07/2012,Antonio de Carvalho Schneider,7.515
2012,12,Atlético-MG,Santos,2,0,26/07/2012,Antônio Denival de Morais,20.418
2012,13,Internacional,Vasco da Gama,0,0,28/07/2012,Wilson Luiz Seneme,15.462
2012,13,Coritiba,Grêmio,2,1,28/07/2012,André Luiz de Freitas Castro,17.619
2012,13,Botafogo,Figueirense,1,0,28/07/2012,Márcio Chagas da Silva,5.095
2012,13,São Paulo,Flamengo,4,1,29/07/2012,Jailson Macedo Freitas (BA),35.049
2012,13,Fluminense,Atlético-MG,0,0,29/07/2012,Rodrigo Braghetto,19.761
2012,13,Sport,Atlético-GO,0,0,29/07/2012,Wagner Reway,12.860
2012,13,Bahia,Corinthians,0,0,29/07/2012,Pablo dos Santos Alves,24.648
2012,13,Portuguesa,Náutico,3,1,29/07/2012,Marcelo de Lima Henrique  (RJ),1.910
2012,13,Santos,Ponte Preta,2,1,29/07/2012,Paulo César de Oliveira,4.261
2012,13,Cruzeiro,Palmeiras,2,1,29/07/2012,Fabrício Neves Corrêa,11.512
2012,14,Palmeiras,Internacional,0,1,04/08/2012,Jailson Macedo Freitas (BA),8.387
2012,14,Atlético-GO,Botafogo,1,2,04/08/2012,Nielson Nogueira Dias,7.309
2012,14,Portuguesa,Figueirense,2,0,04/08/2012,Sandro Ricci,1.600
2012,14,São Paulo,Sport,1,0,05/08/2012,André Luiz de Freitas Castro,23.492
2012,14,Coritiba,Fluminense,0,2,05/08/2012,Wagner Reway,16.523
2012,14,Grêmio,Bahia,3,1,05/08/2012,Claudio Francisco Lima e Silva,23.268
2012,14,Vasco da Gama,Corinthians,0,0,05/08/2012,Paulo Henrique de Godoy Bezerra (SC),19.418
2012,14,Cruzeiro,Ponte Preta,1,2,05/08/2012,Edivaldo Elias da Silva,15.103
2012,14,Náutico,Santos,3,0,05/08/2012,Wilton Sampaio,12.266
2012,14,Flamengo,Atlético-MG,2,1,26/09/2012,Jailson Macedo Freitas (BA),39.060
2012,15,Sport,Vasco da Gama,0,2,08/08/2012,Guilherme Ceretta de Lima (SP),13.786
2012,15,Internacional,Náutico,0,0,08/08/2012,Ricardo Marques Ribeiro (MG),9.716
2012,15,Corinthians,Atlético-GO,1,1,08/08/2012,Anderson Daronco,24.372
2012,15,Bahia,Portuguesa,0,0,08/08/2012,Celio Amorim,8.166
2012,15,Figueirense,Flamengo,0,2,08/08/2012,Leandro Pedro Vuaden,11.307
2012,15,Botafogo,Palmeiras,1,2,08/08/2012,Franscisco Carlos do Nascimento,5.053
2012,15,Santos,Cruzeiro,4,2,08/08/2012,Rodrigo Nunes de Sá,3.215
2012,15,Ponte Preta,Grêmio,0,0,09/08/2012,Wagner do Nascimento Magalhães,9.010
2012,15,Fluminense,São Paulo,2,1,09/08/2012,Héber Lopes,5.799
2012,15,Atlético-MG,Coritiba,1,0,09/08/2012,Pablo dos Santos Alves,19.288
2012,16,Santos,Atlético-GO,2,2,11/08/2012,Péricles Bassols Pegado Cortez (RJ),9.432
2012,16,Bahia,Cruzeiro,0,1,11/08/2012,Wilton Sampaio,8.946
2012,16,Sport,Figueirense,0,1,11/08/2012,Edivaldo Elias da Silva,11.258
2012,16,Flamengo,Náutico,2,0,11/08/2012,Jean Pierre Goncalves Lima,9.308
2012,16,Coritiba,Corinthians,1,2,12/08/2012,Leandro Pedro Vuaden,16.139
2012,16,Atlético-MG,Vasco da Gama,1,0,12/08/2012,Wilson Luiz Seneme,19.650
2012,16,Internacional,Ponte Preta,2,1,12/08/2012,Sandro Ricci,9.274
2012,16,São Paulo,Grêmio,1,2,12/08/2012,Elmo Alves Resende Cunha (GO),15.386
2012,16,Fluminense,Palmeiras,1,0,12/08/2012,Márcio Chagas da Silva,8.536
2012,16,Portuguesa,Botafogo,1,1,12/08/2012,Héber Lopes,3.108
2012,17,Cruzeiro,Fluminense,1,1,15/08/2012,Paulo Henrique de Godoy Bezerra (SC),13.551
2012,17,Grêmio,Portuguesa,1,2,15/08/2012,Antônio Denival de Morais,15.798
2012,17,Ponte Preta,Bahia,0,2,15/08/2012,Wagner dos Santos Rosa (RJ),4.259
2012,17,Atlético-GO,Atlético-MG,1,1,15/08/2012,Marcos André Gomes da Penha,7.729
2012,17,Palmeiras,Flamengo,1,0,15/08/2012,Celio Amorim,7.500
2012,17,Náutico,São Paulo,3,0,15/08/2012,José de Caldas Souza,14.022
2012,17,Botafogo,Sport,2,0,15/08/2012,Antônio Rogério Batista do Prado,4.094
2012,17,Vasco da Gama,Coritiba,2,2,16/08/2012,Jailson Macedo Freitas (BA),7.432
2012,17,Figueirense,Santos,1,3,16/08/2012,Emerson de Almeida Ferreira,10.993
2012,17,Corinthians,Internacional,1,0,16/08/2012,André Luiz de Freitas Castro,27.282
2012,18,Náutico,Bahia,1,0,18/08/2012,Ricardo Marques Ribeiro (MG),14.358
2012,18,Fluminense,Sport,1,0,18/08/2012,Leandro Pedro Vuaden,7.096
2012,18,São Paulo,Ponte Preta,3,0,18/08/2012,Rodrigo Guarizo Ferreira do Amaral,9.900
2012,18,Coritiba,Cruzeiro,4,0,19/08/2012,Franscisco Carlos do Nascimento,11.739
2012,18,Grêmio,Figueirense,4,0,19/08/2012,Wilson Luiz Seneme,18.205
2012,18,Atlético-MG,Botafogo,3,2,19/08/2012,Anderson Daronco,19.903
2012,18,Santos,Corinthians,3,2,19/08/2012,Flávio Rodrigues Guerra,12.413
2012,18,Flamengo,Vasco da Gama,1,0,19/08/2012,Marcelo de Lima Henrique  (RJ),19.469
2012,18,Portuguesa,Internacional,1,1,19/08/2012,Nielson Nogueira Dias,4.365
2012,18,Atlético-GO,Palmeiras,2,1,19/08/2012,Sandro Ricci,9.955
2012,19,Palmeiras,Santos,1,2,25/08/2012,Guilherme Ceretta de Lima (SP),21.171
2012,19,Vasco da Gama,Fluminense,1,2,25/08/2012,Marcelo de Lima Henrique  (RJ),13.533
2012,19,Ponte Preta,Portuguesa,2,1,25/08/2012,Luiz Flávio de Oliveira (SP),3.376
2012,19,Figueirense,Coritiba,3,1,26/08/2012,Marcos André Gomes da Penha,5.145
2012,19,Internacional,Grêmio,0,1,26/08/2012,Leandro Pedro Vuaden,8.844
2012,19,Corinthians,São Paulo,1,2,26/08/2012,Wilson Luiz Seneme,34.843
2012,19,Botafogo,Flamengo,0,0,26/08/2012,Péricles Bassols Pegado Cortez (RJ),19.471
2012,19,Sport,Náutico,0,0,26/08/2012,Sandro Ricci,17.066
2012,19,Bahia,Atlético-GO,1,1,26/08/2012,Marcelo Aparecido Ribeiro de Souza,10.901
2012,19,Cruzeiro,Atlético-MG,2,2,26/08/2012,Nielson Nogueira Dias,17.901
2012,20,Santos,Bahia,1,3,29/08/2012,Marcelo de Lima Henrique  (RJ),8.612
2012,20,Coritiba,Internacional,1,0,29/08/2012,Péricles Bassols Pegado Cortez (RJ),12.200
2012,20,Portuguesa,Palmeiras,3,0,29/08/2012,Wilson Luiz Seneme,7.531
2012,20,Náutico,Figueirense,3,2,29/08/2012,Wagner Reway,12.262
2012,20,Atlético-MG,Ponte Preta,2,2,29/08/2012,Wilton Sampaio,18.644
2012,20,Fluminense,Corinthians,1,1,29/08/2012,Sandro Ricci,9.062
2012,20,Atlético-GO,Cruzeiro,0,2,29/08/2012,Márcio Chagas da Silva,2.675
2012,20,Grêmio,Vasco da Gama,2,0,29/08/2012,Luiz Flávio de Oliveira (SP),21.758
2012,20,São Paulo,Botafogo,4,0,30/08/2012,Jean Pierre Goncalves Lima,15.576
2012,20,Flamengo,Sport,1,1,30/08/2012,Ricardo Marques Ribeiro (MG),8.142
2012,21,Figueirense,Fluminense,2,2,01/09/2012,Ricardo Marques Ribeiro (MG),8.943
2012,21,Palmeiras,Grêmio,0,0,01/09/2012,Sandro Ricci,11.586
2012,21,Vasco da Gama,Portuguesa,2,0,01/09/2012,Héber Lopes,4.636
2012,21,Sport,Santos,2,1,02/09/2012,Franscisco Carlos do Nascimento,20.171
2012,21,Bahia,São Paulo,1,0,02/09/2012,Márcio Chagas da Silva,25.945
2012,21,Corinthians,Atlético-MG,1,0,02/09/2012,Péricles Bassols Pegado Cortez (RJ),33.375
2012,21,Internacional,Flamengo,4,1,02/09/2012,Wilson Luiz Seneme,12.015
2012,21,Botafogo,Coritiba,2,0,02/09/2012,Leandro Pedro Vuaden,4.241
2012,21,Cruzeiro,Náutico,3,0,02/09/2012,Elmo Alves Resende Cunha (GO),11.673
2012,21,Ponte Preta,Atlético-GO,3,1,02/09/2012,Nielson Nogueira Dias,4.762
2012,22,Portuguesa,Coritiba,3,0,05/09/2012,Fabrício Neves Corrêa,1.600
2012,22,Bahia,Atlético-MG,0,0,05/09/2012,Pablo dos Santos Alves,19.629
2012,22,Flamengo,Ponte Preta,0,1,05/09/2012,Elmo Alves Resende Cunha (GO),4.087
2012,22,Náutico,Vasco da Gama,1,1,05/09/2012,Leandro Pedro Vuaden,13.041
2012,22,Grêmio,Atlético-GO,2,1,05/09/2012,Ronan Marques da Rosa,21.832
2012,22,São Paulo,Internacional,1,1,05/09/2012,Ricardo Marques Ribeiro (MG),14.171
2012,22,Figueirense,Corinthians,1,0,05/09/2012,Márcio Chagas da Silva,11.142
2012,22,Cruzeiro,Botafogo,1,3,05/09/2012,Luiz Flávio de Oliveira (SP),13.957
2012,22,Palmeiras,Sport,3,1,06/09/2012,Marcelo de Lima Henrique  (RJ),29.409
2012,22,Fluminense,Santos,3,1,06/09/2012,André Luiz de Freitas Castro,15.874
2012,23,Coritiba,Flamengo,3,0,08/09/2012,Sandro Ricci,12.033
2012,23,Ponte Preta,Figueirense,2,2,08/09/2012,Péricles Bassols Pegado Cortez (RJ),4.541
2012,23,Corinthians,Grêmio,3,1,08/09/2012,Marcelo de Lima Henrique  (RJ),24.850
2012,23,Botafogo,Náutico,3,1,09/09/2012,Jailson Macedo Freitas (BA),18.348
2012,23,Internacional,Fluminense,0,1,09/09/2012,Wilton Sampaio,6.060
2012,23,Santos,São Paulo,0,0,09/09/2012,Marcelo Aparecido Ribeiro de Souza,6.379
2012,23,Sport,Cruzeiro,2,1,09/09/2012,André Luiz de Freitas Castro,12.165
2012,23,Atlético-GO,Portuguesa,1,1,09/09/2012,Grazianni Maciel Rocha,891
2012,23,Atlético-MG,Palmeiras,3,0,09/09/2012,Leandro Pedro Vuaden,18.033
2012,23,Vasco da Gama,Bahia,0,4,09/09/2012,Raphael Claus,7.802
2012,24,Figueirense,Cruzeiro,2,0,12/09/2012,Marcelo de Lima Henrique  (RJ),6.917
2012,24,Corinthians,Ponte Preta,1,1,12/09/2012,Rodrigo Braghetto,19.844
2012,24,Portuguesa,Fluminense,0,2,12/09/2012,Jailson Macedo Freitas (BA),3.613
2012,24,Sport,Bahia,1,1,12/09/2012,Luiz Flávio de Oliveira (SP),17.107
2012,24,Atlético-GO,Coritiba,1,2,12/09/2012,Ricardo Marques Ribeiro (MG),697
2012,24,Vasco da Gama,Palmeiras,3,1,12/09/2012,Wilton Sampaio,3.904
2012,24,Atlético-MG,São Paulo,1,0,12/09/2012,Sandro Ricci,18.025
2012,24,Santos,Flamengo,2,0,12/09/2012,Márcio Chagas da Silva,8.015
2012,24,Botafogo,Internacional,1,1,13/09/2012,Elmo Alves Resende Cunha (GO),11.175
2012,24,Grêmio,Náutico,2,0,13/09/2012,Héber Lopes,17.932
2012,25,Fluminense,Atlético-GO,1,2,15/09/2012,Márcio Chagas da Silva,8.269
2012,25,São Paulo,Portuguesa,3,1,15/09/2012,Paulo César de Oliveira,18.957
2012,25,Palmeiras,Corinthians,0,2,16/09/2012,Marcelo Aparecido Ribeiro de Souza,24.692
2012,25,Bahia,Figueirense,2,1,16/09/2012,Nielson Nogueira Dias,22.041
2012,25,Cruzeiro,Vasco da Gama,1,1,16/09/2012,André Luiz de Freitas Castro,9.753
2012,25,Náutico,Atlético-MG,1,0,16/09/2012,Flávio Rodrigues Guerra,15.013
2012,25,Coritiba,Santos,1,2,16/09/2012,Ronan Marques da Rosa,20.274
2012,25,Internacional,Sport,2,2,16/09/2012,Héber Lopes,5.448
2012,25,Ponte Preta,Botafogo,0,0,16/09/2012,Dewson Fernando Freitas da Silva,5.922
2012,25,Flamengo,Grêmio,1,1,16/09/2012,Ricardo Marques Ribeiro (MG),15.625
2012,26,Figueirense,Palmeiras,1,3,22/09/2012,Wilton Sampaio,10.724
2012,26,Fluminense,Náutico,2,1,22/09/2012,Pablo dos Santos Alves,8.038
2012,26,Santos,Portuguesa,1,3,22/09/2012,Raphael Claus,15.774
2012,26,São Paulo,Cruzeiro,1,0,23/09/2012,Wagner do Nascimento Magalhães,40.457
2012,26,Atlético-GO,Flamengo,1,2,23/09/2012,Paulo César de Oliveira,23.887
2012,26,Ponte Preta,Vasco da Gama,0,0,23/09/2012,Franscisco Carlos do Nascimento,7.161
2012,26,Botafogo,Corinthians,2,2,23/09/2012,Sandro Ricci,16.990
2012,26,Atlético-MG,Grêmio,0,0,23/09/2012,Héber Lopes,19.668
2012,26,Sport,Coritiba,1,0,23/09/2012,Leandro Pedro Vuaden,15.258
2012,26,Internacional,Bahia,3,1,23/09/2012,Ronan Marques da Rosa,9.052
2012,27,Cruzeiro,Internacional,0,0,29/09/2012,Paulo César de Oliveira,7.395
2012,27,Náutico,Atlético-GO,2,0,29/09/2012,Leandro Pedro Vuaden,13.149
2012,27,Portuguesa,Atlético-MG,1,1,29/09/2012,Elmo Alves Resende Cunha (GO),5.971
2012,27,Vasco da Gama,Figueirense,3,1,29/09/2012,Ricardo Marques Ribeiro (MG),8.213
2012,27,Palmeiras,Ponte Preta,3,0,29/09/2012,Guilherme Ceretta de Lima (SP),29.739
2012,27,Corinthians,Sport,3,0,30/09/2012,Jean Pierre Goncalves Lima,25.277
2012,27,Bahia,Botafogo,2,0,30/09/2012,Héber Lopes,22.708
2012,27,Flamengo,Fluminense,0,1,30/09/2012,Marcelo de Lima Henrique  (RJ),30.844
2012,27,Coritiba,São Paulo,1,1,30/09/2012,Péricles Bassols Pegado Cortez (RJ),15.061
2012,27,Grêmio,Santos,1,1,30/09/2012,Nielson Nogueira Dias,38.212
2012,28,Portuguesa,Sport,5,1,04/10/2012,Ricardo Marques Ribeiro (MG),2.054
2012,28,Coritiba,Ponte Preta,1,0,04/10/2012,Márcio Chagas da Silva,10.141
2012,28,Flamengo,Bahia,0,0,04/10/2012,Wagner Reway,30.209
2012,28,São Paulo,Palmeiras,3,0,06/10/2012,Paulo César de Oliveira,34.941
2012,28,Santos,Internacional,1,1,06/10/2012,Péricles Bassols Pegado Cortez (RJ),9.965
2012,28,Atlético-GO,Vasco da Gama,0,1,06/10/2012,Raphael Claus,13.212
2012,28,Náutico,Corinthians,2,1,06/10/2012,Héber Lopes,19.005
2012,28,Grêmio,Cruzeiro,2,1,06/10/2012,Jailson Macedo Freitas (BA),27.843
2012,28,Atlético-MG,Figueirense,6,0,06/10/2012,Guilherme Ceretta de Lima (SP),16.952
2012,28,Fluminense,Botafogo,1,0,06/10/2012,Felipe Gomes da Silva,21.685
2012,29,Ponte Preta,Náutico,2,1,10/10/2012,Paulo Henrique de Godoy Bezerra (SC),6.956
2012,29,Bahia,Fluminense,0,2,10/10/2012,Raphael Claus,21.993
2012,29,Figueirense,Atlético-GO,3,1,10/10/2012,Emerson de Almeida Ferreira,2.600
2012,29,Botafogo,Santos,0,2,10/10/2012,Wagner Reway,4.634
2012,29,Cruzeiro,Portuguesa,2,0,10/10/2012,Dewson Fernando Freitas da Silva,2.344
2012,29,Corinthians,Flamengo,3,2,10/10/2012,Fabrício Neves Corrêa,25.395
2012,29,Vasco da Gama,São Paulo,0,2,10/10/2012,Elmo Alves Resende Cunha (GO),11.182
2012,29,Internacional,Atlético-MG,3,0,10/10/2012,André Luiz de Freitas Castro,3.372
2012,29,Palmeiras,Coritiba,0,1,11/10/2012,Jailson Macedo Freitas (BA),10.655
2012,29,Sport,Grêmio,1,3,11/10/2012,Franscisco Carlos do Nascimento,11.210
2012,30,Flamengo,Cruzeiro,1,1,13/10/2012,Anderson Daronco,20.833
2012,30,Atlético-GO,Internacional,3,1,13/10/2012,Luiz Flávio de Oliveira (SP),1.476
2012,30,Portuguesa,Corinthians,1,1,13/10/2012,Rodrigo Braghetto,7.397
2012,30,Santos,Vasco da Gama,2,0,14/10/2012,Wilton Sampaio,6.555
2012,30,Coritiba,Bahia,2,1,14/10/2012,Wagner do Nascimento Magalhães,11.148
2012,30,Náutico,Palmeiras,1,0,14/10/2012,Marcelo de Lima Henrique  (RJ),15.096
2012,30,São Paulo,Figueirense,2,0,14/10/2012,Leandro Pedro Vuaden,27.641
2012,30,Atlético-MG,Sport,2,1,14/10/2012,Flávio Rodrigues Guerra,14.265
2012,30,Grêmio,Botafogo,1,1,14/10/2012,Guilherme Ceretta de Lima (SP),27.529
2012,30,Fluminense,Ponte Preta,2,1,14/10/2012,Nielson Nogueira Dias,19.064
2012,31,Bahia,Palmeiras,0,1,17/10/2012,Leandro Pedro Vuaden,18.459
2012,31,Internacional,Figueirense,2,3,17/10/2012,Wagner do Nascimento Magalhães,4.649
2012,31,Fluminense,Grêmio,2,2,17/10/2012,Sandro Ricci,35.217
2012,31,Coritiba,Náutico,2,1,17/10/2012,Ricardo Marques Ribeiro (MG),12.174
2012,31,Cruzeiro,Corinthians,2,0,17/10/2012,Jailson Macedo Freitas (BA),7.223
2012,31,Portuguesa,Flamengo,0,0,17/10/2012,André Luiz de Freitas Castro,5.892
2012,31,Santos,Atlético-MG,2,2,17/10/2012,Héber Lopes,10.553
2012,31,São Paulo,Atlético-GO,2,0,18/10/2012,Márcio Chagas da Silva,27.098
2012,31,Botafogo,Vasco da Gama,3,2,18/10/2012,Rodrigo Nunes de Sá,7.525
2012,31,Sport,Ponte Preta,3,1,18/10/2012,Wilton Sampaio,10.280
2012,32,Palmeiras,Cruzeiro,2,0,20/10/2012,Marcelo de Lima Henrique  (RJ),9.873
2012,32,Corinthians,Bahia,1,1,20/10/2012,Wilton Sampaio,20.250
2012,32,Grêmio,Coritiba,0,0,20/10/2012,Paulo Henrique de Godoy Bezerra (SC),20.676
2012,32,Náutico,Portuguesa,0,0,21/10/2012,Elmo Alves Resende Cunha (GO),13.199
2012,32,Atlético-MG,Fluminense,3,2,21/10/2012,Jailson Macedo Freitas (BA),20.096
2012,32,Flamengo,São Paulo,1,0,21/10/2012,Leandro Pedro Vuaden,21.631
2012,32,Atlético-GO,Sport,0,1,21/10/2012,Péricles Bassols Pegado Cortez (RJ),449
2012,32,Ponte Preta,Santos,1,0,21/10/2012,Guilherme Ceretta de Lima (SP),13.468
2012,32,Vasco da Gama,Internacional,1,2,24/10/2012,Héber Lopes,10.744
2012,32,Figueirense,Botafogo,0,2,24/10/2012,André Luiz de Freitas Castro,8.117
2012,33,Ponte Preta,Cruzeiro,1,0,25/10/2012,Elmo Alves Resende Cunha (GO),6.480
2012,33,Santos,Náutico,0,0,25/10/2012,Fabrício Neves Corrêa,6.256
2012,33,Fluminense,Coritiba,2,1,25/10/2012,André Luiz de Freitas Castro,33.975
2012,33,Corinthians,Vasco da Gama,1,0,27/10/2012,Leandro Pedro Vuaden,24.376
2012,33,Internacional,Palmeiras,2,1,27/10/2012,Franscisco Carlos do Nascimento,9.390
2012,33,Sport,São Paulo,2,4,27/10/2012,Jailson Macedo Freitas (BA),29.590
2012,33,Botafogo,Atlético-GO,4,0,27/10/2012,Luiz Flávio de Oliveira (SP),11.352
2012,33,Figueirense,Portuguesa,0,0,27/10/2012,Marcos André Gomes da Penha,2.883
2012,33,Bahia,Grêmio,1,1,27/10/2012,Wilton Sampaio,32.157
2012,33,Atlético-MG,Flamengo,1,1,31/10/2012,Sandro Ricci,19.945
2012,34,Grêmio,Ponte Preta,1,0,03/11/2012,André Luiz de Freitas Castro,21.833
2012,34,Cruzeiro,Santos,0,4,03/11/2012,Grazianni Maciel Rocha,16.331
2012,34,Flamengo,Figueirense,1,0,03/11/2012,Emerson de Almeida Ferreira,6.776
2012,34,Vasco da Gama,Sport,0,3,04/11/2012,Márcio Chagas da Silva,6.569
2012,34,Atlético-GO,Corinthians,0,2,04/11/2012,Dewson Fernando Freitas da Silva,8.931
2012,34,São Paulo,Fluminense,1,1,04/11/2012,Héber Lopes,54.118
2012,34,Palmeiras,Botafogo,2,2,04/11/2012,Elmo Alves Resende Cunha (GO),13.228
2012,34,Náutico,Internacional,3,0,04/11/2012,Wilton Sampaio,15.439
2012,34,Coritiba,Atlético-MG,1,0,04/11/2012,Wagner Reway,16.195
2012,34,Portuguesa,Bahia,0,1,04/11/2012,Ricardo Marques Ribeiro (MG),4.340
2012,35,Botafogo,Portuguesa,3,0,10/11/2012,Jailson Macedo Freitas (BA),5.794
2012,35,Atlético-GO,Santos,2,1,10/11/2012,Emerson de Almeida Ferreira,7.276
2012,35,Corinthians,Coritiba,5,1,10/11/2012,Ronan Marques da Rosa,22.006
2012,35,Vasco da Gama,Atlético-MG,1,1,11/11/2012,Elmo Alves Resende Cunha (GO),7.036
2012,35,Palmeiras,Fluminense,2,3,11/11/2012,Leandro Pedro Vuaden,8.461
2012,35,Grêmio,São Paulo,2,1,11/11/2012,Wilton Sampaio,40.217
2012,35,Náutico,Flamengo,0,1,11/11/2012,Guilherme Ceretta de Lima (SP),19.252
2012,35,Figueirense,Sport,1,1,11/11/2012,Héber Lopes,2.869
2012,35,Ponte Preta,Internacional,1,0,11/11/2012,Ricardo Marques Ribeiro (MG),8.485
2012,35,Cruzeiro,Bahia,3,1,11/11/2012,Marcelo de Lima Henrique  (RJ),7.772
2012,36,Coritiba,Vasco da Gama,1,2,17/11/2012,Paulo César de Oliveira,8.818
2012,36,Santos,Figueirense,2,0,17/11/2012,Claudio Francisco Lima e Silva,10.013
2012,36,Fluminense,Cruzeiro,0,2,18/11/2012,Raphael Claus,35.167
2012,36,Flamengo,Palmeiras,1,1,18/11/2012,André Luiz de Freitas Castro,10.623
2012,36,São Paulo,Náutico,2,1,18/11/2012,Wagner Reway,62.207
2012,36,Atlético-MG,Atlético-GO,2,2,18/11/2012,Paulo Henrique de Godoy Bezerra (SC),15.342
2012,36,Bahia,Ponte Preta,1,0,18/11/2012,Héber Lopes,24.004
2012,36,Portuguesa,Grêmio,2,2,18/11/2012,Marcelo de Lima Henrique  (RJ),3.993
2012,36,Internacional,Corinthians,0,2,18/11/2012,Wagner do Nascimento Magalhães,6.950
2012,36,Sport,Botafogo,2,0,18/11/2012,Ricardo Marques Ribeiro (MG),22.951
2012,37,Corinthians,Santos,1,1,24/11/2012,Raphael Claus,34.171
2012,37,Vasco da Gama,Flamengo,1,1,24/11/2012,Wagner do Nascimento Magalhães,9.416
2012,37,Internacional,Portuguesa,0,2,25/11/2012,Wagner Reway,5.216
2012,37,Sport,Fluminense,1,1,25/11/2012,André Luiz de Freitas Castro,32.408
2012,37,Bahia,Náutico,1,1,25/11/2012,Péricles Bassols Pegado Cortez (RJ),32.157
2012,37,Figueirense,Grêmio,2,4,25/11/2012,Elmo Alves Resende Cunha (GO),7.756
2012,37,Palmeiras,Atlético-GO,1,2,25/11/2012,Márcio Chagas da Silva,4.244
2012,37,Botafogo,Atlético-MG,2,3,25/11/2012,Wilton Sampaio,4.629
2012,37,Ponte Preta,São Paulo,0,0,25/11/2012,Luiz Flávio de Oliveira (SP),9.471
2012,37,Cruzeiro,Coritiba,2,1,25/11/2012,Anderson Daronco,11.448
2012,38,Flamengo,Botafogo,2,2,01/12/2012,Felipe Gomes da Silva,9.380
2012,38,Santos,Palmeiras,3,1,01/12/2012,Guilherme Ceretta de Lima (SP),11.641
2012,38,Grêmio,Internacional,0,0,02/12/2012,Héber Lopes,43.104
2012,38,São Paulo,Corinthians,3,1,02/12/2012,Rodrigo Braghetto,22.436
2012,38,Náutico,Sport,1,0,02/12/2012,Marcelo de Lima Henrique  (RJ),20.100
2012,38,Coritiba,Figueirense,3,0,02/12/2012,Rodrigo Batista Raposo,3.770
2012,38,Fluminense,Vasco da Gama,1,2,02/12/2012,Grazianni Maciel Rocha,8.779
2012,38,Portuguesa,Ponte Preta,0,0,02/12/2012,Ricardo Marques Ribeiro (MG),5.739
2012,38,Atlético-MG,Cruzeiro,3,2,02/12/2012,Paulo César de Oliveira,21.232
2012,38,Atlético-GO,Bahia,0,1,02/12/2012,Leandro Pedro Vuaden,2.358
