ano,rodada,clube_mandante,clube_visitante,gols_mandante,gols_visitante,data,juiz,publico
2014,1,Fluminense,Figueirense,3,0,19/04/2014,Ricardo Marques Ribeiro (MG),35.020
2014,1,Internacional,Vitória,1,0,19/04/2014,Raphael Claus,24.692
2014,1,Chapecoense,Coritiba,0,0,19/04/2014,Rodrigo Nunes de Sá,7.178
2014,1,Bahia,Cruzeiro,1,2,20/04/2014,Luiz Flávio de Oliveira (SP),9.348
2014,1,São Paulo,Botafogo,3,0,20/04/2014,Wilton Sampaio,31.564
2014,1,Atlético-PR,Grêmio,1,0,20/04/2014,Marcelo de Lima Henrique  (RJ),2.495
2014,1,Atlético-MG,Corinthians,0,0,20/04/2014,Héber Lopes,8.724
2014,1,Flamengo,Goiás,0,0,20/04/2014,Anderson Daronco,19.012
2014,1,Santos,Sport,1,1,20/04/2014,Arilson Bispo da Anunciação,7.964
2014,1,Criciúma,Palmeiras,1,2,20/04/2014,André Luiz de Freitas Castro,11.768
2014,2,Coritiba,Santos,0,0,26/04/2014,Emerson de Almeida Ferreira,12.354
2014,2,Palmeiras,Fluminense,0,1,26/04/2014,Dewson Fernando Freitas da Silva,11.189
2014,2,Corinthians,Flamengo,2,0,27/04/2014,Leandro Pedro Vuaden,36.402
2014,2,Cruzeiro,São Paulo,1,1,27/04/2014,Wagner do Nascimento Magalhães,17.530
2014,2,Vitória,Atlético-PR,2,2,27/04/2014,Franscisco Carlos do Nascimento,4.953
2014,2,Botafogo,Internacional,2,2,27/04/2014,Jailson Macedo Freitas (BA),9.995
2014,2,Sport,Chapecoense,2,1,27/04/2014,Francisco de Assis Almeida Filho (CE),12.686
2014,2,Grêmio,Atlético-MG,2,1,27/04/2014,Wagner Reway,9.245
2014,2,Figueirense,Bahia,0,2,27/04/2014,Sandro Ricci,777
2014,2,Goiás,Criciúma,1,0,27/04/2014,Renán Roberto de Souza,2.090
2014,3,São Paulo,Coritiba,2,2,03/05/2014,Claudio Francisco Lima e Silva,31.888
2014,3,Santos,Grêmio,0,0,03/05/2014,Ricardo Marques Ribeiro (MG),7.934
2014,3,Atlético-PR,Cruzeiro,2,3,03/05/2014,Elmo Alves Resende Cunha (GO),11.877
2014,3,Fluminense,Vitória,1,2,03/05/2014,Marcos André Gomes da Penha,50.687
2014,3,Criciúma,Figueirense,1,0,04/05/2014,Braulio da Silva Machado,10.216
2014,3,Flamengo,Palmeiras,4,2,04/05/2014,Paulo Henrique de Godoy Bezerra (SC),21.082
2014,3,Bahia,Botafogo,1,0,04/05/2014,Raphael Claus,16.040
2014,3,Internacional,Sport,2,1,04/05/2014,Pablo dos Santos Alves,17.974
2014,3,Atlético-MG,Goiás,0,1,04/05/2014,Marcelo de Lima Henrique  (RJ),6.029
2014,3,Chapecoense,Corinthians,0,1,04/05/2014,Wagner Reway,15.009
2014,4,Palmeiras,Goiás,2,0,10/05/2014,Felipe Gomes da Silva,6.454
2014,4,Internacional,Atlético-PR,2,1,10/05/2014,Sandro Ricci,28.426
2014,4,Botafogo,Criciúma,6,0,10/05/2014,Claudio Francisco Lima e Silva,4.992
2014,4,Fluminense,Flamengo,2,0,11/05/2014,Wagner do Nascimento Magalhães,30.766
2014,4,Atlético-MG,Cruzeiro,2,1,11/05/2014,Héber Lopes,9.048
2014,4,São Paulo,Corinthians,1,1,11/05/2014,Raphael Claus,14.000
2014,4,Chapecoense,Grêmio,1,2,11/05/2014,Dewson Fernando Freitas da Silva,19.165
2014,4,Bahia,Vitória,1,1,11/05/2014,Wilton Sampaio,21.352
2014,4,Coritiba,Sport,0,1,11/05/2014,Jean Pierre Goncalves Lima,10.832
2014,4,Figueirense,Santos,0,2,11/05/2014,Franscisco Carlos do Nascimento,7.806
2014,5,Goiás,Botafogo,2,0,14/05/2014,Ricardo Marques Ribeiro (MG),9.737
2014,5,Cruzeiro,Coritiba,3,2,17/05/2014,André Luiz de Freitas Castro,11.603
2014,5,Corinthians,Figueirense,0,1,18/05/2014,Jailson Macedo Freitas (BA),36.694
2014,5,Flamengo,São Paulo,0,2,18/05/2014,Ricardo Marques Ribeiro (MG),25.118
2014,5,Grêmio,Fluminense,1,0,18/05/2014,Sandro Ricci,19.328
2014,5,Atlético-PR,Chapecoense,1,1,18/05/2014,Grazianni Maciel Rocha,766
2014,5,Criciúma,Internacional,0,0,18/05/2014,Raphael Claus,13.047
2014,5,Vitória,Palmeiras,0,1,18/05/2014,Leandro Pedro Vuaden,8.484
2014,5,Santos,Atlético-MG,1,2,18/05/2014,Péricles Bassols Pegado Cortez (RJ),15.600
2014,5,Sport,Bahia,1,0,04/06/2014,Marcelo Aparecido Ribeiro de Souza,14.177
2014,6,Flamengo,Bahia,1,1,21/05/2014,Gilberto Rodrigues Castro Junior,10.924
2014,6,Coritiba,Internacional,1,1,21/05/2014,Elmo Alves Resende Cunha (GO),11.599
2014,6,Criciúma,Chapecoense,1,0,21/05/2014,Héber Lopes,7.336
2014,6,Cruzeiro,Sport,2,0,21/05/2014,Felipe Gomes da Silva,13.679
2014,6,Grêmio,Botafogo,2,1,21/05/2014,Flavio Rodrigues de Souza,7.010
2014,6,Fluminense,São Paulo,5,2,21/05/2014,Paulo Henrique de Godoy Bezerra (SC),17.035
2014,6,Corinthians,Atlético-PR,1,1,21/05/2014,Marcelo de Lima Henrique  (RJ),13.137
2014,6,Palmeiras,Figueirense,1,0,22/05/2014,Paulo Henrique Schleinch Vollkopf,10.870
2014,6,Goiás,Santos,2,2,22/05/2014,Igor Junior Benevenuto,6.190
2014,6,Vitória,Atlético-MG,2,3,22/05/2014,Vinicius Furlan,4.694
2014,7,Bahia,Fluminense,0,1,24/05/2014,Ricardo Marques Ribeiro (MG),1.345
2014,7,São Paulo,Grêmio,1,0,24/05/2014,Wilton Sampaio,14.971
2014,7,Santos,Flamengo,0,0,25/05/2014,Jailson Macedo Freitas (BA),7.182
2014,7,Atlético-PR,Coritiba,2,0,25/05/2014,Edivaldo Elias da Silva,1.063
2014,7,Sport,Corinthians,1,4,25/05/2014,Péricles Bassols Pegado Cortez (RJ),20.718
2014,7,Figueirense,Goiás,0,1,25/05/2014,Nielson Nogueira Dias,4.729
2014,7,Chapecoense,Palmeiras,2,0,25/05/2014,Emerson de Almeida Ferreira,6.275
2014,7,Botafogo,Vitória,1,1,25/05/2014,Dewson Fernando Freitas da Silva,2.759
2014,7,Internacional,Cruzeiro,1,3,25/05/2014,Paulo Henrique de Godoy Bezerra (SC),7.541
2014,7,Atlético-MG,Criciúma,0,0,25/05/2014,Wagner do Nascimento Magalhães,15.668
2014,8,Palmeiras,Botafogo,0,2,27/05/2014,Héber Lopes,5.681
2014,8,Sport,Grêmio,0,0,27/05/2014,Marcelo de Lima Henrique  (RJ),6.893
2014,8,Criciúma,Coritiba,1,0,27/05/2014,Marcelo Aparecido Ribeiro de Souza,8.415
2014,8,Goiás,Vitória,0,0,27/05/2014,Jean Pierre Goncalves Lima,4.267
2014,8,Internacional,Chapecoense,2,0,27/05/2014,Felipe Gomes da Silva,2.824
2014,8,Atlético-PR,São Paulo,2,2,27/05/2014,Anderson Daronco,2.817
2014,8,Atlético-MG,Fluminense,2,0,27/05/2014,Raphael Claus,15.447
2014,8,Corinthians,Cruzeiro,1,0,27/05/2014,Dewson Fernando Freitas da Silva,17.784
2014,8,Flamengo,Figueirense,1,1,28/05/2014,Thiago Duarte Peixoto,4.577
2014,8,Bahia,Santos,0,2,28/05/2014,Wagner Reway,16.089
2014,9,São Paulo,Atlético-MG,2,1,31/05/2014,Péricles Bassols Pegado Cortez (RJ),27.530
2014,9,Coritiba,Goiás,3,0,31/05/2014,Pablo dos Santos Alves,3.127
2014,9,Vitória,Sport,0,1,31/05/2014,Paulo Henrique de Godoy Bezerra (SC),3.152
2014,9,Chapecoense,Bahia,2,1,01/06/2014,Igor Junior Benevenuto,7.817
2014,9,Grêmio,Palmeiras,0,0,01/06/2014,Jailson Macedo Freitas (BA),15.136
2014,9,Cruzeiro,Flamengo,3,0,01/06/2014,Luiz Flávio de Oliveira (SP),10.283
2014,9,Santos,Criciúma,2,0,01/06/2014,Paulo Henrique Schleinch Vollkopf,5.136
2014,9,Fluminense,Internacional,1,1,01/06/2014,Wilton Sampaio,6.403
2014,9,Figueirense,Atlético-PR,1,3,01/06/2014,Raphael Claus,4.608
2014,9,Botafogo,Corinthians,1,0,11/10/2014,André Luiz de Freitas Castro,21.969
2014,10,Grêmio,Goiás,0,0,16/07/2014,Luiz Flávio de Oliveira (SP),24.449
2014,10,Coritiba,Figueirense,0,2,16/07/2014,Charles Hebert Cavalcante Ferreira,10.383
2014,10,Sport,Botafogo,1,0,16/07/2014,Franscisco Carlos do Nascimento,18.532
2014,10,Bahia,São Paulo,0,2,16/07/2014,Dewson Fernando Freitas da Silva,17.482
2014,10,Flamengo,Atlético-PR,1,2,16/07/2014,Paulo Henrique de Godoy Bezerra (SC),6.692
2014,10,Criciúma,Fluminense,3,2,16/07/2014,Rodrigo Batista Raposo,8.829
2014,10,Santos,Palmeiras,2,0,17/07/2014,Raphael Claus,11.774
2014,10,Corinthians,Internacional,2,1,17/07/2014,Wagner Reway,32.644
2014,10,Cruzeiro,Vitória,3,1,17/07/2014,Péricles Bassols Pegado Cortez (RJ),24.156
2014,10,Chapecoense,Atlético-MG,1,1,06/08/2014,Wilton Sampaio,9.426
2014,11,Atlético-MG,Bahia,1,1,19/07/2014,Vinicius Furlan,7.558
2014,11,São Paulo,Chapecoense,0,1,19/07/2014,Felipe Gomes da Silva,42.979
2014,11,Figueirense,Grêmio,0,1,19/07/2014,Marcelo de Lima Henrique  (RJ),6.461
2014,11,Botafogo,Coritiba,1,0,19/07/2014,Nielson Nogueira Dias,1.594
2014,11,Vitória,Corinthians,0,0,20/07/2014,Héber Lopes,15.259
2014,11,Palmeiras,Cruzeiro,1,2,20/07/2014,Wilton Sampaio,14.970
2014,11,Internacional,Flamengo,4,0,20/07/2014,Sandro Ricci,27.633
2014,11,Goiás,Sport,0,0,20/07/2014,Péricles Bassols Pegado Cortez (RJ),2.430
2014,11,Atlético-PR,Criciúma,2,0,20/07/2014,Claudio Francisco Lima e Silva,Claudio
2014,11,Fluminense,Santos,1,0,20/07/2014,Leandro Pedro Vuaden,4.789
2014,12,Santos,Chapecoense,3,0,26/07/2014,Péricles Bassols Pegado Cortez (RJ),6.962
2014,12,Criciúma,Vitória,1,3,26/07/2014,Marcelo de Lima Henrique  (RJ),7.355
2014,12,Cruzeiro,Figueirense,5,0,26/07/2014,Gilberto Rodrigues Castro Junior,21.190
2014,12,Bahia,Internacional,0,1,26/07/2014,Héber Lopes,5.221
2014,12,Atlético-PR,Fluminense,0,3,27/07/2014,Luiz Flávio de Oliveira (SP),Luiz
2014,12,Sport,Atlético-MG,2,1,27/07/2014,Thiago Duarte Peixoto,16.579
2014,12,Corinthians,Palmeiras,2,0,27/07/2014,Sandro Ricci,31.031
2014,12,Goiás,São Paulo,2,1,27/07/2014,Leandro Pedro Vuaden,12.845
2014,12,Flamengo,Botafogo,1,0,27/07/2014,Wilton Sampaio,52.378
2014,12,Grêmio,Coritiba,2,3,27/07/2014,Ricardo Marques Ribeiro (MG),19.944
2014,13,Botafogo,Cruzeiro,1,1,02/08/2014,Luiz Flávio de Oliveira (SP),13.535
2014,13,São Paulo,Criciúma,1,1,02/08/2014,Ricardo Marques Ribeiro (MG),46.512
2014,13,Vitória,Grêmio,2,1,02/08/2014,Sandro Ricci,10.637
2014,13,Palmeiras,Bahia,1,1,03/08/2014,Marcelo de Lima Henrique  (RJ),15.206
2014,13,Coritiba,Corinthians,0,0,03/08/2014,Leandro Pedro Vuaden,21.296
2014,13,Figueirense,Sport,3,0,03/08/2014,Jailson Macedo Freitas (BA),5.520
2014,13,Chapecoense,Flamengo,1,0,03/08/2014,Raphael Claus,12.473
2014,13,Internacional,Santos,1,0,03/08/2014,Wilton Sampaio,20.258
2014,13,Fluminense,Goiás,2,0,03/08/2014,Héber Lopes,40.075
2014,13,Atlético-MG,Atlético-PR,3,1,03/08/2014,Dewson Fernando Freitas da Silva,8.663
2014,14,Bahia,Goiás,1,0,09/08/2014,Paulo Henrique de Godoy Bezerra (SC),8.085
2014,14,Criciúma,Cruzeiro,0,0,09/08/2014,Jailson Macedo Freitas (BA),9.646
2014,14,Fluminense,Coritiba,1,1,09/08/2014,Flávio Rodrigues Guerra,28.511
2014,14,Santos,Corinthians,0,1,10/08/2014,Raphael Claus,12.329
2014,14,Flamengo,Sport,1,0,10/08/2014,Emerson de Almeida Ferreira,42.071
2014,14,Internacional,Grêmio,2,0,10/08/2014,Anderson Daronco,32.643
2014,14,Atlético-PR,Botafogo,2,0,10/08/2014,Jean Pierre Goncalves Lima,Jean
2014,14,Chapecoense,Figueirense,0,1,10/08/2014,Igor Junior Benevenuto,7.431
2014,14,Atlético-MG,Palmeiras,2,1,10/08/2014,Wagner do Nascimento Magalhães,14.089
2014,14,São Paulo,Vitória,3,1,10/08/2014,André Luiz de Freitas Castro,29.115
2014,15,Goiás,Internacional,0,1,16/08/2014,Emerson de Almeida Ferreira,4.256
2014,15,Corinthians,Bahia,1,1,16/08/2014,Anderson Daronco,30.819
2014,15,Grêmio,Criciúma,2,0,17/08/2014,Wilton Sampaio,27.112
2014,15,Coritiba,Flamengo,0,1,17/08/2014,Ricardo Marques Ribeiro (MG),13.521
2014,15,Cruzeiro,Santos,3,0,17/08/2014,Leandro Pedro Vuaden,39.215
2014,15,Vitória,Chapecoense,0,0,17/08/2014,Jean Pierre Goncalves Lima,10.897
2014,15,Palmeiras,São Paulo,1,2,17/08/2014,Péricles Bassols Pegado Cortez (RJ),20.267
2014,15,Botafogo,Fluminense,2,0,17/08/2014,Marcelo Aparecido Ribeiro de Souza,29.185
2014,15,Sport,Atlético-PR,1,1,17/08/2014,Vinicius Furlan,13.223
2014,15,Figueirense,Atlético-MG,2,2,17/08/2014,Felipe Gomes da Silva,7.196
2014,16,Santos,Atlético-PR,2,0,20/08/2014,Igor Junior Benevenuto,4.612
2014,16,Sport,Palmeiras,2,1,20/08/2014,Héber Lopes,21.802
2014,16,Figueirense,Botafogo,1,0,20/08/2014,Fabrício Neves Corrêa,6.823
2014,16,Bahia,Criciúma,0,0,20/08/2014,Pablo dos Santos Alves,9.926
2014,16,Coritiba,Vitória,2,0,20/08/2014,Dewson Fernando Freitas da Silva,6.192
2014,16,Flamengo,Atlético-MG,2,1,20/08/2014,Sandro Ricci,40.892
2014,16,Internacional,São Paulo,0,1,20/08/2014,Grazianni Maciel Rocha,29.267
2014,16,Chapecoense,Fluminense,1,0,20/08/2014,Franscisco Carlos do Nascimento,8.817
2014,16,Corinthians,Goiás,5,2,21/08/2014,Marcelo de Lima Henrique  (RJ),26.486
2014,16,Cruzeiro,Grêmio,1,0,21/08/2014,Flávio Rodrigues Guerra,32.294
2014,17,Botafogo,Chapecoense,1,0,23/08/2014,Anderson Daronco,18.450
2014,17,Atlético-MG,Internacional,1,0,23/08/2014,Luiz Flávio de Oliveira (SP),19.732
2014,17,Palmeiras,Coritiba,1,0,23/08/2014,Marcos André Gomes da Penha,18.461
2014,17,Vitória,Figueirense,0,1,24/08/2014,Marcelo de Lima Henrique  (RJ),7.112
2014,17,Grêmio,Corinthians,2,1,24/08/2014,Héber Lopes,30.117
2014,17,Fluminense,Sport,4,0,24/08/2014,André Luiz de Freitas Castro,13.919
2014,17,Criciúma,Flamengo,0,2,24/08/2014,Leandro Pedro Vuaden,14.516
2014,17,São Paulo,Santos,2,1,24/08/2014,Vinicius Furlan,31.159
2014,17,Atlético-PR,Bahia,0,0,24/08/2014,Sandro Ricci,Sandro
2014,17,Goiás,Cruzeiro,0,1,24/08/2014,Franscisco Carlos do Nascimento,5.163
2014,18,Cruzeiro,Chapecoense,4,2,30/08/2014,Dewson Fernando Freitas da Silva,26.682
2014,18,Palmeiras,Internacional,0,1,30/08/2014,Ricardo Marques Ribeiro (MG),31.178
2014,18,Coritiba,Atlético-MG,0,0,31/08/2014,Marcelo de Lima Henrique  (RJ),6.950
2014,18,Sport,Criciúma,2,0,31/08/2014,Luiz Flávio de Oliveira (SP),12.869
2014,18,Figueirense,São Paulo,1,1,31/08/2014,Wilton Sampaio,15.803
2014,18,Corinthians,Fluminense,1,1,31/08/2014,Paulo Henrique de Godoy Bezerra (SC),34.889
2014,18,Botafogo,Santos,1,0,31/08/2014,Rodrigo D'Alonso Ferreira,14.285
2014,18,Grêmio,Bahia,1,0,31/08/2014,Péricles Bassols Pegado Cortez (RJ),12.607
2014,18,Goiás,Atlético-PR,3,1,31/08/2014,Wagner do Nascimento Magalhães,1.544
2014,18,Vitória,Flamengo,1,2,31/08/2014,Anderson Daronco,14.477
2014,19,Santos,Vitória,3,1,06/09/2014,Felipe Gomes da Silva,14.205
2014,19,Flamengo,Grêmio,0,1,06/09/2014,André Luiz de Freitas Castro,59.680
2014,19,Chapecoense,Goiás,0,0,06/09/2014,Paulo Henrique Schleinch Vollkopf,2.005
2014,19,Fluminense,Cruzeiro,3,3,07/09/2014,Anderson Daronco,27.194
2014,19,Criciúma,Corinthians,0,0,07/09/2014,Igor Junior Benevenuto,12.269
2014,19,Atlético-MG,Botafogo,1,0,07/09/2014,Flávio Rodrigues Guerra,18.588
2014,19,São Paulo,Sport,2,0,07/09/2014,Braulio da Silva Machado,25.149
2014,19,Bahia,Coritiba,0,0,07/09/2014,Franscisco Carlos do Nascimento,Franscisco
2014,19,Internacional,Figueirense,2,3,07/09/2014,Marcelo Aparecido Ribeiro de Souza,16.965
2014,19,Atlético-PR,Palmeiras,1,1,07/09/2014,Leandro Pedro Vuaden,19.559
2014,20,Palmeiras,Criciúma,1,0,10/09/2014,Cleisson Veloso Pereira,17.173
2014,20,Grêmio,Atlético-PR,1,0,10/09/2014,Marcelo de Lima Henrique  (RJ),11.584
2014,20,Figueirense,Fluminense,1,1,10/09/2014,Luiz Flávio de Oliveira (SP),10.444
2014,20,Coritiba,Chapecoense,3,0,10/09/2014,Devarly Lira do Rosário,7.238
2014,20,Sport,Santos,3,1,10/09/2014,Grazianni Maciel Rocha,13.862
2014,20,Goiás,Flamengo,1,0,10/09/2014,Ricardo Marques Ribeiro (MG),33.278
2014,20,Vitória,Internacional,2,0,10/09/2014,Péricles Bassols Pegado Cortez (RJ),5.060
2014,20,Botafogo,São Paulo,2,4,10/09/2014,Marielson Alves Silva,24.857
2014,20,Corinthians,Atlético-MG,1,0,11/09/2014,Dewson Fernando Freitas da Silva,24.784
2014,20,Cruzeiro,Bahia,2,1,11/09/2014,Marcos Mateus Pereira,20.861
2014,21,Fluminense,Palmeiras,3,0,13/09/2014,Elmo Alves Resende Cunha (GO),15.238
2014,21,Chapecoense,Sport,3,1,13/09/2014,Rodrigo Batista Raposo,4.737
2014,21,Santos,Coritiba,2,1,13/09/2014,Marcelo de Lima Henrique  (RJ),7.075
2014,21,Bahia,Figueirense,3,0,14/09/2014,Gilberto Rodrigues Castro Junior,2.952
2014,21,Flamengo,Corinthians,1,0,14/09/2014,Sandro Ricci,36.905
2014,21,Internacional,Botafogo,2,0,14/09/2014,André Luiz de Freitas Castro,16.456
2014,21,São Paulo,Cruzeiro,2,0,14/09/2014,Leandro Pedro Vuaden,58.627
2014,21,Atlético-PR,Vitória,2,0,14/09/2014,Pablo dos Santos Alves,15.739
2014,21,Criciúma,Goiás,1,0,14/09/2014,Alinor Silva da Paixão,7.915
2014,21,Atlético-MG,Grêmio,0,0,14/09/2014,Jailson Macedo Freitas (BA),11.873
2014,22,Cruzeiro,Atlético-PR,2,0,17/09/2014,Marcelo Aparecido Ribeiro de Souza,17.850
2014,22,Vitória,Fluminense,3,1,17/09/2014,Thiago Duarte Peixoto,6.438
2014,22,Sport,Internacional,0,0,17/09/2014,Felipe Gomes da Silva,14.581
2014,22,Figueirense,Criciúma,1,1,17/09/2014,Paulo Henrique de Godoy Bezerra (SC),7.440
2014,22,Botafogo,Bahia,2,3,17/09/2014,Igor Junior Benevenuto,5.216
2014,22,Coritiba,São Paulo,3,1,17/09/2014,Dewson Fernando Freitas da Silva,16.201
2014,22,Palmeiras,Flamengo,2,2,17/09/2014,Anderson Daronco,19.350
2014,22,Corinthians,Chapecoense,1,1,18/09/2014,Felipe Duarte Varejão,25.724
2014,22,Goiás,Atlético-MG,2,3,18/09/2014,Luiz Flávio de Oliveira (SP),3.441
2014,22,Grêmio,Santos,0,0,18/09/2014,Ricardo Marques Ribeiro (MG),18.834
2014,23,Atlético-PR,Internacional,0,1,20/09/2014,Flavio Rodrigues de Souza,17.305
2014,23,Criciúma,Botafogo,1,1,20/09/2014,Wilton Sampaio,8.548
2014,23,Vitória,Bahia,2,1,21/09/2014,Ricardo Marques Ribeiro (MG),25.192
2014,23,Flamengo,Fluminense,1,1,21/09/2014,Dewson Fernando Freitas da Silva,41.666
2014,23,Sport,Coritiba,1,0,21/09/2014,Leandro Pedro Vuaden,13.180
2014,23,Cruzeiro,Atlético-MG,2,3,21/09/2014,Marcelo de Lima Henrique  (RJ),49.534
2014,23,Corinthians,São Paulo,3,2,21/09/2014,Luiz Flávio de Oliveira (SP),34.688
2014,23,Santos,Figueirense,3,1,21/09/2014,Elmo Alves Resende Cunha (GO),5.571
2014,23,Grêmio,Chapecoense,1,0,21/09/2014,André Luiz de Freitas Castro,16.759
2014,23,Goiás,Palmeiras,6,0,21/09/2014,Igor Junior Benevenuto,7.845
2014,24,Internacional,Criciúma,3,0,24/09/2014,Marcelo de Lima Henrique  (RJ),15.701
2014,24,Coritiba,Cruzeiro,1,2,24/09/2014,Vinicius Furlan,9.521
2014,24,Bahia,Sport,1,0,24/09/2014,Flávio Rodrigues Guerra,13.360
2014,24,Chapecoense,Atlético-PR,3,0,24/09/2014,Charles Hebert Cavalcante Ferreira,6.610
2014,24,Fluminense,Grêmio,0,0,24/09/2014,Héber Lopes,6.840
2014,24,Figueirense,Corinthians,1,0,24/09/2014,Ricardo Marques Ribeiro (MG),10.245
2014,24,São Paulo,Flamengo,2,2,24/09/2014,André Luiz de Freitas Castro,16.571
2014,24,Palmeiras,Vitória,2,0,25/09/2014,Wilton Sampaio,14.907
2014,24,Botafogo,Goiás,1,0,25/09/2014,Leandro Pedro Vuaden,7.056
2014,24,Atlético-MG,Santos,3,2,25/09/2014,Rodrigo D'Alonso Ferreira,16.772
2014,25,Sport,Cruzeiro,0,0,27/09/2014,Marielson Alves Silva,22.248
2014,25,Chapecoense,Criciúma,1,1,27/09/2014,Braulio da Silva Machado,5.364
2014,25,São Paulo,Fluminense,1,3,27/09/2014,Ricardo Marques Ribeiro (MG),16.076
2014,25,Bahia,Flamengo,2,1,28/09/2014,Leandro Pedro Vuaden,36.826
2014,25,Botafogo,Grêmio,0,2,28/09/2014,Elmo Alves Resende Cunha (GO),12.498
2014,25,Atlético-PR,Corinthians,1,0,28/09/2014,Marcelo de Lima Henrique  (RJ),19.667
2014,25,Atlético-MG,Vitória,2,0,28/09/2014,Marcelo Aparecido Ribeiro de Souza,20.877
2014,25,Santos,Goiás,2,0,28/09/2014,Héber Lopes,9.694
2014,25,Internacional,Coritiba,4,2,28/09/2014,Luiz Flávio de Oliveira (SP),24.522
2014,25,Figueirense,Palmeiras,3,1,28/09/2014,Dewson Fernando Freitas da Silva,6.787
2014,26,Palmeiras,Chapecoense,4,2,02/10/2014,Leandro Pedro Vuaden,14.299
2014,26,Vitória,Botafogo,2,1,04/10/2014,Sandro Ricci,9.505
2014,26,Flamengo,Santos,0,1,04/10/2014,Marielson Alves Silva,37.204
2014,26,Grêmio,São Paulo,0,1,04/10/2014,Felipe Gomes da Silva,43.653
2014,26,Coritiba,Atlético-PR,1,0,04/10/2014,Ricardo Marques Ribeiro (MG),9.508
2014,26,Fluminense,Bahia,1,1,04/10/2014,Anderson Daronco,9.476
2014,26,Criciúma,Atlético-MG,3,1,04/10/2014,Franscisco Carlos do Nascimento,8.309
2014,26,Cruzeiro,Internacional,2,1,04/10/2014,Marcelo de Lima Henrique  (RJ),51.994
2014,26,Corinthians,Sport,3,0,04/10/2014,Braulio da Silva Machado,29.238
2014,26,Goiás,Figueirense,1,0,04/10/2014,Marcelo Aparecido Ribeiro de Souza,2.306
2014,27,Botafogo,Palmeiras,0,1,08/10/2014,Fabrício Neves Corrêa,10.200
2014,27,Coritiba,Criciúma,1,0,08/10/2014,Sandro Ricci,10.930
2014,27,São Paulo,Atlético-PR,1,0,08/10/2014,Jailson Macedo Freitas (BA),9.795
2014,27,Vitória,Goiás,2,2,08/10/2014,Péricles Bassols Pegado Cortez (RJ),8.422
2014,27,Grêmio,Sport,2,0,08/10/2014,Marcelo de Lima Henrique  (RJ),11.659
2014,27,Figueirense,Flamengo,1,2,08/10/2014,Flávio Rodrigues Guerra,15.727
2014,27,Cruzeiro,Corinthians,0,1,08/10/2014,Leandro Pedro Vuaden,32.958
2014,27,Fluminense,Atlético-MG,0,0,09/10/2014,Héber Lopes,11.933
2014,27,Santos,Bahia,1,0,09/10/2014,Jean Pierre Goncalves Lima,6.184
2014,27,Chapecoense,Internacional,5,0,09/10/2014,Ricardo Marques Ribeiro (MG),17.230
2014,28,Corinthians,Botafogo,1,1,01/06/2014,Leandro Pedro Vuaden,37.119
2014,28,Goiás,Coritiba,3,0,11/10/2014,Flávio Rodrigues Guerra,1.392
2014,28,Palmeiras,Grêmio,2,1,11/10/2014,Sandro Ricci,26.940
2014,28,Internacional,Fluminense,2,1,12/10/2014,Raphael Claus,24.655
2014,28,Flamengo,Cruzeiro,3,0,12/10/2014,Franscisco Carlos do Nascimento,42.171
2014,28,Atlético-MG,São Paulo,1,0,12/10/2014,Marielson Alves Silva,15.288
2014,28,Bahia,Chapecoense,0,1,12/10/2014,Flavio Rodrigues de Souza,22.162
2014,28,Atlético-PR,Figueirense,3,0,12/10/2014,Marcelo de Lima Henrique  (RJ),14.185
2014,28,Criciúma,Santos,3,0,12/10/2014,Péricles Bassols Pegado Cortez (RJ),9.076
2014,28,Sport,Vitória,1,2,12/10/2014,Leandro Pedro Vuaden,10.895
2014,29,Fluminense,Criciúma,4,2,18/10/2014,Marcelo Aparecido Ribeiro de Souza,13.472
2014,29,São Paulo,Bahia,2,1,18/10/2014,Marcelo de Lima Henrique  (RJ),21.961
2014,29,Goiás,Grêmio,0,0,18/10/2014,Marielson Alves Silva,3.044
2014,29,Atlético-MG,Chapecoense,1,0,18/10/2014,Franscisco Carlos do Nascimento,20.558
2014,29,Palmeiras,Santos,1,3,19/10/2014,Flavio Rodrigues de Souza,30.695
2014,29,Internacional,Corinthians,1,2,19/10/2014,Dewson Fernando Freitas da Silva,33.641
2014,29,Atlético-PR,Flamengo,2,1,19/10/2014,Jean Pierre Goncalves Lima,18.908
2014,29,Figueirense,Coritiba,4,0,19/10/2014,Péricles Bassols Pegado Cortez (RJ),4.126
2014,29,Vitória,Cruzeiro,0,1,19/10/2014,Raphael Claus,18.366
2014,29,Botafogo,Sport,1,1,19/10/2014,Ricardo Marques Ribeiro (MG),3.059
2014,30,Bahia,Atlético-MG,1,1,21/10/2014,Elmo Alves Resende Cunha (GO),5.961
2014,30,Flamengo,Internacional,2,0,22/10/2014,Thiago Duarte Peixoto,21.855
2014,30,Criciúma,Atlético-PR,0,1,22/10/2014,Ricardo Marques Ribeiro (MG),7.641
2014,30,Cruzeiro,Palmeiras,1,1,22/10/2014,Péricles Bassols Pegado Cortez (RJ),26.944
2014,30,Corinthians,Vitória,2,1,22/10/2014,Alinor Silva da Paixão,7.117
2014,30,Grêmio,Figueirense,1,0,22/10/2014,Vinicius Furlan,16.979
2014,30,Coritiba,Botafogo,2,0,22/10/2014,Anderson Daronco,8.106
2014,30,Santos,Fluminense,0,1,22/10/2014,Franscisco Carlos do Nascimento,6.178
2014,30,Chapecoense,São Paulo,0,0,22/10/2014,Wagner do Nascimento Magalhães,15.095
2014,30,Sport,Goiás,0,1,22/10/2014,Marcelo de Lima Henrique  (RJ),7.780
2014,31,Palmeiras,Corinthians,1,1,25/10/2014,Flávio Rodrigues Guerra,24.245
2014,31,Fluminense,Atlético-PR,2,1,25/10/2014,Marielson Alves Silva,22.537
2014,31,Figueirense,Cruzeiro,1,1,25/10/2014,Pablo dos Santos Alves,7.843
2014,31,Vitória,Criciúma,3,1,25/10/2014,Leandro Pedro Vuaden,8.374
2014,31,Coritiba,Grêmio,1,1,25/10/2014,Dewson Fernando Freitas da Silva,13.039
2014,31,Atlético-MG,Sport,3,2,25/10/2014,Felipe Gomes da Silva,13.115
2014,31,Chapecoense,Santos,1,1,25/10/2014,Anderson Daronco,10.334
2014,31,Botafogo,Flamengo,2,1,25/10/2014,Ricardo Marques Ribeiro (MG),42.391
2014,31,Internacional,Bahia,2,0,25/10/2014,Marcos André Gomes da Penha,12.825
2014,31,São Paulo,Goiás,3,0,27/10/2014,Braulio da Silva Machado,31.907
2014,32,Grêmio,Vitória,1,0,01/11/2014,Thiago Duarte Peixoto,17.447
2014,32,Goiás,Fluminense,0,2,01/11/2014,Ricardo Marques Ribeiro (MG),3.985
2014,32,Corinthians,Coritiba,2,2,01/11/2014,Jean Pierre Goncalves Lima,28.099
2014,32,Santos,Internacional,1,2,02/11/2014,Jailson Macedo Freitas (BA),5.607
2014,32,Sport,Figueirense,1,0,02/11/2014,Alinor Silva da Paixão,27.779
2014,32,Criciúma,São Paulo,1,2,02/11/2014,Dewson Fernando Freitas da Silva,12.388
2014,32,Cruzeiro,Botafogo,2,1,02/11/2014,Elmo Alves Resende Cunha (GO),36.004
2014,32,Flamengo,Chapecoense,3,0,02/11/2014,Wilton Sampaio,31.984
2014,32,Atlético-PR,Atlético-MG,1,0,02/11/2014,Péricles Bassols Pegado Cortez (RJ),17.021
2014,32,Bahia,Palmeiras,0,1,02/11/2014,Leandro Pedro Vuaden,15.367
2014,33,Palmeiras,Atlético-MG,0,2,08/11/2014,Émerson Luiz Sobral (PE),24.368
2014,33,Coritiba,Fluminense,1,0,08/11/2014,Thiago Duarte Peixoto,10.223
2014,33,Botafogo,Atlético-PR,0,2,08/11/2014,Ricardo Marques Ribeiro (MG),3.187
2014,33,Vitória,São Paulo,1,2,09/11/2014,Wilton Sampaio,18.035
2014,33,Grêmio,Internacional,4,1,09/11/2014,Luiz Flávio de Oliveira (SP),43.456
2014,33,Sport,Flamengo,2,2,09/11/2014,Elmo Alves Resende Cunha (GO),36.615
2014,33,Figueirense,Chapecoense,1,0,09/11/2014,Héber Lopes,15.102
2014,33,Cruzeiro,Criciúma,3,1,09/11/2014,Marcos André Gomes da Penha,28.475
2014,33,Corinthians,Santos,1,0,09/11/2014,Vinicius Furlan,31.089
2014,33,Goiás,Bahia,3,0,09/11/2014,Raphael Claus,2.187
2014,34,Fluminense,Botafogo,1,0,15/11/2014,Péricles Bassols Pegado Cortez (RJ),22.608
2014,34,Criciúma,Grêmio,0,3,15/11/2014,Raphael Claus,8.850
2014,34,Flamengo,Coritiba,3,2,16/11/2014,Leandro Pedro Vuaden,28.250
2014,34,Internacional,Goiás,1,0,16/11/2014,Marielson Alves Silva,20.786
2014,34,Atlético-PR,Sport,0,1,16/11/2014,Guilherme Ceretta de Lima (SP),14.488
2014,34,Bahia,Corinthians,1,2,16/11/2014,Elmo Alves Resende Cunha (GO),11.617
2014,34,Santos,Cruzeiro,0,1,16/11/2014,Alinor Silva da Paixão,4.094
2014,34,Atlético-MG,Figueirense,1,1,16/11/2014,Thiago Duarte Peixoto,17.327
2014,34,São Paulo,Palmeiras,2,0,16/11/2014,Marcelo Aparecido Ribeiro de Souza,36.764
2014,34,Chapecoense,Vitória,0,1,16/11/2014,Luiz Flávio de Oliveira (SP),12.749
2014,35,São Paulo,Internacional,1,1,12/11/2014,Héber Lopes,22.504
2014,35,Botafogo,Figueirense,0,1,19/11/2014,Anderson Daronco,8.250
2014,35,Atlético-PR,Santos,1,1,19/11/2014,Arnoldo Vasconcelos Figarela,14.861
2014,35,Goiás,Corinthians,0,1,19/11/2014,Leandro Pedro Vuaden,24.431
2014,35,Vitória,Coritiba,1,1,19/11/2014,Ricardo Marques Ribeiro (MG),7.692
2014,35,Criciúma,Bahia,0,1,19/11/2014,Luiz Flávio de Oliveira (SP),4.639
2014,35,Palmeiras,Sport,0,2,19/11/2014,Dewson Fernando Freitas da Silva,35.939
2014,35,Atlético-MG,Flamengo,4,0,19/11/2014,Flavio Rodrigues de Souza,10.123
2014,35,Fluminense,Chapecoense,1,4,20/11/2014,Elmo Alves Resende Cunha (GO),29.482
2014,35,Grêmio,Cruzeiro,1,2,20/11/2014,Vinicius Furlan,40.497
2014,36,Internacional,Atlético-MG,2,1,22/11/2014,Péricles Bassols Pegado Cortez (RJ),33.443
2014,36,Bahia,Atlético-PR,1,2,22/11/2014,André Luiz de Freitas Castro,7.742
2014,36,Figueirense,Vitória,2,0,23/11/2014,Dewson Fernando Freitas da Silva,14.718
2014,36,Cruzeiro,Goiás,2,1,23/11/2014,Paulo Henrique de Godoy Bezerra (SC),56.769
2014,36,Santos,São Paulo,0,1,23/11/2014,Flávio Rodrigues Guerra,33.247
2014,36,Flamengo,Criciúma,1,1,23/11/2014,Franscisco Carlos do Nascimento,30.753
2014,36,Sport,Fluminense,2,2,23/11/2014,Anderson Daronco,29.165
2014,36,Corinthians,Grêmio,1,0,23/11/2014,Ricardo Marques Ribeiro (MG),36.307
2014,36,Chapecoense,Botafogo,2,0,23/11/2014,Leandro Pedro Vuaden,14.343
2014,36,Coritiba,Palmeiras,2,0,23/11/2014,Elmo Alves Resende Cunha (GO),18.863
2014,37,Internacional,Palmeiras,3,1,29/11/2014,Ricardo Marques Ribeiro (MG),41.148
2014,37,Criciúma,Sport,2,2,29/11/2014,Wagner Reway,2.498
2014,37,Flamengo,Vitória,4,0,29/11/2014,Elmo Alves Resende Cunha (GO),20.057
2014,37,Santos,Botafogo,2,0,30/11/2014,Paulo Henrique de Godoy Bezerra (SC),4.269
2014,37,Fluminense,Corinthians,5,2,30/11/2014,Wilton Sampaio,18.181
2014,37,São Paulo,Figueirense,1,1,30/11/2014,Antônio Denival de Morais,33.334
2014,37,Chapecoense,Cruzeiro,1,1,30/11/2014,Grazianni Maciel Rocha,8.067
2014,37,Atlético-PR,Goiás,1,0,30/11/2014,Thiago Duarte Peixoto,12.807
2014,37,Atlético-MG,Coritiba,1,2,30/11/2014,Pablo dos Santos Alves,19.029
2014,37,Bahia,Grêmio,1,0,30/11/2014,Dewson Fernando Freitas da Silva,5.539
2014,38,Figueirense,Internacional,1,2,06/12/2014,Marielson Alves Silva,7.027
2014,38,Corinthians,Criciúma,2,1,06/12/2014,Dewson Fernando Freitas da Silva,38.044
2014,38,Vitória,Santos,0,1,07/12/2014,Anderson Daronco,8.326
2014,38,Palmeiras,Atlético-PR,1,1,07/12/2014,Leandro Pedro Vuaden,33.151
2014,38,Botafogo,Atlético-MG,0,0,07/12/2014,Manuel Lopo Garrido,3.694
2014,38,Grêmio,Flamengo,1,1,07/12/2014,Luiz Flávio de Oliveira (SP),13.713
2014,38,Coritiba,Bahia,3,2,07/12/2014,Marcelo de Lima Henrique  (RJ),25.550
2014,38,Sport,São Paulo,1,0,07/12/2014,Wagner Reway,33.496
2014,38,Cruzeiro,Fluminense,2,1,07/12/2014,Raphael Claus,45.804
2014,38,Goiás,Chapecoense,4,2,07/12/2014,Flávio Feijó de Omena,1.768
