ano,rodada,clube_mandante,clube_visitante,gols_mandante,gols_visitante,data,juiz,publico
2013,1,Vitória,Internacional,2,2,25/05/2013,Marcelo de Lima Henrique  (RJ),8.955
2013,1,Vasco da Gama,Portuguesa,1,0,25/05/2013,Elmo Alves Resende Cunha (GO),11.099
2013,1,Corinthians,Botafogo,1,1,25/05/2013,Leandro Pedro Vuaden,29.295
2013,1,Ponte Preta,São Paulo,0,2,26/05/2013,Vinicius Furlan,6.267
2013,1,Criciúma,Bahia,3,1,26/05/2013,Márcio Chagas da Silva,10.355
2013,1,Santos,Flamengo,0,0,26/05/2013,Wilton Sampaio,63.501
2013,1,Grêmio,Náutico,2,0,26/05/2013,Guilherme Ceretta de Lima (SP),9.560
2013,1,Coritiba,Atlético-MG,2,1,26/05/2013,Wagner do Nascimento Magalhães,14.189
2013,1,Fluminense,Atlético-PR,2,1,26/05/2013,Ricardo Marques Ribeiro (MG),3.355
2013,1,Cruzeiro,Goiás,5,0,26/05/2013,Ronan Marques da Rosa,12.018
2013,2,Atlético-PR,Cruzeiro,2,2,29/05/2013,André Luiz de Freitas Castro,3.366
2013,2,Botafogo,Santos,2,1,29/05/2013,Jailson Macedo Freitas (BA),2.344
2013,2,São Paulo,Vasco da Gama,5,1,29/05/2013,Márcio Chagas da Silva,8.079
2013,2,Flamengo,Ponte Preta,0,2,29/05/2013,Jean Pierre Goncalves Lima,8.932
2013,2,Bahia,Coritiba,0,0,29/05/2013,Franscisco Carlos do Nascimento,4.874
2013,2,Náutico,Vitória,0,3,29/05/2013,Alício Pena Junior,11.230
2013,2,Goiás,Corinthians,1,1,29/05/2013,Rodrigo Nunes de Sá,31.074
2013,2,Internacional,Criciúma,2,0,30/05/2013,Raphael Claus,8.397
2013,2,Atlético-MG,Grêmio,2,0,09/06/2013,André Luiz de Freitas Castro,5.753
2013,2,Portuguesa,Fluminense,2,1,12/06/2013,Emerson de Almeida Ferreira,1.182
2013,3,Botafogo,Cruzeiro,2,1,01/06/2013,Wilton Sampaio,4.469
2013,3,Atlético-PR,Flamengo,2,2,01/06/2013,Leandro Pedro Vuaden,8.986
2013,3,Santos,Grêmio,1,1,01/06/2013,Marcelo de Lima Henrique  (RJ),6.329
2013,3,Vitória,Vasco da Gama,2,0,01/06/2013,Héber Lopes,11.535
2013,3,Goiás,Coritiba,1,1,01/06/2013,Nielson Nogueira Dias,5.817
2013,3,Corinthians,Ponte Preta,1,0,01/06/2013,Rodrigo Guarizo Ferreira do Amaral,24.449
2013,3,Fluminense,Criciúma,3,0,02/06/2013,Guilherme Ceretta de Lima (SP),2.227
2013,3,Internacional,Bahia,1,2,02/06/2013,Edivaldo Elias da Silva,4.600
2013,3,Náutico,Portuguesa,2,2,02/06/2013,Dewson Fernando Freitas da Silva,15.013
2013,3,Atlético-MG,São Paulo,0,0,02/06/2013,Sandro Ricci,10.830
2013,4,São Paulo,Goiás,0,1,05/06/2013,Franscisco Carlos do Nascimento,8.892
2013,4,Criciúma,Santos,3,1,05/06/2013,Pablo dos Santos Alves,11.392
2013,4,Portuguesa,Internacional,1,1,05/06/2013,Wagner Reway,2.235
2013,4,Grêmio,Vitória,1,0,05/06/2013,Marcos André Gomes da Penha,15.655
2013,4,Ponte Preta,Atlético-PR,3,4,05/06/2013,Gilberto Rodrigues Castro Junior,3.422
2013,4,Vasco da Gama,Atlético-MG,2,0,05/06/2013,Raphael Claus,2.744
2013,4,Bahia,Botafogo,2,1,05/06/2013,Héber Lopes,13.759
2013,4,Cruzeiro,Corinthians,1,0,05/06/2013,Jailson Macedo Freitas (BA),15.082
2013,4,Flamengo,Náutico,0,1,05/06/2013,André Luiz de Freitas Castro,5.241
2013,4,Coritiba,Fluminense,2,1,06/06/2013,Elmo Alves Resende Cunha (GO),15.554
2013,5,Criciúma,Flamengo,0,3,08/06/2013,Jailson Macedo Freitas (BA),17.785
2013,5,Cruzeiro,Internacional,2,2,08/06/2013,Guilherme Ceretta de Lima (SP),15.513
2013,5,Corinthians,Portuguesa,0,0,08/06/2013,Flávio Rodrigues Guerra,30.785
2013,5,Vasco da Gama,Bahia,1,1,08/06/2013,Marcelo Aparecido Ribeiro de Souza,3.986
2013,5,Ponte Preta,Botafogo,0,2,08/06/2013,Claudio Francisco Lima e Silva,3.473
2013,5,Vitória,Atlético-PR,3,2,09/06/2013,Anderson Daronco,2.954
2013,5,Coritiba,Náutico,1,0,09/06/2013,Pablo Ramón Goncalves Pinheiro,16.815
2013,5,Fluminense,Goiás,2,1,09/06/2013,Alício Pena Junior,2.570
2013,5,Santos,Atlético-MG,1,0,12/06/2013,Márcio Chagas da Silva,4.178
2013,5,Grêmio,São Paulo,1,1,12/06/2013,Péricles Bassols Pegado Cortez (RJ),15.926
2013,6,Flamengo,Coritiba,2,2,06/07/2013,Paulo César de Oliveira,55.110
2013,6,Náutico,Ponte Preta,1,3,06/07/2013,Héber Lopes,20.413
2013,6,Atlético-PR,Grêmio,1,1,06/07/2013,Wilton Sampaio,7.531
2013,6,Portuguesa,Cruzeiro,1,1,06/07/2013,Paulo Henrique de Godoy Bezerra (SC),2.769
2013,6,Goiás,Vitória,1,0,07/07/2013,Leandro Pedro Vuaden,4.420
2013,6,São Paulo,Santos,0,2,07/07/2013,Raphael Claus,11.819
2013,6,Bahia,Corinthians,0,2,07/07/2013,Péricles Bassols Pegado Cortez (RJ),23.684
2013,6,Internacional,Vasco da Gama,5,3,07/07/2013,Ricardo Marques Ribeiro (MG),2.858
2013,6,Botafogo,Fluminense,1,0,07/07/2013,Wagner do Nascimento Magalhães,9.669
2013,6,Atlético-MG,Criciúma,3,2,07/07/2013,Anderson Daronco,4.815
2013,7,Fluminense,Internacional,2,3,13/07/2013,Héber Lopes,5.375
2013,7,Santos,Portuguesa,4,1,13/07/2013,Rodrigo Guarizo Ferreira do Amaral,5.860
2013,7,Ponte Preta,Bahia,0,0,13/07/2013,Pablo Ramón Goncalves Pinheiro,3.325
2013,7,Coritiba,Atlético-PR,1,0,14/07/2013,Felipe Gomes da Silva,19.902
2013,7,Corinthians,Atlético-MG,0,1,14/07/2013,Wilton Sampaio,32.797
2013,7,Vitória,São Paulo,3,2,14/07/2013,Franscisco Carlos do Nascimento,11.227
2013,7,Grêmio,Botafogo,2,1,14/07/2013,Paulo César de Oliveira,28.014
2013,7,Vasco da Gama,Flamengo,0,1,14/07/2013,Grazianni Maciel Rocha,61.767
2013,7,Criciúma,Goiás,0,0,14/07/2013,Wilson Luiz Seneme,9.272
2013,7,Cruzeiro,Náutico,3,0,14/07/2013,Márcio Chagas da Silva,15.528
2013,8,São Paulo,Cruzeiro,0,3,20/07/2013,Héber Lopes,11.675
2013,8,Criciúma,Grêmio,2,1,20/07/2013,Felipe Gomes da Silva,12.560
2013,8,Botafogo,Náutico,2,0,20/07/2013,Elmo Alves Resende Cunha (GO),6.567
2013,8,Santos,Coritiba,2,2,21/07/2013,Leandro Pedro Vuaden,9.577
2013,8,Vitória,Bahia,0,0,21/07/2013,Paulo César de Oliveira,36.996
2013,8,Internacional,Flamengo,1,0,21/07/2013,Guilherme Ceretta de Lima (SP),8.038
2013,8,Atlético-PR,Corinthians,1,1,21/07/2013,Ricardo Marques Ribeiro (MG),6.799
2013,8,Fluminense,Vasco da Gama,1,3,21/07/2013,Marcelo de Lima Henrique  (RJ),46.860
2013,8,Goiás,Portuguesa,2,1,21/07/2013,Péricles Bassols Pegado Cortez (RJ),4.853
2013,8,Atlético-MG,Ponte Preta,4,0,03/10/2013,Péricles Bassols Pegado Cortez (RJ),7.741
2013,9,Vasco da Gama,Criciúma,3,2,27/07/2013,Márcio Chagas da Silva,18.304
2013,9,Portuguesa,Atlético-PR,2,3,27/07/2013,Fabrício Neves Corrêa,1.458
2013,9,Ponte Preta,Santos,1,0,27/07/2013,Leandro Bizzio Marinho,4.407
2013,9,Cruzeiro,Atlético-MG,4,1,28/07/2013,Emerson de Almeida Ferreira,35.689
2013,9,Corinthians,São Paulo,0,0,28/07/2013,Rodrigo Guarizo Ferreira do Amaral,33.336
2013,9,Grêmio,Fluminense,2,0,28/07/2013,Raphael Claus,28.793
2013,9,Náutico,Internacional,3,0,28/07/2013,Dewson Fernando Freitas da Silva,19.488
2013,9,Coritiba,Vitória,1,1,28/07/2013,Wilson Luiz Seneme,16.420
2013,9,Flamengo,Botafogo,1,1,28/07/2013,Péricles Bassols Pegado Cortez (RJ),52.361
2013,9,Bahia,Goiás,2,1,28/07/2013,Paulo Henrique de Godoy Bezerra (SC),13.491
2013,10,Portuguesa,Criciúma,1,1,31/07/2013,Grazianni Maciel Rocha,1.244
2013,10,Fluminense,Cruzeiro,1,0,31/07/2013,Wilton Sampaio,18.042
2013,10,Atlético-MG,Atlético-PR,1,2,31/07/2013,Paulo César de Oliveira,14.913
2013,10,Coritiba,Ponte Preta,5,3,31/07/2013,Jailson Macedo Freitas (BA),13.775
2013,10,Bahia,Flamengo,3,0,31/07/2013,Héber Lopes,26.033
2013,10,Corinthians,Grêmio,2,0,31/07/2013,Alício Pena Junior,23.849
2013,10,Botafogo,Vitória,2,0,01/08/2013,Flávio Rodrigues Guerra,19.075
2013,10,Goiás,Vasco da Gama,1,1,01/08/2013,Marcos André Gomes da Penha,18.136
2013,10,Náutico,São Paulo,0,1,03/09/2013,Leandro Pedro Vuaden,12.217
2013,10,Internacional,Santos,1,2,10/09/2013,Marcelo de Lima Henrique  (RJ),7.793
2013,11,São Paulo,Bahia,1,2,10/07/2013,Alício Pena Junior,4.579
2013,11,Cruzeiro,Coritiba,1,0,03/08/2013,Franscisco Carlos do Nascimento,25.108
2013,11,Criciúma,Corinthians,0,2,04/08/2013,Sandro Ricci,16.976
2013,11,Grêmio,Internacional,1,1,04/08/2013,Fabrício Neves Corrêa,40.054
2013,11,Atlético-PR,Goiás,2,0,04/08/2013,Luiz Flávio de Oliveira (SP),8.883
2013,11,Ponte Preta,Fluminense,1,1,04/08/2013,Ricardo Marques Ribeiro (MG),5.942
2013,11,Flamengo,Atlético-MG,3,0,04/08/2013,Leandro Pedro Vuaden,31.548
2013,11,Vitória,Portuguesa,2,1,04/08/2013,Márcio Chagas da Silva,7.697
2013,11,Vasco da Gama,Botafogo,2,3,04/08/2013,Wagner do Nascimento Magalhães,33.419
2013,11,Santos,Náutico,1,1,25/09/2013,Franscisco Carlos do Nascimento,5.108
2013,12,São Paulo,Internacional,0,1,24/07/2013,André Luiz de Freitas Castro,6.275
2013,12,Vitória,Fluminense,1,1,07/08/2013,André Luiz de Freitas Castro,8.283
2013,12,Criciúma,Cruzeiro,1,2,07/08/2013,Marcos André Gomes da Penha,10.870
2013,12,Flamengo,Portuguesa,1,1,07/08/2013,Cleisson Veloso Pereira,12.511
2013,12,Atlético-PR,Bahia,1,0,07/08/2013,Celio Amorim,8.656
2013,12,Santos,Corinthians,1,1,07/08/2013,Marcelo Aparecido Ribeiro de Souza,8.120
2013,12,Goiás,Náutico,2,1,07/08/2013,Jean Pierre Goncalves Lima,5.761
2013,12,Atlético-MG,Botafogo,2,2,07/08/2013,Raphael Claus,11.332
2013,12,Vasco da Gama,Ponte Preta,1,1,08/08/2013,Emerson de Almeida Ferreira,9.347
2013,12,Grêmio,Coritiba,0,1,08/08/2013,Paulo Henrique de Godoy Bezerra (SC),14.876
2013,13,Botafogo,Goiás,1,1,10/08/2013,Sandro Ricci,23.322
2013,13,Náutico,Atlético-MG,0,0,10/08/2013,Italo Medeiros de Azevedo,19.997
2013,13,Cruzeiro,Santos,0,0,11/08/2013,Paulo Henrique de Godoy Bezerra (SC),27.533
2013,13,Fluminense,Flamengo,2,3,11/08/2013,Luiz Flávio de Oliveira (SP),38.715
2013,13,Corinthians,Vitória,2,0,11/08/2013,Elmo Alves Resende Cunha (GO),25.603
2013,13,Coritiba,Vasco da Gama,0,1,11/08/2013,Leandro Pedro Vuaden,19.140
2013,13,Bahia,Grêmio,0,3,11/08/2013,Wagner Reway,18.498
2013,13,Ponte Preta,Criciúma,3,1,11/08/2013,Dewson Fernando Freitas da Silva,6.008
2013,13,Internacional,Atlético-PR,2,2,11/08/2013,Pablo dos Santos Alves,8.684
2013,13,Portuguesa,São Paulo,2,1,11/08/2013,Rodrigo Nunes de Sá,8.593
2013,14,Santos,Vasco da Gama,1,1,14/08/2013,Edivaldo Elias da Silva,3.898
2013,14,Criciúma,Náutico,3,0,14/08/2013,Diego Almeida Real,7.625
2013,14,Atlético-MG,Bahia,2,0,14/08/2013,Péricles Bassols Pegado Cortez (RJ),12.027
2013,14,Coritiba,Portuguesa,1,1,14/08/2013,Arilson Bispo da Anunciação,10.272
2013,14,Vitória,Ponte Preta,3,1,14/08/2013,Felipe Gomes da Silva,5.156
2013,14,Grêmio,Cruzeiro,3,1,14/08/2013,Paulo César de Oliveira,16.529
2013,14,Goiás,Flamengo,1,1,14/08/2013,Jailson Macedo Freitas (BA),32.049
2013,14,Fluminense,Corinthians,0,0,14/08/2013,André Luiz de Freitas Castro,13.237
2013,14,São Paulo,Atlético-PR,1,1,15/08/2013,Anderson Daronco,25.827
2013,14,Botafogo,Internacional,3,3,15/08/2013,Wilton Sampaio,15.047
2013,15,Cruzeiro,Vitória,5,1,17/08/2013,Marcelo de Lima Henrique  (RJ),14.369
2013,15,Náutico,Fluminense,0,1,17/08/2013,Paulo César de Oliveira,16.583
2013,15,Vasco da Gama,Grêmio,2,3,17/08/2013,Wilton Sampaio,15.781
2013,15,Portuguesa,Botafogo,1,3,18/08/2013,Alício Pena Junior,4.276
2013,15,Flamengo,São Paulo,0,0,18/08/2013,Ricardo Marques Ribeiro (MG),44.164
2013,15,Ponte Preta,Goiás,0,1,18/08/2013,Héber Lopes,4.416
2013,15,Corinthians,Coritiba,1,0,18/08/2013,Péricles Bassols Pegado Cortez (RJ),31.519
2013,15,Bahia,Santos,0,0,18/08/2013,Dewson Fernando Freitas da Silva,10.247
2013,15,Atlético-PR,Criciúma,2,1,18/08/2013,Sandro Ricci,8.505
2013,15,Internacional,Atlético-MG,0,0,18/08/2013,Luiz Flávio de Oliveira (SP),9.478
2013,16,Ponte Preta,Cruzeiro,0,2,24/08/2013,Wilton Sampaio,5.974
2013,16,Santos,Vitória,2,0,24/08/2013,Pablo dos Santos Alves,8.350
2013,16,Flamengo,Grêmio,0,1,24/08/2013,Paulo Henrique de Godoy Bezerra (SC),20.580
2013,16,Criciúma,Coritiba,2,1,24/08/2013,Rodrigo Guarizo Ferreira do Amaral,6.004
2013,16,Bahia,Náutico,2,0,25/08/2013,Wagner do Nascimento Magalhães,10.614
2013,16,Atlético-MG,Portuguesa,2,1,25/08/2013,Leandro Pedro Vuaden,8.555
2013,16,Vasco da Gama,Corinthians,1,1,25/08/2013,Héber Lopes,21.627
2013,16,São Paulo,Fluminense,2,1,25/08/2013,Jailson Macedo Freitas (BA),55.256
2013,16,Atlético-PR,Botafogo,2,0,25/08/2013,Wagner Reway,12.124
2013,16,Internacional,Goiás,3,3,25/08/2013,Dewson Fernando Freitas da Silva,1.815
2013,17,Grêmio,Ponte Preta,1,0,31/08/2013,Rodrigo Nunes de Sá,23.745
2013,17,Goiás,Atlético-MG,0,0,31/08/2013,Edivaldo Elias da Silva,9.762
2013,17,Portuguesa,Bahia,4,2,31/08/2013,Héber Lopes,2.466
2013,17,Náutico,Atlético-PR,1,4,31/08/2013,André Luiz de Freitas Castro,11.263
2013,17,Fluminense,Santos,0,2,31/08/2013,Leandro Pedro Vuaden,10.481
2013,17,Corinthians,Flamengo,4,0,01/09/2013,Wilton Sampaio,36.543
2013,17,Coritiba,Internacional,0,0,01/09/2013,Pablo dos Santos Alves,18.546
2013,17,Botafogo,São Paulo,0,0,01/09/2013,Sandro Ricci,28.591
2013,17,Vitória,Criciúma,0,1,01/09/2013,Francisco de Assis Almeida Filho (CE),10.629
2013,17,Cruzeiro,Vasco da Gama,5,3,01/09/2013,Flávio Rodrigues Guerra,17.071
2013,18,Goiás,Grêmio,2,0,03/09/2013,Ricardo Marques Ribeiro (MG),7.898
2013,18,Atlético-PR,Santos,2,1,04/09/2013,Marcelo de Lima Henrique  (RJ),12.595
2013,18,Flamengo,Vitória,2,1,04/09/2013,Luiz Flávio de Oliveira (SP),12.616
2013,18,Portuguesa,Ponte Preta,2,1,04/09/2013,Leandro Bizzio Marinho,1.419
2013,18,Atlético-MG,Fluminense,2,2,04/09/2013,Anderson Daronco,6.529
2013,18,Bahia,Cruzeiro,1,3,04/09/2013,Paulo César de Oliveira,9.120
2013,18,Internacional,Corinthians,1,0,04/09/2013,Paulo Henrique de Godoy Bezerra (SC),7.792
2013,18,Botafogo,Coritiba,3,1,05/09/2013,Fabrício Neves Corrêa,9.682
2013,18,São Paulo,Criciúma,1,2,05/09/2013,Wagner Reway,33.738
2013,18,Náutico,Vasco da Gama,0,3,05/09/2013,Jailson Macedo Freitas (BA),8.153
2013,19,Santos,Goiás,1,0,07/09/2013,Wagner Reway,8.968
2013,19,Ponte Preta,Internacional,1,3,07/09/2013,Edivaldo Elias da Silva,4.131
2013,19,Fluminense,Bahia,1,0,07/09/2013,Ricardo Marques Ribeiro (MG),28.658
2013,19,Vitória,Atlético-MG,1,1,07/09/2013,Raphael Claus,9.211
2013,19,Grêmio,Portuguesa,3,2,07/09/2013,Jailson Macedo Freitas (BA),19.565
2013,19,Cruzeiro,Flamengo,1,0,08/09/2013,Anderson Daronco,35.628
2013,19,Coritiba,São Paulo,2,0,08/09/2013,Alício Pena Junior,16.367
2013,19,Corinthians,Náutico,0,0,08/09/2013,Felipe Gomes da Silva,22.712
2013,19,Vasco da Gama,Atlético-PR,0,0,08/09/2013,Leandro Pedro Vuaden,11.832
2013,19,Criciúma,Botafogo,1,2,08/09/2013,Dewson Fernando Freitas da Silva,12.185
2013,20,Atlético-PR,Fluminense,1,1,11/09/2013,Fabrício Neves Corrêa,11.728
2013,20,Bahia,Criciúma,2,2,11/09/2013,Luiz Flávio de Oliveira (SP),6.484
2013,20,Goiás,Cruzeiro,1,2,11/09/2013,Péricles Bassols Pegado Cortez (RJ),10.786
2013,20,Botafogo,Corinthians,1,0,11/09/2013,Héber Lopes,23.679
2013,20,Náutico,Grêmio,0,2,11/09/2013,Francisco de Assis Almeida Filho (CE),6.826
2013,20,Portuguesa,Vasco da Gama,2,0,11/09/2013,Claudio Francisco Lima e Silva,4.207
2013,20,Internacional,Vitória,2,2,12/09/2013,André Luiz de Freitas Castro,4.456
2013,20,São Paulo,Ponte Preta,1,0,12/09/2013,Marcelo Aparecido Ribeiro de Souza,27.548
2013,20,Atlético-MG,Coritiba,3,0,12/09/2013,Paulo Henrique de Godoy Bezerra (SC),9.567
2013,20,Flamengo,Santos,2,1,12/09/2013,Sandro Ricci,20.780
2013,21,Cruzeiro,Atlético-PR,1,0,14/09/2013,Raphael Claus,30.339
2013,21,Fluminense,Portuguesa,2,1,14/09/2013,Wilton Sampaio,19.355
2013,21,Criciúma,Internacional,0,1,15/09/2013,Felipe Gomes da Silva,13.802
2013,21,Coritiba,Bahia,2,2,15/09/2013,Rodrigo Nunes de Sá,11.693
2013,21,Ponte Preta,Flamengo,1,1,15/09/2013,Paulo Henrique de Godoy Bezerra (SC),10.346
2013,21,Vasco da Gama,São Paulo,0,2,15/09/2013,Héber Lopes,10.961
2013,21,Corinthians,Goiás,1,2,15/09/2013,Leandro Pedro Vuaden,21.354
2013,21,Vitória,Náutico,2,1,15/09/2013,Jean Pierre Goncalves Lima,10.054
2013,21,Santos,Botafogo,1,2,15/09/2013,André Luiz de Freitas Castro,11.301
2013,21,Grêmio,Atlético-MG,0,1,15/09/2013,Marcelo de Lima Henrique  (RJ),33.304
2013,22,Vasco da Gama,Vitória,1,2,18/09/2013,Celio Amorim,5.624
2013,22,Grêmio,Santos,1,1,18/09/2013,Péricles Bassols Pegado Cortez (RJ),12.447
2013,22,Criciúma,Fluminense,1,2,18/09/2013,Jean Pierre Goncalves Lima,10.234
2013,22,Coritiba,Goiás,2,2,18/09/2013,Anderson Daronco,7.982
2013,22,São Paulo,Atlético-MG,1,0,18/09/2013,Leandro Pedro Vuaden,28.503
2013,22,Cruzeiro,Botafogo,3,0,18/09/2013,Luiz Flávio de Oliveira (SP),44.504
2013,22,Ponte Preta,Corinthians,2,0,18/09/2013,Paulo César de Oliveira,6.777
2013,22,Flamengo,Atlético-PR,2,4,19/09/2013,André Luiz de Freitas Castro,20.899
2013,22,Portuguesa,Náutico,3,0,19/09/2013,Ricardo Marques Ribeiro (MG),1.808
2013,22,Bahia,Internacional,2,0,19/09/2013,Wagner Reway,8.979
2013,23,Fluminense,Coritiba,1,1,21/09/2013,Wagner Reway,34.397
2013,23,Vitória,Grêmio,0,0,21/09/2013,Sandro Ricci,13.378
2013,23,Internacional,Portuguesa,0,1,22/09/2013,Marcos André Gomes da Penha,3.012
2013,23,Botafogo,Bahia,1,2,22/09/2013,Leandro Pedro Vuaden,25.707
2013,23,Goiás,São Paulo,1,0,22/09/2013,Paulo Henrique de Godoy Bezerra (SC),24.789
2013,23,Náutico,Flamengo,0,0,22/09/2013,Wilson Luiz Seneme,15.003
2013,23,Corinthians,Cruzeiro,0,0,22/09/2013,Felipe Gomes da Silva,27.053
2013,23,Atlético-MG,Vasco da Gama,2,1,22/09/2013,André Luiz de Freitas Castro,12.834
2013,23,Santos,Criciúma,2,1,22/09/2013,Arilson Bispo da Anunciação,5.147
2013,23,Atlético-PR,Ponte Preta,1,0,22/09/2013,Elmo Alves Resende Cunha (GO),6.729
2013,24,Goiás,Fluminense,1,2,28/09/2013,Márcio Chagas da Silva,8.610
2013,24,Náutico,Coritiba,3,0,28/09/2013,Claudio Francisco Lima e Silva,7.065
2013,24,Botafogo,Ponte Preta,0,1,28/09/2013,Franscisco Carlos do Nascimento,9.673
2013,24,Flamengo,Criciúma,4,1,29/09/2013,Leandro Pedro Vuaden,38.330
2013,24,São Paulo,Grêmio,0,1,29/09/2013,Héber Lopes,41.140
2013,24,Bahia,Vasco da Gama,0,0,29/09/2013,Wilson Luiz Seneme,31.946
2013,24,Portuguesa,Corinthians,4,0,29/09/2013,Raphael Claus,12.316
2013,24,Internacional,Cruzeiro,1,2,29/09/2013,Wilton Sampaio,5.434
2013,24,Atlético-PR,Vitória,3,5,29/09/2013,Paulo Henrique de Godoy Bezerra (SC),10.030
2013,24,Atlético-MG,Santos,3,1,29/09/2013,Marcelo de Lima Henrique  (RJ),8.465
2013,25,Criciúma,Atlético-MG,1,1,25/09/2013,Pablo dos Santos Alves,9.342
2013,25,Ponte Preta,Náutico,1,2,01/10/2013,Antônio Denival de Morais,12.625
2013,25,Cruzeiro,Portuguesa,4,0,02/10/2013,Jean Pierre Goncalves Lima,32.016
2013,25,Grêmio,Atlético-PR,1,0,02/10/2013,Wilson Luiz Seneme,19.800
2013,25,Vitória,Goiás,2,1,02/10/2013,Dewson Fernando Freitas da Silva,20.498
2013,25,Fluminense,Botafogo,1,1,02/10/2013,Sandro Ricci,19.562
2013,25,Corinthians,Bahia,2,0,02/10/2013,André Luiz de Freitas Castro,9.917
2013,25,Santos,São Paulo,3,0,02/10/2013,Ricardo Marques Ribeiro (MG),7.788
2013,25,Coritiba,Flamengo,0,2,02/10/2013,Paulo César de Oliveira,12.287
2013,25,Vasco da Gama,Internacional,3,1,03/10/2013,Luiz Flávio de Oliveira (SP),10.220
2013,26,Botafogo,Grêmio,0,1,05/10/2013,Wilton Sampaio,14.418
2013,26,São Paulo,Vitória,3,2,05/10/2013,Anderson Daronco,22.285
2013,26,Atlético-PR,Coritiba,2,1,06/10/2013,Sandro Ricci,13.551
2013,26,Flamengo,Vasco da Gama,1,1,06/10/2013,Ricardo Marques Ribeiro (MG),34.597
2013,26,Internacional,Fluminense,1,0,06/10/2013,Wilson Luiz Seneme,7.637
2013,26,Atlético-MG,Corinthians,0,0,06/10/2013,Jailson Macedo Freitas (BA),16.204
2013,26,Náutico,Cruzeiro,1,4,06/10/2013,Dewson Fernando Freitas da Silva,20.661
2013,26,Portuguesa,Santos,3,0,06/10/2013,Péricles Bassols Pegado Cortez (RJ),7.979
2013,26,Goiás,Criciúma,1,1,06/10/2013,Claudio Francisco Lima e Silva,5.704
2013,26,Bahia,Ponte Preta,1,1,06/10/2013,Pablo dos Santos Alves,9.448
2013,27,Coritiba,Santos,1,0,09/10/2013,Alício Pena Junior,11.721
2013,27,Grêmio,Criciúma,1,2,09/10/2013,Elmo Alves Resende Cunha (GO),16.423
2013,27,Ponte Preta,Atlético-MG,2,0,09/10/2013,Felipe Gomes da Silva,6.127
2013,27,Bahia,Vitória,2,0,09/10/2013,Marcelo de Lima Henrique  (RJ),28.225
2013,27,Cruzeiro,São Paulo,0,2,09/10/2013,Jailson Macedo Freitas (BA),40.743
2013,27,Náutico,Botafogo,1,3,09/10/2013,Marcos André Gomes da Penha,6.658
2013,27,Vasco da Gama,Fluminense,1,0,09/10/2013,Wagner do Nascimento Magalhães,8.245
2013,27,Corinthians,Atlético-PR,0,0,09/10/2013,Leandro Pedro Vuaden,15.581
2013,27,Portuguesa,Goiás,1,2,10/10/2013,Rodrigo Batista Raposo,3.353
2013,27,Flamengo,Internacional,2,1,10/10/2013,Raphael Claus,24.864
2013,28,Fluminense,Grêmio,1,1,12/10/2013,Alício Pena Junior,19.556
2013,28,Vitória,Coritiba,2,1,12/10/2013,Francisco de Assis Almeida Filho (CE),9.415
2013,28,Santos,Ponte Preta,2,1,12/10/2013,Marcelo Aparecido Ribeiro de Souza,7.230
2013,28,Criciúma,Vasco da Gama,3,2,13/10/2013,André Luiz de Freitas Castro,13.158
2013,28,São Paulo,Corinthians,0,0,13/10/2013,Wilson Luiz Seneme,50.282
2013,28,Internacional,Náutico,4,1,13/10/2013,Emerson de Almeida Ferreira,3.672
2013,28,Atlético-MG,Cruzeiro,1,0,13/10/2013,Luiz Flávio de Oliveira (SP),15.368
2013,28,Atlético-PR,Portuguesa,1,0,13/10/2013,Dewson Fernando Freitas da Silva,10.663
2013,28,Botafogo,Flamengo,2,1,13/10/2013,Grazianni Maciel Rocha,31.720
2013,28,Goiás,Bahia,3,1,13/10/2013,Raphael Claus,8.561
2013,29,Santos,Internacional,0,0,16/10/2013,André Luiz de Freitas Castro,3.486
2013,29,Cruzeiro,Fluminense,1,0,16/10/2013,Paulo Henrique de Godoy Bezerra (SC),31.564
2013,29,Criciúma,Portuguesa,1,3,16/10/2013,Cleisson Veloso Pereira,11.377
2013,29,São Paulo,Náutico,3,0,16/10/2013,Elmo Alves Resende Cunha (GO),14.942
2013,29,Ponte Preta,Coritiba,1,0,16/10/2013,Fabrício Neves Corrêa,3.104
2013,29,Atlético-PR,Atlético-MG,1,0,16/10/2013,Celio Amorim,6.811
2013,29,Flamengo,Bahia,2,1,16/10/2013,Wilton Sampaio,12.443
2013,29,Grêmio,Corinthians,1,0,16/10/2013,Sandro Ricci,15.352
2013,29,Vasco da Gama,Goiás,0,2,17/10/2013,Wilson Luiz Seneme,7.766
2013,29,Vitória,Botafogo,1,0,17/10/2013,Alício Pena Junior,17.086
2013,30,Fluminense,Ponte Preta,1,1,19/10/2013,Ricardo Marques Ribeiro (MG),20.791
2013,30,Náutico,Santos,1,5,19/10/2013,Rodrigo Nunes de Sá,5.452
2013,30,Corinthians,Criciúma,1,0,19/10/2013,Anderson Daronco,14.788
2013,30,Bahia,São Paulo,0,1,20/10/2013,Sandro Ricci,24.765
2013,30,Atlético-MG,Flamengo,1,0,20/10/2013,Leandro Pedro Vuaden,14.203
2013,30,Internacional,Grêmio,2,2,20/10/2013,Marcelo de Lima Henrique  (RJ),15.273
2013,30,Goiás,Atlético-PR,3,0,20/10/2013,Péricles Bassols Pegado Cortez (RJ),13.713
2013,30,Coritiba,Cruzeiro,2,1,20/10/2013,Jailson Macedo Freitas (BA),14.402
2013,30,Botafogo,Vasco da Gama,2,2,20/10/2013,Wilton Sampaio,15.152
2013,30,Portuguesa,Vitória,1,1,20/10/2013,Edivaldo Elias da Silva,3.687
2013,31,Cruzeiro,Criciúma,5,3,26/10/2013,Wilton Sampaio,38.378
2013,31,Botafogo,Atlético-MG,1,0,26/10/2013,Márcio Chagas da Silva,10.743
2013,31,Corinthians,Santos,1,1,27/10/2013,Leandro Pedro Vuaden,17.949
2013,31,Portuguesa,Flamengo,0,0,27/10/2013,Anderson Daronco,21.967
2013,31,Ponte Preta,Vasco da Gama,2,1,27/10/2013,Sandro Ricci,13.349
2013,31,Bahia,Atlético-PR,1,1,27/10/2013,Franscisco Carlos do Nascimento,6.415
2013,31,Internacional,São Paulo,2,3,27/10/2013,Péricles Bassols Pegado Cortez (RJ),5.603
2013,31,Náutico,Goiás,0,2,27/10/2013,Emerson de Almeida Ferreira,3.558
2013,31,Coritiba,Grêmio,4,0,27/10/2013,André Luiz de Freitas Castro,19.203
2013,31,Fluminense,Vitória,2,3,27/10/2013,Fabrício Neves Corrêa,29.350
2013,32,Vasco da Gama,Coritiba,2,1,02/11/2013,Márcio Chagas da Silva,6.615
2013,32,São Paulo,Portuguesa,2,1,02/11/2013,André Luiz de Freitas Castro,50.802
2013,32,Atlético-MG,Náutico,5,0,02/11/2013,Wagner Reway,13.255
2013,32,Goiás,Botafogo,1,0,03/11/2013,Sandro Ricci,9.295
2013,32,Grêmio,Bahia,0,0,03/11/2013,Alício Pena Junior,16.227
2013,32,Vitória,Corinthians,1,1,03/11/2013,Jean Pierre Goncalves Lima,33.852
2013,32,Santos,Cruzeiro,0,1,03/11/2013,Marcelo de Lima Henrique  (RJ),9.460
2013,32,Criciúma,Ponte Preta,1,1,03/11/2013,Ricardo Marques Ribeiro (MG),9.559
2013,32,Flamengo,Fluminense,1,0,03/11/2013,Leandro Pedro Vuaden,32.063
2013,32,Atlético-PR,Internacional,1,0,03/11/2013,Luiz Flávio de Oliveira (SP),6.533
2013,33,Portuguesa,Coritiba,0,0,09/11/2013,Ricardo Marques Ribeiro (MG),3.781
2013,33,Bahia,Atlético-MG,0,0,09/11/2013,Márcio Chagas da Silva,32.683
2013,33,Flamengo,Goiás,1,1,09/11/2013,Jailson Macedo Freitas (BA),14.798
2013,33,Atlético-PR,São Paulo,3,0,10/11/2013,Paulo Henrique de Godoy Bezerra (SC),12.754
2013,33,Internacional,Botafogo,2,1,10/11/2013,Héber Lopes,10.969
2013,33,Ponte Preta,Vitória,0,3,10/11/2013,Leandro Pedro Vuaden,15.666
2013,33,Cruzeiro,Grêmio,3,0,10/11/2013,Wilson Luiz Seneme,56.854
2013,33,Corinthians,Fluminense,1,0,10/11/2013,André Luiz de Freitas Castro,14.438
2013,33,Náutico,Criciúma,0,1,10/11/2013,Franscisco Carlos do Nascimento,2.797
2013,33,Vasco da Gama,Santos,2,2,10/11/2013,Wilton Sampaio,56.756
2013,34,Grêmio,Vasco da Gama,1,0,13/11/2013,Franscisco Carlos do Nascimento,16.863
2013,34,Goiás,Ponte Preta,2,0,13/11/2013,Cláudio Luciano Mercante Júnior (PE),6.192
2013,34,Criciúma,Atlético-PR,2,1,13/11/2013,Francisco de Assis Almeida Filho (CE),9.008
2013,34,Botafogo,Portuguesa,0,0,13/11/2013,Emerson de Almeida Ferreira,10.363
2013,34,São Paulo,Flamengo,2,0,13/11/2013,Alício Pena Junior,15.636
2013,34,Vitória,Cruzeiro,1,3,13/11/2013,Paulo Henrique de Godoy Bezerra (SC),25.002
2013,34,Coritiba,Corinthians,0,1,13/11/2013,Leandro Pedro Vuaden,17.416
2013,34,Santos,Bahia,3,0,14/11/2013,Felipe Gomes da Silva,13.597
2013,34,Fluminense,Náutico,2,0,14/11/2013,Marcos André Gomes da Penha,30.844
2013,34,Atlético-MG,Internacional,2,1,14/11/2013,Marcelo de Lima Henrique  (RJ),12.451
2013,35,Botafogo,Atlético-PR,4,0,16/11/2013,Wilson Luiz Seneme,14.147
2013,35,Coritiba,Criciúma,1,2,16/11/2013,Cleisson Veloso Pereira,5.510
2013,35,Corinthians,Vasco da Gama,0,0,17/11/2013,Ricardo Marques Ribeiro (MG),19.207
2013,35,Fluminense,São Paulo,2,1,17/11/2013,Márcio Chagas da Silva,37.310
2013,35,Cruzeiro,Ponte Preta,2,2,17/11/2013,Claudio Francisco Lima e Silva,13.168
2013,35,Vitória,Santos,2,0,17/11/2013,Sandro Ricci,13.738
2013,35,Grêmio,Flamengo,2,1,17/11/2013,Héber Lopes,17.097
2013,35,Portuguesa,Atlético-MG,2,0,17/11/2013,Jean Pierre Goncalves Lima,2.867
2013,35,Goiás,Internacional,3,1,17/11/2013,Wagner Reway,8.263
2013,35,Náutico,Bahia,0,1,17/11/2013,Elmo Alves Resende Cunha (GO),2.721
2013,36,Criciúma,Vitória,1,1,23/11/2013,Wilson Luiz Seneme,9.824
2013,36,Vasco da Gama,Cruzeiro,2,1,23/11/2013,Marcos André Gomes da Penha,38.654
2013,36,Atlético-MG,Goiás,4,1,23/11/2013,Luiz Flávio de Oliveira (SP),10.128
2013,36,Santos,Fluminense,1,0,24/11/2013,Francisco Carlos do Nascimento,4.369
2013,36,Atlético-PR,Náutico,6,1,24/11/2013,Arilson Bispo da Anunciação,2.472
2013,36,Flamengo,Corinthians,1,0,24/11/2013,Fabrício Neves Corrêa,23.284
2013,36,Ponte Preta,Grêmio,1,1,24/11/2013,Dewson Fernando Freitas da Silva,4.111
2013,36,São Paulo,Botafogo,1,1,24/11/2013,Paulo Henrique de Godoy Bezerra (SC),12.692
2013,36,Internacional,Coritiba,0,0,24/11/2013,Emerson de Almeida Ferreira,11.195
2013,36,Bahia,Portuguesa,1,0,24/11/2013,Ricardo Marques Ribeiro (MG),31.025
2013,37,Fluminense,Atlético-MG,2,2,30/11/2013,Marcos André Gomes da Penha,44.699
2013,37,Corinthians,Internacional,0,0,30/11/2013,Felipe Gomes da Silva,33.201
2013,37,Cruzeiro,Bahia,1,2,01/12/2013,André Luiz de Freitas Castro,48.112
2013,37,Coritiba,Botafogo,2,1,01/12/2013,Ricardo Marques Ribeiro (MG),17.169
2013,37,Vasco da Gama,Náutico,2,0,01/12/2013,Anderson Daronco,55.914
2013,37,Ponte Preta,Portuguesa,0,2,01/12/2013,Márcio Chagas da Silva,2.390
2013,37,Criciúma,São Paulo,1,0,01/12/2013,Francisco Carlos do Nascimento,18.081
2013,37,Vitória,Flamengo,4,2,01/12/2013,Paulo César de Oliveira,25.148
2013,37,Santos,Atlético-PR,2,1,01/12/2013,Wagner Reway,11.431
2013,37,Grêmio,Goiás,1,0,01/12/2013,Héber Lopes,23.910
2013,38,Flamengo,Cruzeiro,1,1,07/12/2013,Paulo Henrique de Godoy Bezerra (SC),41.272
2013,38,Náutico,Corinthians,1,0,07/12/2013,Elmo Alves Resende Cunha (GO),9.716
2013,38,Portuguesa,Grêmio,0,0,08/12/2013,Emerson de Almeida Ferreira,4.384
2013,38,São Paulo,Coritiba,0,1,08/12/2013,Pablo dos Santos Alves,9.220
2013,38,Atlético-PR,Vasco da Gama,5,1,08/12/2013,Ricardo Marques Ribeiro (MG),8.978
2013,38,Bahia,Fluminense,1,2,08/12/2013,Leandro Pedro Vuaden,40.249
2013,38,Goiás,Santos,0,3,08/12/2013,Jean Pierre Goncalves Lima,25.238
2013,38,Botafogo,Criciúma,3,0,08/12/2013,Paulo César de Oliveira,34.354
2013,38,Atlético-MG,Vitória,2,2,08/12/2013,Héber Lopes,22.315
2013,38,Internacional,Ponte Preta,0,0,08/12/2013,Alício Pena Junior,12.244
