ano,rodada,clube_mandante,clube_visitante,gols_mandante,gols_visitante,data,juiz,publico
2020,1,Coritiba,Internacional,0,1,08/08/2020,Bruno Arleu de Araújo,Bruno
2020,1,Sport,Ceará,3,2,08/08/2020,Edina Alves Batista,Edina
2020,1,Flamengo,Atlético-MG,0,1,09/08/2020,Raphael Claus,Raphael
2020,1,Santos,Bragantino,1,1,09/08/2020,Ricardo Marques Ribeiro (MG),Ricardo
2020,1,Grêmio,Fluminense,1,0,09/08/2020,Wilton Sampaio,Wilton
2020,1,Fortaleza,Athletico-PR,0,2,09/08/2020,Braulio da Silva Machado,Braulio
2020,1,Botafogo,Bahia,1,2,30/09/2020,Savio Pereira Sampaio,Savio
2020,1,Corinthians,Atlético-GO,0,0,30/09/2020,Paulo Roberto Alves Júnior,Paulo
2020,1,Goiás,São Paulo,0,3,03/12/2020,Caio Max Augusto Vieira,Caio
2020,1,Palmeiras,Vasco da Gama,1,1,26/01/2021,Anderson Daronco,Anderson
2020,2,Atlético-MG,Corinthians,3,2,11/08/2020,Wagner do Nascimento Magalhães,Wagner
2020,2,Athletico-PR,Goiás,2,1,11/08/2020,Diego Pombo Lopez,Diego
2020,2,Bragantino,Botafogo,1,1,11/08/2020,André Luiz de Freitas Castro,André
2020,2,Atlético-GO,Flamengo,3,0,11/08/2020,Luiz Flávio de Oliveira (SP),Luiz
2020,2,Bahia,Coritiba,1,0,12/08/2020,Flavio Rodrigues de Souza,Flavio
2020,2,Fluminense,Palmeiras,1,1,12/08/2020,Rafael Traci,Rafael
2020,2,Ceará,Grêmio,1,1,12/08/2020,Caio Max Augusto Vieira,Caio
2020,2,São Paulo,Fortaleza,1,0,13/08/2020,Leandro Pedro Vuaden,Leandro
2020,2,Internacional,Santos,2,0,13/08/2020,Marcelo de Lima Henrique  (RJ),Marcelo
2020,2,Vasco da Gama,Sport,2,0,13/08/2020,Rodolpho Toski Marques,Rodolpho
2020,3,Grêmio,Corinthians,0,0,15/08/2020,Bruno Arleu de Araújo,Bruno
2020,3,Coritiba,Flamengo,0,1,15/08/2020,Rodrigo D'Alonso Ferreira,Rodrigo
2020,3,Palmeiras,Goiás,1,1,15/08/2020,Paulo Roberto Alves Júnior,Paulo
2020,3,Atlético-MG,Ceará,2,0,16/08/2020,Savio Pereira Sampaio,Savio
2020,3,Vasco da Gama,São Paulo,2,1,16/08/2020,Wilton Sampaio,Wilton
2020,3,Bahia,Bragantino,2,1,16/08/2020,Felipe Fernandes,Felipe
2020,3,Fluminense,Internacional,2,1,16/08/2020,Raphael Claus,Raphael
2020,3,Atlético-GO,Sport,1,1,16/08/2020,Grazianni Maciel Rocha,Grazianni
2020,3,Fortaleza,Botafogo,0,0,16/08/2020,Marielson Alves Silva,Marielson
2020,3,Santos,Athletico-PR,3,1,16/08/2020,Anderson Daronco,Anderson
2020,4,Flamengo,Grêmio,1,1,19/08/2020,Rafael Traci,Rafael
2020,4,Bragantino,Fluminense,2,1,19/08/2020,Jean Pierre Goncalves Lima,Jean
2020,4,Athletico-PR,Palmeiras,0,1,19/08/2020,Caio Max Augusto Vieira,Caio
2020,4,Internacional,Atlético-GO,3,0,19/08/2020,Wagner Reway,Wagner
2020,4,Goiás,Fortaleza,1,3,19/08/2020,Dyorgines Jose Padovani,Dyorgines
2020,4,Corinthians,Coritiba,3,1,19/08/2020,Braulio da Silva Machado,Braulio
2020,4,Botafogo,Atlético-MG,2,1,19/08/2020,Flavio Rodrigues de Souza,Flavio
2020,4,Sport,Santos,0,1,20/08/2020,Jose Mendonça,Jose
2020,4,São Paulo,Bahia,1,1,20/08/2020,Rodrigo Carvalhaes de Miranda,Rodrigo
2020,4,Ceará,Vasco da Gama,0,3,20/08/2020,Thiago Duarte Peixoto,Thiago
2020,5,Athletico-PR,Fluminense,0,1,22/08/2020,Daniel Nobre Bins,Daniel
2020,5,Internacional,Atlético-MG,1,0,22/08/2020,Luiz Flávio de Oliveira (SP),Luiz
2020,5,Goiás,Atlético-GO,2,0,22/08/2020,Wilton Sampaio,Wilton
2020,5,Flamengo,Botafogo,1,1,23/08/2020,Leandro Pedro Vuaden,Leandro
2020,5,Bragantino,Coritiba,1,2,23/08/2020,Gilberto Rodrigues Castro Junior,Gilberto
2020,5,Vasco da Gama,Grêmio,0,0,23/08/2020,Savio Pereira Sampaio,Savio
2020,5,Palmeiras,Santos,2,1,23/08/2020,Vinicius Gonçalves Dias Araujo,Vinicius
2020,5,Sport,São Paulo,0,1,23/08/2020,Rodrigo D'Alonso Ferreira,Rodrigo
2020,5,Ceará,Bahia,2,0,23/08/2020,Wagner do Nascimento Magalhães,Wagner
2020,5,Corinthians,Fortaleza,1,1,26/08/2020,Rodolpho Toski Marques,Rodolpho
2020,6,Botafogo,Internacional,0,2,29/08/2020,Thiago Duarte Peixoto,Thiago
2020,6,Fluminense,Vasco da Gama,2,1,29/08/2020,Braulio da Silva Machado,Braulio
2020,6,Bahia,Palmeiras,1,1,29/08/2020,Bruno Arleu de Araújo,Bruno
2020,6,Fortaleza,Bragantino,3,0,29/08/2020,Rafael Traci,Rafael
2020,6,São Paulo,Corinthians,2,1,30/08/2020,Flavio Rodrigues de Souza,Flavio
2020,6,Coritiba,Sport,1,0,30/08/2020,Raphael Claus,Raphael
2020,6,Santos,Flamengo,0,1,30/08/2020,Wilton Sampaio,Wilton
2020,6,Atlético-GO,Ceará,0,2,30/08/2020,Igor Junior Benevenuto,Igor
2020,6,Atlético-MG,Athletico-PR,0,2,18/11/2020,Dyorgines Jose Padovani,Dyorgines
2020,6,Grêmio,Goiás,2,1,30/11/2020,Savio Pereira Sampaio,Savio
2020,7,Ceará,Fortaleza,1,0,02/09/2020,Luiz Flávio de Oliveira (SP),Luiz
2020,7,Goiás,Corinthians,1,2,02/09/2020,Jose Mendonça,Jose
2020,7,Fluminense,Atlético-GO,1,1,02/09/2020,Marielson Alves Silva,Marielson
2020,7,Botafogo,Coritiba,0,0,02/09/2020,Felipe Fernandes,Felipe
2020,7,Athletico-PR,Bragantino,1,1,02/09/2020,Wagner do Nascimento Magalhães,Wagner
2020,7,Bahia,Flamengo,3,5,02/09/2020,Savio Pereira Sampaio,Savio
2020,7,Santos,Vasco da Gama,2,2,02/09/2020,Rodrigo D'Alonso Ferreira,Rodrigo
2020,7,Palmeiras,Internacional,1,1,02/09/2020,Wilton Sampaio,Wilton
2020,7,Grêmio,Sport,1,2,03/09/2020,Dyorgines Jose Padovani,Dyorgines
2020,7,Atlético-MG,São Paulo,3,0,03/09/2020,Jean Pierre Goncalves Lima,Jean
2020,8,Flamengo,Fortaleza,2,1,05/09/2020,Flavio Rodrigues de Souza,Flavio
2020,8,Corinthians,Botafogo,2,2,05/09/2020,Rafael Traci,Rafael
2020,8,Ceará,Santos,0,1,05/09/2020,Wagner Reway,Wagner
2020,8,Bragantino,Palmeiras,1,2,06/09/2020,Marcelo de Lima Henrique  (RJ),Marcelo
2020,8,São Paulo,Fluminense,3,1,06/09/2020,Paulo Roberto Alves Júnior,Paulo
2020,8,Internacional,Bahia,2,2,06/09/2020,Braulio da Silva Machado,Braulio
2020,8,Vasco da Gama,Athletico-PR,1,0,06/09/2020,Raphael Claus,Raphael
2020,8,Atlético-GO,Grêmio,1,1,06/09/2020,Ricardo Marques Ribeiro (MG),Ricardo
2020,8,Sport,Goiás,2,1,06/09/2020,Vinicius Gomes,Vinicius
2020,8,Coritiba,Atlético-MG,0,1,06/09/2020,Diego Pombo Lopez,Diego
2020,9,Athletico-PR,Botafogo,1,1,09/09/2020,Vinicius Gonçalves Dias Araujo,Vinicius
2020,9,Goiás,Coritiba,3,3,09/09/2020,Caio Max Augusto Vieira,Caio
2020,9,Fortaleza,Sport,1,0,09/09/2020,Felipe Fernandes,Felipe
2020,9,São Paulo,Bragantino,1,1,09/09/2020,Savio Pereira Sampaio,Savio
2020,9,Fluminense,Flamengo,1,2,09/09/2020,Raphael Claus,Raphael
2020,9,Santos,Atlético-MG,3,1,09/09/2020,Wagner do Nascimento Magalhães,Wagner
2020,9,Corinthians,Palmeiras,0,2,10/09/2020,Leandro Pedro Vuaden,Leandro
2020,9,Bahia,Grêmio,0,2,10/09/2020,Jose Mendonça,Jose
2020,9,Internacional,Ceará,2,0,10/09/2020,Rodrigo D'Alonso Ferreira,Rodrigo
2020,9,Vasco da Gama,Atlético-GO,1,2,10/09/2020,Héber Lopes,Héber
2020,10,Athletico-PR,Coritiba,1,0,12/09/2020,Jean Pierre Goncalves Lima,Jean
2020,10,Santos,São Paulo,2,2,12/09/2020,Luiz Flávio de Oliveira (SP),Luiz
2020,10,Fluminense,Corinthians,2,1,13/09/2020,Braulio da Silva Machado,Braulio
2020,10,Grêmio,Fortaleza,1,1,13/09/2020,Igor Junior Benevenuto,Igor
2020,10,Goiás,Internacional,1,0,13/09/2020,Flavio Rodrigues de Souza,Flavio
2020,10,Atlético-MG,Bragantino,2,1,13/09/2020,Ramon Abatti,Ramon
2020,10,Ceará,Flamengo,2,0,13/09/2020,Marielson Alves Silva,Marielson
2020,10,Bahia,Atlético-GO,0,1,13/09/2020,Vinicius Gomes,Vinicius
2020,10,Palmeiras,Sport,2,2,13/09/2020,Diego Pombo Lopez,Diego
2020,10,Botafogo,Vasco da Gama,2,3,13/09/2020,Wilton Sampaio,Wilton
2020,11,São Paulo,Athletico-PR,1,0,26/08/2020,Marcelo de Lima Henrique  (RJ),Marcelo
2020,11,Corinthians,Bahia,3,2,16/09/2020,Wagner do Nascimento Magalhães,Wagner
2020,11,Bragantino,Ceará,4,2,19/09/2020,Jefferson Ferreira Moraes,Jefferson
2020,11,Fortaleza,Internacional,1,0,19/09/2020,Marielson Alves Silva,Marielson
2020,11,Atlético-GO,Atlético-MG,3,4,19/09/2020,Edina Alves Batista,Edina
2020,11,Coritiba,Vasco da Gama,1,0,20/09/2020,Luiz Flávio de Oliveira (SP),Luiz
2020,11,Grêmio,Palmeiras,1,1,20/09/2020,Rodrigo D'Alonso Ferreira,Rodrigo
2020,11,Botafogo,Santos,0,0,20/09/2020,Jose Mendonça,Jose
2020,11,Sport,Fluminense,1,0,20/09/2020,Leandro Pedro Vuaden,Leandro
2020,11,Flamengo,Goiás,2,1,13/10/2020,Paulo Roberto Alves Júnior,Paulo
2020,12,Sport,Corinthians,1,0,23/09/2020,Wilton Sampaio,Wilton
2020,12,Athletico-PR,Bahia,1,0,26/09/2020,Ricardo Marques Ribeiro (MG),Ricardo
2020,12,Internacional,São Paulo,1,1,26/09/2020,Marcelo de Lima Henrique  (RJ),Marcelo
2020,12,Atlético-MG,Grêmio,3,1,26/09/2020,Caio Max Augusto Vieira,Caio
2020,12,Vasco da Gama,Bragantino,1,1,27/09/2020,Rodolpho Toski Marques,Rodolpho
2020,12,Palmeiras,Flamengo,1,1,27/09/2020,Jean Pierre Goncalves Lima,Jean
2020,12,Atlético-GO,Botafogo,1,1,27/09/2020,Leandro Pedro Vuaden,Leandro
2020,12,Ceará,Goiás,2,2,27/09/2020,Ramon Abatti,Ramon
2020,12,Santos,Fortaleza,1,1,27/09/2020,Héber Lopes,Héber
2020,12,Fluminense,Coritiba,4,0,28/09/2020,Vinicius Gonçalves Dias Araujo,Vinicius
2020,13,Grêmio,Internacional,1,1,03/10/2020,Raphael Claus,Raphael
2020,13,Palmeiras,Ceará,2,1,03/10/2020,Bruno Arleu de Araújo,Bruno
2020,13,Bragantino,Corinthians,0,0,03/10/2020,Edina Alves Batista,Edina
2020,13,Botafogo,Fluminense,1,1,04/10/2020,Anderson Daronco,Anderson
2020,13,Flamengo,Athletico-PR,3,1,04/10/2020,Rodrigo D'Alonso Ferreira,Rodrigo
2020,13,Coritiba,São Paulo,1,1,04/10/2020,Wagner do Nascimento Magalhães,Wagner
2020,13,Bahia,Sport,1,2,04/10/2020,Rafael Traci,Rafael
2020,13,Fortaleza,Atlético-GO,0,0,04/10/2020,Jose Mendonça,Jose
2020,13,Goiás,Santos,2,3,04/10/2020,Marielson Alves Silva,Marielson
2020,13,Atlético-MG,Vasco da Gama,4,1,04/10/2020,Leandro Pedro Vuaden,Leandro
2020,14,Corinthians,Santos,1,1,07/10/2020,Marcelo de Lima Henrique  (RJ),Marcelo
2020,14,Flamengo,Sport,3,0,07/10/2020,Caio Max Augusto Vieira,Caio
2020,14,Grêmio,Coritiba,2,1,07/10/2020,Ramon Abatti,Ramon
2020,14,Bahia,Vasco da Gama,3,0,07/10/2020,Jean Pierre Goncalves Lima,Jean
2020,14,São Paulo,Atlético-GO,3,0,07/10/2020,Dyorgines Jose Padovani,Dyorgines
2020,14,Goiás,Fluminense,2,4,07/10/2020,Luiz Flávio de Oliveira (SP),Luiz
2020,14,Botafogo,Palmeiras,2,1,07/10/2020,Rodolpho Toski Marques,Rodolpho
2020,14,Fortaleza,Atlético-MG,2,1,07/10/2020,Savio Pereira Sampaio,Savio
2020,14,Athletico-PR,Ceará,0,0,08/10/2020,Wilton Sampaio,Wilton
2020,14,Bragantino,Internacional,0,2,08/10/2020,Felipe Fernandes,Felipe
2020,15,Vasco da Gama,Flamengo,1,2,10/10/2020,Flavio Rodrigues de Souza,Flavio
2020,15,Coritiba,Fortaleza,0,0,10/10/2020,Ricardo Marques Ribeiro (MG),Ricardo
2020,15,Palmeiras,São Paulo,0,2,10/10/2020,Leandro Pedro Vuaden,Leandro
2020,15,Atlético-MG,Goiás,3,0,10/10/2020,Vinicius Gonçalves Dias Araujo,Vinicius
2020,15,Santos,Grêmio,2,1,11/10/2020,Braulio da Silva Machado,Braulio
2020,15,Fluminense,Bahia,1,0,11/10/2020,Jose Mendonça,Jose
2020,15,Sport,Botafogo,1,2,11/10/2020,Rodrigo D'Alonso Ferreira,Rodrigo
2020,15,Atlético-GO,Bragantino,2,1,11/10/2020,Héber Lopes,Héber
2020,15,Ceará,Corinthians,2,1,11/10/2020,Anderson Daronco,Anderson
2020,15,Internacional,Athletico-PR,2,1,11/10/2020,Bruno Arleu de Araújo,Bruno
2020,16,Palmeiras,Coritiba,1,3,14/10/2020,Jefferson Ferreira Moraes,Jefferson
2020,16,Grêmio,Botafogo,3,1,14/10/2020,Luiz Flávio de Oliveira (SP),Luiz
2020,16,Santos,Atlético-GO,0,1,14/10/2020,Igor Junior Benevenuto,Igor
2020,16,Athletico-PR,Corinthians,0,1,14/10/2020,Savio Pereira Sampaio,Savio
2020,16,Atlético-MG,Fluminense,1,1,14/10/2020,Raphael Claus,Raphael
2020,16,Sport,Internacional,3,5,14/10/2020,Wagner do Nascimento Magalhães,Wagner
2020,16,Flamengo,Bragantino,1,1,15/10/2020,Daniel Nobre Bins,Daniel
2020,16,Goiás,Bahia,1,1,16/10/2020,Rodrigo Carvalhaes de Miranda,Rodrigo
2020,16,Vasco da Gama,Fortaleza,0,0,19/11/2020,Jean Pierre Goncalves Lima,Jean
2020,16,Ceará,São Paulo,adiado,adiado,25/11/2020,Wagner do Nascimento Magalhães,Wagner
2020,17,Fluminense,Ceará,2,2,17/10/2020,Gilberto Rodrigues Castro Junior,Gilberto
2020,17,Coritiba,Santos,1,2,17/10/2020,Bruno Arleu de Araújo,Bruno
2020,17,Atlético-GO,Athletico-PR,1,1,17/10/2020,Pablo Ramón Goncalves Pinheiro,Pablo
2020,17,São Paulo,Grêmio,0,0,17/10/2020,Rafael Traci,Rafael
2020,17,Corinthians,Flamengo,1,5,18/10/2020,Leandro Pedro Vuaden,Leandro
2020,17,Internacional,Vasco da Gama,2,0,18/10/2020,Braulio da Silva Machado,Braulio
2020,17,Bragantino,Sport,2,0,18/10/2020,Ricardo Marques Ribeiro (MG),Ricardo
2020,17,Fortaleza,Palmeiras,2,0,18/10/2020,Marcelo de Lima Henrique  (RJ),Marcelo
2020,17,Bahia,Atlético-MG,3,1,19/10/2020,Anderson Daronco,Anderson
2020,17,Botafogo,Goiás,0,0,19/10/2020,Edina Alves Batista,Edina
2020,18,Vasco da Gama,Corinthians,1,2,21/10/2020,Caio Max Augusto Vieira,Caio
2020,18,Bragantino,Goiás,2,0,24/10/2020,Ramon Abatti,Ramon
2020,18,Ceará,Coritiba,2,1,24/10/2020,Felipe Fernandes,Felipe
2020,18,Atlético-MG,Sport,0,0,24/10/2020,Paulo Roberto Alves Júnior,Paulo
2020,18,Fluminense,Santos,3,1,25/10/2020,Anderson Daronco,Anderson
2020,18,Atlético-GO,Palmeiras,0,3,25/10/2020,Savio Pereira Sampaio,Savio
2020,18,Athletico-PR,Grêmio,1,2,25/10/2020,Flavio Rodrigues de Souza,Flavio
2020,18,Internacional,Flamengo,2,2,25/10/2020,Wilton Sampaio,Wilton
2020,18,Bahia,Fortaleza,2,1,11/11/2020,Wagner do Nascimento Magalhães,Wagner
2020,18,São Paulo,Botafogo,4,0,09/12/2020,Ricardo Marques Ribeiro (MG),Ricardo
2020,19,Botafogo,Ceará,2,2,31/10/2020,Diego Pombo Lopez,Diego
2020,19,Coritiba,Atlético-GO,1,0,31/10/2020,Daniel Nobre Bins,Daniel
2020,19,Corinthians,Internacional,1,0,31/10/2020,Paulo Roberto Alves Júnior,Paulo
2020,19,Fortaleza,Fluminense,0,1,31/10/2020,Marielson Alves Silva,Marielson
2020,19,Flamengo,São Paulo,1,4,01/11/2020,Caio Max Augusto Vieira,Caio
2020,19,Sport,Athletico-PR,1,0,01/11/2020,Jefferson Ferreira Moraes,Jefferson
2020,19,Santos,Bahia,3,1,01/11/2020,Héber Lopes,Héber
2020,19,Goiás,Vasco da Gama,1,1,01/11/2020,Igor Junior Benevenuto,Igor
2020,19,Palmeiras,Atlético-MG,3,0,02/11/2020,Braulio da Silva Machado,Braulio
2020,19,Grêmio,Bragantino,2,1,02/11/2020,Savio Pereira Sampaio,Savio
2020,20,Ceará,Sport,0,0,07/11/2020,Ricardo Marques Ribeiro (MG),Ricardo
2020,20,Athletico-PR,Fortaleza,2,1,07/11/2020,Ramon Abatti,Ramon
2020,20,São Paulo,Goiás,2,1,07/11/2020,Gilberto Rodrigues Castro Junior,Gilberto
2020,20,Atlético-GO,Corinthians,1,1,07/11/2020,Jean Pierre Goncalves Lima,Jean
2020,20,Internacional,Coritiba,2,2,08/11/2020,Dyorgines Jose Padovani,Dyorgines
2020,20,Vasco da Gama,Palmeiras,0,1,08/11/2020,Anderson Daronco,Anderson
2020,20,Bragantino,Santos,1,1,08/11/2020,Vinicius Furlan,Vinicius
2020,20,Atlético-MG,Flamengo,4,0,08/11/2020,Savio Pereira Sampaio,Savio
2020,20,Bahia,Botafogo,1,0,08/11/2020,Jefferson Ferreira Moraes,Jefferson
2020,20,Fluminense,Grêmio,0,1,08/11/2020,Edina Alves Batista,Edina
2020,21,Sport,Vasco da Gama,0,2,14/11/2020,Héber Lopes,Héber
2020,21,Santos,Internacional,2,0,14/11/2020,Savio Pereira Sampaio,Savio
2020,21,Goiás,Athletico-PR,0,1,14/11/2020,Flavio Rodrigues de Souza,Flavio
2020,21,Coritiba,Bahia,1,2,14/11/2020,Igor Junior Benevenuto,Igor
2020,21,Corinthians,Atlético-MG,1,2,14/11/2020,Rodrigo D'Alonso Ferreira,Rodrigo
2020,21,Grêmio,Ceará,4,2,14/11/2020,Jose Mendonça,Jose
2020,21,Fortaleza,São Paulo,2,3,14/11/2020,Marcelo de Lima Henrique  (RJ),Marcelo
2020,21,Palmeiras,Fluminense,2,0,14/11/2020,Leandro Pedro Vuaden,Leandro
2020,21,Flamengo,Atlético-GO,1,1,14/11/2020,Rafael Traci,Rafael
2020,21,Botafogo,Bragantino,1,2,16/11/2020,Rodolpho Toski Marques,Rodolpho
2020,22,Bragantino,Bahia,4,0,20/11/2020,Anderson Daronco,Anderson
2020,22,Athletico-PR,Santos,1,0,21/11/2020,Marcelo de Lima Henrique  (RJ),Marcelo
2020,22,Flamengo,Coritiba,3,1,21/11/2020,Ricardo Marques Ribeiro (MG),Ricardo
2020,22,Goiás,Palmeiras,1,0,21/11/2020,Bruno Arleu de Araújo,Bruno
2020,22,Ceará,Atlético-MG,2,2,22/11/2020,Raphael Claus,Raphael
2020,22,São Paulo,Vasco da Gama,1,1,22/11/2020,Braulio da Silva Machado,Braulio
2020,22,Internacional,Fluminense,1,2,22/11/2020,Luiz Flávio de Oliveira (SP),Luiz
2020,22,Botafogo,Fortaleza,1,2,22/11/2020,Héber Lopes,Héber
2020,22,Corinthians,Grêmio,0,0,22/11/2020,Caio Max Augusto Vieira,Caio
2020,22,Sport,Atlético-GO,0,1,23/11/2020,Edina Alves Batista,Edina
2020,23,Coritiba,Corinthians,0,1,25/11/2020,Leandro Pedro Vuaden,Leandro
2020,23,Atlético-MG,Botafogo,2,1,25/11/2020,Savio Pereira Sampaio,Savio
2020,23,Fortaleza,Goiás,1,1,26/11/2020,Felipe Fernandes,Felipe
2020,23,Santos,Sport,4,2,28/11/2020,Wilton Sampaio,Wilton
2020,23,Palmeiras,Athletico-PR,3,0,28/11/2020,Anderson Daronco,Anderson
2020,23,Bahia,São Paulo,1,3,28/11/2020,Leandro Pedro Vuaden,Leandro
2020,23,Atlético-GO,Internacional,0,0,28/11/2020,Ramon Abatti,Ramon
2020,23,Vasco da Gama,Ceará,1,4,30/11/2020,Luiz Flávio de Oliveira (SP),Luiz
2020,23,Fluminense,Bragantino,0,0,30/11/2020,Dyorgines Jose Padovani,Dyorgines
2020,23,Grêmio,Flamengo,2,4,28/01/2021,Rodolpho Toski Marques,Rodolpho
2020,24,Fortaleza,Corinthians,0,0,02/12/2020,Braulio da Silva Machado,Braulio
2020,24,Botafogo,Flamengo,0,1,05/12/2020,Anderson Daronco,Anderson
2020,24,Santos,Palmeiras,2,2,05/12/2020,Flavio Rodrigues de Souza,Flavio
2020,24,Fluminense,Athletico-PR,3,1,05/12/2020,Ramon Abatti,Ramon
2020,24,Bahia,Ceará,0,2,05/12/2020,Jean Pierre Goncalves Lima,Jean
2020,24,Coritiba,Bragantino,0,0,05/12/2020,Jefferson Ferreira Moraes,Jefferson
2020,24,Grêmio,Vasco da Gama,4,0,06/12/2020,Raphael Claus,Raphael
2020,24,São Paulo,Sport,1,0,06/12/2020,Felipe Fernandes,Felipe
2020,24,Atlético-MG,Internacional,2,2,06/12/2020,Bruno Arleu de Araújo,Bruno
2020,24,Atlético-GO,Goiás,0,1,07/12/2020,Marcelo de Lima Henrique  (RJ),Marcelo
2020,25,Athletico-PR,Atlético-MG,0,1,12/12/2020,Vinicius Gonçalves Dias Araujo,Vinicius
2020,25,Bragantino,Fortaleza,2,1,12/12/2020,Héber Lopes,Héber
2020,25,Internacional,Botafogo,2,1,12/12/2020,Caio Max Augusto Vieira,Caio
2020,25,Palmeiras,Bahia,3,0,12/12/2020,Rafael Traci,Rafael
2020,25,Ceará,Atlético-GO,1,2,12/12/2020,Leandro Pedro Vuaden,Leandro
2020,25,Goiás,Grêmio,0,0,12/12/2020,Edina Alves Batista,Edina
2020,25,Flamengo,Santos,4,1,13/12/2020,Paulo Roberto Alves Júnior,Paulo
2020,25,Sport,Coritiba,1,0,13/12/2020,Marcelo de Lima Henrique  (RJ),Marcelo
2020,25,Corinthians,São Paulo,1,0,13/12/2020,Raphael Claus,Raphael
2020,25,Vasco da Gama,Fluminense,1,1,13/12/2020,Rodolpho Toski Marques,Rodolpho
2020,26,São Paulo,Atlético-MG,3,0,16/12/2020,Wilton Sampaio,Wilton
2020,26,Atlético-GO,Fluminense,2,1,16/12/2020,Rodrigo D'Alonso Ferreira,Rodrigo
2020,26,Sport,Grêmio,1,1,19/12/2020,Jose Mendonça,Jose
2020,26,Fortaleza,Ceará,0,2,19/12/2020,Anderson Daronco,Anderson
2020,26,Coritiba,Botafogo,1,2,19/12/2020,Luiz Flávio de Oliveira (SP),Luiz
2020,26,Internacional,Palmeiras,2,0,19/12/2020,Savio Pereira Sampaio,Savio
2020,26,Bragantino,Athletico-PR,0,1,20/12/2020,Braulio da Silva Machado,Braulio
2020,26,Vasco da Gama,Santos,1,0,20/12/2020,Ricardo Marques Ribeiro (MG),Ricardo
2020,26,Flamengo,Bahia,4,3,20/12/2020,Flavio Rodrigues de Souza,Flavio
2020,26,Corinthians,Goiás,2,1,21/12/2020,Bruno Arleu de Araújo,Bruno
2020,27,Atlético-MG,Coritiba,2,0,26/12/2020,Dyorgines Jose Padovani,Dyorgines
2020,27,Goiás,Sport,1,0,26/12/2020,Braulio da Silva Machado,Braulio
2020,27,Fortaleza,Flamengo,0,0,26/12/2020,Rafael Traci,Rafael
2020,27,Grêmio,Atlético-GO,2,1,26/12/2020,Felipe Fernandes,Felipe
2020,27,Fluminense,São Paulo,1,2,26/12/2020,Anderson Daronco,Anderson
2020,27,Botafogo,Corinthians,0,2,27/12/2020,Héber Lopes,Héber
2020,27,Bahia,Internacional,1,2,27/12/2020,Paulo Roberto Alves Júnior,Paulo
2020,27,Palmeiras,Bragantino,1,0,27/12/2020,Raphael Claus,Raphael
2020,27,Athletico-PR,Vasco da Gama,3,0,27/12/2020,Jean Pierre Goncalves Lima,Jean
2020,27,Santos,Ceará,1,1,27/12/2020,Rodolpho Toski Marques,Rodolpho
2020,28,Botafogo,Athletico-PR,0,2,06/01/2021,Rodrigo D'Alonso Ferreira,Rodrigo
2020,28,Grêmio,Bahia,2,1,06/01/2021,Ramon Abatti,Ramon
2020,28,Sport,Fortaleza,1,0,06/01/2021,Flavio Rodrigues de Souza,Flavio
2020,28,Coritiba,Goiás,1,2,06/01/2021,Wagner do Nascimento Magalhães,Wagner
2020,28,Bragantino,São Paulo,4,2,06/01/2021,Luiz Flávio de Oliveira (SP),Luiz
2020,28,Flamengo,Fluminense,1,2,06/01/2021,Leandro Pedro Vuaden,Leandro
2020,28,Ceará,Internacional,0,2,07/01/2021,Felipe Fernandes,Felipe
2020,28,Atlético-GO,Vasco da Gama,0,0,07/01/2021,Savio Pereira Sampaio,Savio
2020,28,Palmeiras,Corinthians,4,0,18/01/2021,Jean Pierre Goncalves Lima,Jean
2020,28,Atlético-MG,Santos,2,0,26/01/2021,Paulo Roberto Alves Júnior,Paulo
2020,29,Coritiba,Athletico-PR,0,0,09/01/2021,Ricardo Marques Ribeiro (MG),Ricardo
2020,29,Sport,Palmeiras,0,1,09/01/2021,Dyorgines Jose Padovani,Dyorgines
2020,29,Fortaleza,Grêmio,0,0,09/01/2021,Jefferson Ferreira Moraes,Jefferson
2020,29,Flamengo,Ceará,0,2,10/01/2021,Paulo Roberto Alves Júnior,Paulo
2020,29,São Paulo,Santos,0,1,10/01/2021,Braulio da Silva Machado,Braulio
2020,29,Internacional,Goiás,1,0,10/01/2021,Edina Alves Batista,Edina
2020,29,Atlético-GO,Bahia,1,1,10/01/2021,Anderson Daronco,Anderson
2020,29,Vasco da Gama,Botafogo,3,0,10/01/2021,Raphael Claus,Raphael
2020,29,Bragantino,Atlético-MG,2,2,11/01/2021,Caio Max Augusto Vieira,Caio
2020,29,Corinthians,Fluminense,5,0,13/01/2021,Rafael Traci,Rafael
2020,30,Palmeiras,Grêmio,1,1,15/01/2021,Bruno Arleu de Araújo,Bruno
2020,30,Fluminense,Sport,1,0,16/01/2021,Héber Lopes,Héber
2020,30,Vasco da Gama,Coritiba,0,1,16/01/2021,Flavio Rodrigues de Souza,Flavio
2020,30,Santos,Botafogo,2,1,17/01/2021,Leandro Pedro Vuaden,Leandro
2020,30,Athletico-PR,São Paulo,1,1,17/01/2021,Wilton Sampaio,Wilton
2020,30,Atlético-MG,Atlético-GO,3,1,17/01/2021,Braulio da Silva Machado,Braulio
2020,30,Ceará,Bragantino,1,2,17/01/2021,Marcelo de Lima Henrique  (RJ),Marcelo
2020,30,Internacional,Fortaleza,4,2,17/01/2021,Rodrigo D'Alonso Ferreira,Rodrigo
2020,30,Goiás,Flamengo,0,3,18/01/2021,Rodolpho Toski Marques,Rodolpho
2020,30,Bahia,Corinthians,2,1,28/01/2021,Ricardo Marques Ribeiro (MG),Ricardo
2020,31,Botafogo,Atlético-GO,1,3,20/01/2021,Ramon Abatti,Ramon
2020,31,Bahia,Athletico-PR,1,0,20/01/2021,Luiz Flávio de Oliveira (SP),Luiz
2020,31,Grêmio,Atlético-MG,1,1,20/01/2021,Raphael Claus,Raphael
2020,31,Coritiba,Fluminense,3,3,20/01/2021,Felipe Fernandes,Felipe
2020,31,Bragantino,Vasco da Gama,4,1,20/01/2021,Leandro Pedro Vuaden,Leandro
2020,31,São Paulo,Internacional,1,5,20/01/2021,Marcelo de Lima Henrique  (RJ),Marcelo
2020,31,Flamengo,Palmeiras,2,0,21/01/2021,Savio Pereira Sampaio,Savio
2020,31,Fortaleza,Santos,2,0,21/01/2021,Ricardo Marques Ribeiro (MG),Ricardo
2020,31,Goiás,Ceará,0,4,21/01/2021,Héber Lopes,Héber
2020,31,Corinthians,Sport,3,0,21/01/2021,Anderson Daronco,Anderson
2020,32,São Paulo,Coritiba,1,1,23/01/2021,Rodrigo D'Alonso Ferreira,Rodrigo
2020,32,Vasco da Gama,Atlético-MG,3,2,23/01/2021,Vinicius Gonçalves Dias Araujo,Vinicius
2020,32,Athletico-PR,Flamengo,2,1,24/01/2021,Leandro Pedro Vuaden,Leandro
2020,32,Ceará,Palmeiras,2,1,24/01/2021,Braulio da Silva Machado,Braulio
2020,32,Internacional,Grêmio,2,1,24/01/2021,Luiz Flávio de Oliveira (SP),Luiz
2020,32,Atlético-GO,Fortaleza,2,0,24/01/2021,Rafael Traci,Rafael
2020,32,Sport,Bahia,2,0,24/01/2021,Raphael Claus,Raphael
2020,32,Santos,Goiás,3,4,24/01/2021,Wagner do Nascimento Magalhães,Wagner
2020,32,Fluminense,Botafogo,2,0,24/01/2021,Edina Alves Batista,Edina
2020,32,Corinthians,Bragantino,0,2,25/01/2021,Bruno Arleu de Araújo,Bruno
2020,33,Coritiba,Grêmio,1,1,31/01/2021,Vinicius Gonçalves Dias Araujo,Vinicius
2020,33,Vasco da Gama,Bahia,0,0,31/01/2021,Wilton Sampaio,Wilton
2020,33,Atlético-GO,São Paulo,2,1,31/01/2021,Braulio da Silva Machado,Braulio
2020,33,Atlético-MG,Fortaleza,2,0,31/01/2021,Leandro Pedro Vuaden,Leandro
2020,33,Internacional,Bragantino,2,1,31/01/2021,Savio Pereira Sampaio,Savio
2020,33,Ceará,Athletico-PR,0,2,31/01/2021,Rodrigo D'Alonso Ferreira,Rodrigo
2020,33,Fluminense,Goiás,3,0,31/01/2021,Raphael Claus,Raphael
2020,33,Sport,Flamengo,0,3,01/02/2021,Rafael Traci,Rafael
2020,33,Palmeiras,Botafogo,1,1,02/02/2021,Felipe Fernandes,Felipe
2020,33,Santos,Corinthians,1,0,17/02/2021,Vinicius Gonçalves Dias Araujo,Vinicius
2020,34,Grêmio,Santos,3,3,03/02/2021,Wilton Sampaio,Wilton
2020,34,Bragantino,Atlético-GO,2,0,03/02/2021,Paulo Roberto Alves Júnior,Paulo
2020,34,Bahia,Fluminense,0,1,03/02/2021,Flavio Rodrigues de Souza,Flavio
2020,34,Corinthians,Ceará,2,1,03/02/2021,Héber Lopes,Héber
2020,34,Goiás,Atlético-MG,1,0,03/02/2021,Bruno Arleu de Araújo,Bruno
2020,34,Fortaleza,Coritiba,3,1,04/02/2021,Anderson Daronco,Anderson
2020,34,Flamengo,Vasco da Gama,2,0,04/02/2021,Raphael Claus,Raphael
2020,34,Athletico-PR,Internacional,0,0,04/02/2021,Ricardo Marques Ribeiro (MG),Ricardo
2020,34,Botafogo,Sport,0,1,05/02/2021,Luiz Flávio de Oliveira (SP),Luiz
2020,34,São Paulo,Palmeiras,1,1,19/02/2021,Leandro Pedro Vuaden,Leandro
2020,35,Bahia,Goiás,3,3,06/02/2021,Rafael Traci,Rafael
2020,35,Atlético-GO,Santos,1,1,06/02/2021,Marcelo de Lima Henrique  (RJ),Marcelo
2020,35,Bragantino,Flamengo,1,1,07/02/2021,Wilton Sampaio,Wilton
2020,35,Botafogo,Grêmio,2,5,08/02/2021,Rodrigo D'Alonso Ferreira,Rodrigo
2020,35,Internacional,Sport,1,2,10/02/2021,Rodolpho Toski Marques,Rodolpho
2020,35,Fortaleza,Vasco da Gama,3,0,10/02/2021,Braulio da Silva Machado,Braulio
2020,35,São Paulo,Ceará,1,1,10/02/2021,Savio Pereira Sampaio,Savio
2020,35,Fluminense,Atlético-MG,0,0,10/02/2021,Luiz Flávio de Oliveira (SP),Luiz
2020,35,Corinthians,Athletico-PR,3,3,10/02/2021,Jean Pierre Goncalves Lima,Jean
2020,35,Coritiba,Palmeiras,1,0,17/02/2021,Ramon Abatti,Ramon
2020,36,Goiás,Botafogo,2,0,13/02/2021,Felipe Fernandes,Felipe
2020,36,Santos,Coritiba,2,0,13/02/2021,Bruno Arleu de Araújo,Bruno
2020,36,Atlético-MG,Bahia,1,1,13/02/2021,Raphael Claus,Raphael
2020,36,Flamengo,Corinthians,2,1,14/02/2021,Rafael Traci,Rafael
2020,36,Vasco da Gama,Internacional,0,2,14/02/2021,Flavio Rodrigues de Souza,Flavio
2020,36,Athletico-PR,Atlético-GO,2,1,14/02/2021,Wagner do Nascimento Magalhães,Wagner
2020,36,Palmeiras,Fortaleza,3,0,14/02/2021,Ricardo Marques Ribeiro (MG),Ricardo
2020,36,Grêmio,São Paulo,1,2,14/02/2021,Paulo Roberto Alves Júnior,Paulo
2020,36,Ceará,Fluminense,1,3,15/02/2021,Wilton Sampaio,Wilton
2020,36,Sport,Bragantino,0,0,15/02/2021,Leandro Pedro Vuaden,Leandro
2020,37,Coritiba,Ceará,0,2,20/02/2021,Marcelo de Lima Henrique  (RJ),Marcelo
2020,37,Fortaleza,Bahia,0,4,20/02/2021,Luiz Flávio de Oliveira (SP),Luiz
2020,37,Sport,Atlético-MG,2,3,21/02/2021,Rodolpho Toski Marques,Rodolpho
2020,37,Flamengo,Internacional,2,1,21/02/2021,Raphael Claus,Raphael
2020,37,Corinthians,Vasco da Gama,0,0,21/02/2021,Anderson Daronco,Anderson
2020,37,Santos,Fluminense,1,1,21/02/2021,Savio Pereira Sampaio,Savio
2020,37,Grêmio,Athletico-PR,1,0,21/02/2021,Ricardo Marques Ribeiro (MG),Ricardo
2020,37,Goiás,Bragantino,0,0,21/02/2021,Jean Pierre Goncalves Lima,Jean
2020,37,Palmeiras,Atlético-GO,1,1,22/02/2021,Caio Max Augusto Vieira,Caio
2020,37,Botafogo,São Paulo,1,0,22/02/2021,Braulio da Silva Machado,Braulio
2020,38,São Paulo,Flamengo,2,1,25/02/2021,Rodolpho Toski Marques,Rodolpho
2020,38,Bahia,Santos,2,0,25/02/2021,Paulo Roberto Alves Júnior,Paulo
2020,38,Bragantino,Grêmio,1,0,25/02/2021,Ramon Abatti,Ramon
2020,38,Fluminense,Fortaleza,2,0,25/02/2021,Anderson Daronco,Anderson
2020,38,Athletico-PR,Sport,2,0,25/02/2021,Flavio Rodrigues de Souza,Flavio
2020,38,Atlético-MG,Palmeiras,2,0,25/02/2021,Héber Lopes,Héber
2020,38,Vasco da Gama,Goiás,3,2,25/02/2021,Leandro Pedro Vuaden,Leandro
2020,38,Ceará,Botafogo,2,1,25/02/2021,Raphael Claus,Raphael
2020,38,Internacional,Corinthians,0,0,25/02/2021,Wilton Sampaio,Wilton
2020,38,Atlético-GO,Coritiba,3,1,25/02/2021,Edina Alves Batista,Edina
