ano,rodada,clube_mandante,clube_visitante,gols_mandante,gols_visitante,data,juiz,publico
2024,1,Internacional,Bahia,2,1,13/04/2024,Rodrigo Jose Pereira de Lima,22.045
2024,1,Criciúma,Juventude,1,1,13/04/2024,Bruno Pereira Vasconcelos,12.408
2024,1,São Paulo,Fortaleza,1,2,13/04/2024,Alex Gomes Stefano,35.055
2024,1,Fluminense,Bragantino,2,2,13/04/2024,Maguielson Lima Barbosa,17.645
2024,1,Athletico-PR,Cuiabá,4,0,14/04/2024,Jonathan Benkenstein Pinheiro,22.169
2024,1,Vasco da Gama,Grêmio,2,1,14/04/2024,Flavio Rodrigues de Souza,18.055
2024,1,Atlético-GO,Flamengo,1,2,14/04/2024,André Luiz Skettino Policarpo Bento,35.195
2024,1,Corinthians,Atlético-MG,0,0,14/04/2024,Yuri Elino Ferreira da Cruz,44.597
2024,1,Cruzeiro,Botafogo,3,2,14/04/2024,Matheus Delgado Candançan,20.701
2024,1,Vitória,Palmeiras,0,1,14/04/2024,Braulio da Silva Machado,30.793
2024,2,Bahia,Fluminense,2,1,16/04/2024,João Vitor Gobi,23.080
2024,2,Bragantino,Vasco da Gama,2,1,17/04/2024,Paulo Cesar Zanovelli,5.532
2024,2,Grêmio,Athletico-PR,2,0,17/04/2024,Marcelo de Lima Henrique  (RJ),13.541
2024,2,Fortaleza,Cruzeiro,1,1,17/04/2024,Bruno Mota Correia,22.131
2024,2,Atlético-MG,Criciúma,1,1,17/04/2024,Paulo Belence Alves dos Prazeres Filho,24.613
2024,2,Palmeiras,Internacional,0,1,17/04/2024,Lucas Paulo Torezin,13.541
2024,2,Juventude,Corinthians,2,0,17/04/2024,Bruno Arleu de Araújo,7.478
2024,2,Flamengo,São Paulo,2,1,17/04/2024,Anderson Daronco,48.103
2024,2,Botafogo,Atlético-GO,1,0,18/04/2024,Luiz Flávio de Oliveira (SP),8.508
2024,2,Cuiabá,Vitória,0,0,05/06/2024,Wilton Sampaio,3.614
2024,3,Fluminense,Vasco da Gama,2,1,20/04/2024,Wilton Sampaio,25.842
2024,3,Bragantino,Corinthians,1,0,20/04/2024,Rafael Rodrigo Klein,9.613
2024,3,Grêmio,Cuiabá,1,0,20/04/2024,Bruno Pereira Vasconcelos,22.904
2024,3,Atlético-MG,Cruzeiro,3,0,20/04/2024,Ramon Abatti,39.541
2024,3,Athletico-PR,Internacional,1,0,21/04/2024,Felipe Fernandes,29.784
2024,3,Palmeiras,Flamengo,0,0,21/04/2024,Rodrigo Jose Pereira de Lima,29.956
2024,3,Vitória,Bahia,2,2,21/04/2024,Raphael Claus,27.609
2024,3,Botafogo,Juventude,5,1,21/04/2024,Arthur Gomes Rabelo,13.273
2024,3,Atlético-GO,São Paulo,0,3,21/04/2024,Braulio da Silva Machado,9.017
2024,3,Criciúma,Fortaleza,adiado,adiado,24/07/2024,Tobias Figueiredo,Tobias
2024,4,Vasco da Gama,Criciúma,0,4,27/04/2024,Caio Max Augusto Vieira,17.124
2024,4,Cuiabá,Atlético-MG,0,3,27/04/2024,Savio Pereira Sampaio,6.711
2024,4,Bahia,Grêmio,1,0,27/04/2024,Braulio da Silva Machado,36.066
2024,4,Flamengo,Botafogo,0,2,28/04/2024,Raphael Claus,53.683
2024,4,Cruzeiro,Vitória,3,1,28/04/2024,Fábio Augusto Santos Sá Júnior,20.083
2024,4,Corinthians,Fluminense,3,0,28/04/2024,Ramon Abatti,42.119
2024,4,Fortaleza,Bragantino,1,1,28/04/2024,Davi de Oliveira Lacerda,18.113
2024,4,Juventude,Athletico-PR,1,1,28/04/2024,Alex Gomes Stefano,5.032
2024,4,Internacional,Atlético-GO,1,1,28/04/2024,Edina Alves Batista,23.836
2024,4,São Paulo,Palmeiras,0,0,29/04/2024,Wilton Sampaio,55.694
2024,5,Fluminense,Atlético-MG,2,2,04/05/2024,Raphael Claus,14.202
2024,5,Bragantino,Flamengo,1,1,04/05/2024,Paulo Cesar Zanovelli,9.971
2024,5,Cruzeiro,Internacional,adiado,adiado,04/05/2024,,
2024,5,Corinthians,Fortaleza,0,0,04/05/2024,Felipe Fernandes,42.678
2024,5,Athletico-PR,Vasco da Gama,1,0,05/05/2024,Anderson Daronco,31.192
2024,5,Vitória,São Paulo,1,3,05/05/2024,Ramon Abatti,25.739
2024,5,Grêmio,Criciúma,adiado,adiado,05/05/2024,,
2024,5,Botafogo,Bahia,1,2,05/05/2024,Rafael Rodrigo Klein,22.685
2024,5,Cuiabá,Palmeiras,0,2,05/05/2024,Bruno Arleu de Araújo,10.781
2024,5,Juventude,Atlético-GO,1,0,05/06/2024,Raphael Claus,5.123
2024,6,Flamengo,Corinthians,2,0,11/05/2024,Ramon Abatti,56.829
2024,6,Atlético-MG,Grêmio,adiado,adiado,11/05/2024,,
2024,6,Fortaleza,Botafogo,1,1,12/05/2024,Wilton Sampaio,15.914
2024,6,Atlético-GO,Cruzeiro,0,1,12/05/2024,Rodrigo Jose Pereira de Lima,7.576
2024,6,Palmeiras,Athletico-PR,0,2,12/05/2024,Braulio da Silva Machado,12.108
2024,6,Vasco da Gama,Vitória,2,1,12/05/2024,Raphael Claus,11.084
2024,6,Bahia,Bragantino,1,0,12/05/2024,Gustavo Ervino Bauermann,36.820
2024,6,São Paulo,Fluminense,2,1,13/05/2024,Anderson Daronco,39.515
2024,6,Internacional,Juventude,adiado,adiado,13/05/2024,,
2024,6,Criciúma,Cuiabá,2,5,09/06/2024,Bruno Arleu de Araújo,13.846
2024,7,Grêmio,Bragantino,0,2,01/06/2024,Ramon Abatti,7.563
2024,7,Vitória,Atlético-GO,0,2,01/06/2024,Kleber Ariel Gonçalves da Silva,16.008
2024,7,Fluminense,Juventude,1,1,01/06/2024,Matheus Delgado Candançan,21.037
2024,7,Cuiabá,Internacional,0,1,01/06/2024,Anderson Ribeiro Gonçalves,5.747
2024,7,Corinthians,Botafogo,0,1,01/06/2024,Anderson Daronco,Anderson
2024,7,Vasco da Gama,Flamengo,1,6,02/06/2024,Braulio da Silva Machado,62.228
2024,7,Atlético-MG,Bahia,1,1,02/06/2024,Bruno Arleu de Araújo,37.994
2024,7,Criciúma,Palmeiras,1,2,02/06/2024,Rafael Rodrigo Klein,19.027
2024,7,São Paulo,Cruzeiro,2,0,02/06/2024,Lucas Paulo Torezin,44.928
2024,7,Fortaleza,Athletico-PR,1,0,02/06/2024,João Vitor Gobi,12.191
2024,8,Atlético-GO,Corinthians,2,2,11/06/2024,Paulo Cesar Zanovelli,12.089
2024,8,Juventude,Vitória,1,1,11/06/2024,Wagner do Nascimento Magalhães,6.186
2024,8,Botafogo,Fluminense,1,0,11/06/2024,Flavio Rodrigues de Souza,27.239
2024,8,Bragantino,Atlético-MG,1,2,11/06/2024,Rafael Rodrigo Klein,4.516
2024,8,Cruzeiro,Cuiabá,2,1,13/06/2024,Marcelo de Lima Henrique  (RJ),26.595
2024,8,Flamengo,Grêmio,2,1,13/06/2024,Luiz Flávio de Oliveira (SP),51.785
2024,8,Internacional,São Paulo,0,0,13/06/2024,Braulio da Silva Machado,17.987
2024,8,Athletico-PR,Criciúma,3,1,13/06/2024,Jonathan Benkenstein Pinheiro,23.424
2024,8,Palmeiras,Vasco da Gama,2,0,13/06/2024,Ramon Abatti,37.641
2024,8,Bahia,Fortaleza,1,0,13/06/2024,Felipe Fernandes,30.048
2024,9,Bragantino,Juventude,2,1,15/06/2024,Emerson Ricardo,3.338
2024,9,Fluminense,Atlético-GO,1,2,15/06/2024,Gustavo Ervino Bauermann,14.485
2024,9,Athletico-PR,Flamengo,1,1,16/06/2024,Anderson Daronco,38.641
2024,9,Corinthians,São Paulo,2,2,16/06/2024,Ramon Abatti,46.129
2024,9,Vitória,Internacional,2,1,16/06/2024,Bruno Arleu de Araújo,14.251
2024,9,Grêmio,Botafogo,1,2,16/06/2024,Paulo Cesar Zanovelli,15.811
2024,9,Vasco da Gama,Cruzeiro,0,0,16/06/2024,Rafael Rodrigo Klein,11.275
2024,9,Cuiabá,Fortaleza,5,0,16/06/2024,Jefferson Ferreira Moraes,4.474
2024,9,Criciúma,Bahia,2,2,16/06/2024,Flavio Rodrigues de Souza,8.661
2024,9,Atlético-MG,Palmeiras,0,4,17/06/2024,Rodrigo Jose Pereira de Lima,31.448
2024,10,Botafogo,Athletico-PR,1,1,19/06/2024,Ramon Abatti,19.589
2024,10,Atlético-GO,Criciúma,1,2,19/06/2024,Alex Gomes Stefano,6.478
2024,10,São Paulo,Cuiabá,0,1,19/06/2024,Gustavo Ervino Bauermann,33.586
2024,10,Fortaleza,Grêmio,1,0,19/06/2024,João Vitor Gobi,16.935
2024,10,Juventude,Vasco da Gama,2,0,19/06/2024,Paulo Cesar Zanovelli,4.838
2024,10,Internacional,Corinthians,1,0,19/06/2024,Wagner do Nascimento Magalhães,14.447
2024,10,Cruzeiro,Fluminense,2,0,19/06/2024,Matheus Delgado Candançan,28.812
2024,10,Vitória,Atlético-MG,4,2,20/06/2024,Marcelo de Lima Henrique  (RJ),15.159
2024,10,Flamengo,Bahia,2,1,20/06/2024,Braulio da Silva Machado,49.909
2024,10,Palmeiras,Bragantino,2,1,20/06/2024,Anderson Daronco,29.119
2024,11,Criciúma,Botafogo,2,1,22/06/2024,Luiz Flávio de Oliveira (SP),16.256
2024,11,Grêmio,Internacional,0,1,22/06/2024,Ramon Abatti,27.961
2024,11,Cuiabá,Atlético-GO,0,0,22/06/2024,Bruno Pereira Vasconcelos,5.768
2024,11,Vasco da Gama,São Paulo,4,1,22/06/2024,Caio Max Augusto Vieira,5.306
2024,11,Fluminense,Flamengo,0,1,23/06/2024,Rafael Rodrigo Klein,57.098
2024,11,Athletico-PR,Corinthians,1,1,23/06/2024,Felipe Fernandes,34.682
2024,11,Bahia,Cruzeiro,4,1,23/06/2024,Paulo Belence Alves dos Prazeres Filho,35.541
2024,11,Bragantino,Vitória,2,1,23/06/2024,Jonathan Benkenstein Pinheiro,4.426
2024,11,Atlético-MG,Fortaleza,1,1,23/06/2024,Flavio Rodrigues de Souza,20.089
2024,11,Palmeiras,Juventude,3,1,23/06/2024,Davi de Oliveira Lacerda,38.258
2024,12,Botafogo,Bragantino,2,1,26/06/2024,Gustavo Ervino Bauermann,13.333
2024,12,Cruzeiro,Athletico-PR,2,0,26/06/2024,Davi de Oliveira Lacerda,26.465
2024,12,Atlético-GO,Grêmio,1,1,26/06/2024,Bruno Arleu de Araújo,8.838
2024,12,Corinthians,Cuiabá,1,1,26/06/2024,Fábio Augusto Santos Sá Júnior,38.475
2024,12,Juventude,Flamengo,2,1,26/06/2024,Matheus Delgado Candançan,12.675
2024,12,Internacional,Atlético-MG,1,2,26/06/2024,Luiz Flávio de Oliveira (SP),9.978
2024,12,Fortaleza,Palmeiras,3,0,26/06/2024,Alex Gomes Stefano,28.631
2024,12,Bahia,Vasco da Gama,2,1,26/06/2024,João Vitor Gobi,38.318
2024,12,Fluminense,Vitória,0,1,27/06/2024,Flavio Rodrigues de Souza,24.269
2024,12,São Paulo,Criciúma,2,1,27/06/2024,Bruno Pereira Vasconcelos,28.008
2024,13,Vasco da Gama,Botafogo,1,1,29/06/2024,Ramon Abatti,16.121
2024,13,Cuiabá,Bragantino,1,1,29/06/2024,Felipe Fernandes,5.024
2024,13,Atlético-MG,Atlético-GO,1,1,30/06/2024,Jonathan Benkenstein Pinheiro,39.767
2024,13,Grêmio,Fluminense,1,0,30/06/2024,Paulo Cesar Zanovelli,8.639
2024,13,Fortaleza,Juventude,2,1,30/06/2024,Rodrigo Jose Pereira de Lima,34.680
2024,13,São Paulo,Bahia,3,1,30/06/2024,Marcelo de Lima Henrique  (RJ),28.008
2024,13,Vitória,Athletico-PR,0,1,30/06/2024,Bruno Arleu de Araújo,20.533
2024,13,Criciúma,Internacional,1,1,30/06/2024,Wagner do Nascimento Magalhães,15.859
2024,13,Flamengo,Cruzeiro,2,1,30/06/2024,Braulio da Silva Machado,56.263
2024,13,Palmeiras,Corinthians,2,0,01/07/2024,Anderson Daronco,41.175
2024,14,Cuiabá,Botafogo,1,2,03/07/2024,Paulo Cesar Zanovelli,7.849
2024,14,Vasco da Gama,Fortaleza,2,0,03/07/2024,Matheus Delgado Candançan,14.384
2024,14,Criciúma,Cruzeiro,1,0,03/07/2024,João Vitor Gobi,12.352
2024,14,Bragantino,Atlético-GO,3,1,03/07/2024,Davi de Oliveira Lacerda,3.102
2024,14,Athletico-PR,São Paulo,1,2,03/07/2024,Alex Gomes Stefano,28.632
2024,14,Atlético-MG,Flamengo,2,4,03/07/2024,Ramon Abatti,39.993
2024,14,Grêmio,Palmeiras,2,2,04/07/2024,Marcelo de Lima Henrique  (RJ),Marcelo
2024,14,Bahia,Juventude,2,0,04/07/2024,Wagner do Nascimento Magalhães,40.442
2024,14,Fluminense,Internacional,1,1,04/07/2024,Felipe Fernandes,Felipe
2024,14,Corinthians,Vitória,3,2,04/07/2024,Gustavo Ervino Bauermann,Gustavo
