ano,rodada,clube_mandante,clube_visitante,gols_mandante,gols_visitante,data,juiz,publico
2021,1,Cuiabá,Juventude,2,2,29/05/2021,Denis Ribeiro Serafim,Denis
2021,1,Bahia,Santos,3,0,29/05/2021,Bruno Arleu de Araújo,Bruno
2021,1,São Paulo,Fluminense,0,0,29/05/2021,Rodolpho Toski Marques,Rodolpho
2021,1,Atlético-MG,Fortaleza,1,2,30/05/2021,Caio Max Augusto Vieira,Caio
2021,1,Flamengo,Palmeiras,1,0,30/05/2021,Anderson Daronco,Anderson
2021,1,Ceará,Grêmio,3,2,30/05/2021,Savio Pereira Sampaio,Savio
2021,1,Chapecoense,Bragantino,0,3,30/05/2021,Marielson Alves Silva,Marielson
2021,1,Athletico-PR,América-MG,1,0,30/05/2021,Jefferson Ferreira Moraes,Jefferson
2021,1,Corinthians,Atlético-GO,0,1,30/05/2021,Felipe Fernandes,Felipe
2021,1,Internacional,Sport,2,2,30/05/2021,Vinicius Gonçalves Dias Araujo,Vinicius
2021,2,Atlético-GO,São Paulo,2,0,05/06/2021,Diego Pombo Lopez,Diego
2021,2,Bragantino,Bahia,3,3,05/06/2021,Vinicius Gomes,Vinicius
2021,2,Santos,Ceará,3,1,05/06/2021,Jean Pierre Goncalves Lima,Jean
2021,2,Fluminense,Cuiabá,1,0,06/06/2021,Edina Alves Batista,Edina
2021,2,América-MG,Corinthians,0,1,06/06/2021,Marcelo de Lima Henrique  (RJ),Marcelo
2021,2,Fortaleza,Internacional,5,1,06/06/2021,Paulo Roberto Alves Júnior,Paulo
2021,2,Palmeiras,Chapecoense,3,1,06/06/2021,Leo Simão Holanda,Leo
2021,2,Juventude,Athletico-PR,0,3,06/06/2021,Paulo Cesar Zanovelli,Paulo
2021,2,Sport,Atlético-MG,0,1,06/06/2021,Raphael Claus,Raphael
2021,2,Grêmio,Flamengo,2,2,23/11/2021,Braulio da Silva Machado,Braulio
2021,3,Palmeiras,Corinthians,1,1,12/06/2021,Flavio Rodrigues de Souza,Flavio
2021,3,Santos,Juventude,0,0,12/06/2021,Alexandre Vargas Tavares,Alexandre
2021,3,Grêmio,Athletico-PR,0,1,13/06/2021,Ricardo Marques Ribeiro (MG),Ricardo
2021,3,Flamengo,América-MG,2,0,13/06/2021,Ramon Abatti,Ramon
2021,3,Atlético-MG,São Paulo,1,0,13/06/2021,Anderson Daronco,Anderson
2021,3,Fortaleza,Sport,1,0,13/06/2021,Braulio da Silva Machado,Braulio
2021,3,Bragantino,Fluminense,2,2,13/06/2021,Leandro Pedro Vuaden,Leandro
2021,3,Chapecoense,Ceará,0,0,13/06/2021,Vinicius Gonçalves Dias Araujo,Vinicius
2021,3,Bahia,Internacional,0,1,13/06/2021,Wagner do Nascimento Magalhães,Wagner
2021,3,Cuiabá,Atlético-GO,2,1,21/07/2021,Dyorgines Jose Padovani,Dyorgines
2021,4,São Paulo,Chapecoense,1,1,16/06/2021,Dyorgines Jose Padovani,Dyorgines
2021,4,Internacional,Atlético-MG,0,1,16/06/2021,Luiz Flávio de Oliveira (SP),Luiz
2021,4,Corinthians,Bragantino,1,2,16/06/2021,Thiago Scarascati,Thiago
2021,4,Juventude,Palmeiras,0,3,16/06/2021,Marielson Alves Silva,Marielson
2021,4,América-MG,Cuiabá,0,0,17/06/2021,Antonio Dib Moraes de Sousa,Antonio
2021,4,Ceará,Bahia,1,2,17/06/2021,Marcelo de Lima Henrique  (RJ),Marcelo
2021,4,Fluminense,Santos,1,0,17/06/2021,Paulo Roberto Alves Júnior,Paulo
2021,4,Sport,Grêmio,1,0,17/06/2021,Denis Ribeiro Serafim,Denis
2021,4,Atlético-GO,Fortaleza,0,0,17/06/2021,Douglas Schwengber,Douglas
2021,4,Athletico-PR,Flamengo,2,2,02/11/2021,Marielson Alves Silva,15.193
2021,5,Flamengo,Bragantino,2,3,19/06/2021,Braulio da Silva Machado,Braulio
2021,5,Palmeiras,América-MG,2,1,20/06/2021,Jefferson Ferreira Moraes,Jefferson
2021,5,Internacional,Ceará,1,1,20/06/2021,Diego Pombo Lopez,Diego
2021,5,Bahia,Corinthians,0,0,20/06/2021,Bruno Arleu de Araújo,Bruno
2021,5,Fortaleza,Fluminense,1,1,20/06/2021,Flavio Rodrigues de Souza,Flavio
2021,5,Santos,São Paulo,2,0,20/06/2021,Savio Pereira Sampaio,Savio
2021,5,Athletico-PR,Atlético-GO,2,1,20/06/2021,Felipe Fernandes,Felipe
2021,5,Juventude,Sport,1,0,20/06/2021,Edina Alves Batista,Edina
2021,5,Atlético-MG,Chapecoense,1,1,21/06/2021,Rodolpho Toski Marques,Rodolpho
2021,5,Cuiabá,Grêmio,0,1,18/08/2021,Leo Simão Holanda,Leo
2021,6,Flamengo,Fortaleza,2,1,23/06/2021,Anderson Daronco,Anderson
2021,6,São Paulo,Cuiabá,2,2,23/06/2021,Ricardo Marques Ribeiro (MG),Ricardo
2021,6,Atlético-GO,Fluminense,1,0,23/06/2021,Paulo Cesar Zanovelli,Paulo
2021,6,Bragantino,Palmeiras,3,1,23/06/2021,Luiz Flávio de Oliveira (SP),Luiz
2021,6,América-MG,Juventude,1,1,24/06/2021,Wagner do Nascimento Magalhães,Wagner
2021,6,Corinthians,Sport,2,1,24/06/2021,Paulo Roberto Alves Júnior,Paulo
2021,6,Ceará,Atlético-MG,2,1,24/06/2021,Leandro Pedro Vuaden,Leandro
2021,6,Chapecoense,Internacional,1,2,24/06/2021,Alexandre Vargas Tavares,Alexandre
2021,6,Bahia,Athletico-PR,2,1,24/06/2021,Antonio Dib Moraes de Sousa,Antonio
2021,6,Grêmio,Santos,2,2,24/06/2021,Caio Max Augusto Vieira,Caio
2021,7,Juventude,Flamengo,1,0,27/06/2021,Thiago Scarascati,Thiago
2021,7,Fluminense,Corinthians,1,1,27/06/2021,Savio Pereira Sampaio,Savio
2021,7,Grêmio,Fortaleza,0,0,27/06/2021,Marcelo de Lima Henrique  (RJ),Marcelo
2021,7,Palmeiras,Bahia,3,2,27/06/2021,Denis Ribeiro Serafim,Denis
2021,7,Athletico-PR,Chapecoense,2,2,27/06/2021,Vinicius Gomes,Vinicius
2021,7,Ceará,São Paulo,1,1,27/06/2021,Felipe Fernandes,Felipe
2021,7,Sport,Cuiabá,0,0,27/06/2021,Marielson Alves Silva,Marielson
2021,7,Santos,Atlético-MG,2,0,27/06/2021,Bruno Arleu de Araújo,Bruno
2021,7,América-MG,Internacional,1,1,27/06/2021,Braulio da Silva Machado,Braulio
2021,7,Atlético-GO,Bragantino,0,1,28/06/2021,Ramon Abatti,Ramon
2021,8,Fluminense,Athletico-PR,1,4,30/06/2021,Ricardo Marques Ribeiro (MG),Ricardo
2021,8,Fortaleza,Chapecoense,3,2,30/06/2021,Antonio Dib Moraes de Sousa,Antonio
2021,8,Internacional,Palmeiras,1,2,30/06/2021,Paulo Roberto Alves Júnior,Paulo
2021,8,Bahia,América-MG,3,4,30/06/2021,Leo Simão Holanda,Leo
2021,8,Santos,Sport,0,0,30/06/2021,Douglas Schwengber,Douglas
2021,8,Corinthians,São Paulo,0,0,30/06/2021,Leandro Pedro Vuaden,Leandro
2021,8,Juventude,Grêmio,2,0,30/06/2021,Vinicius Gonçalves Dias Araujo,Vinicius
2021,8,Bragantino,Ceará,0,0,01/07/2021,Wagner do Nascimento Magalhães,Wagner
2021,8,Atlético-MG,Atlético-GO,4,1,01/07/2021,Flavio Rodrigues de Souza,Flavio
2021,8,Cuiabá,Flamengo,0,2,01/07/2021,Rodolpho Toski Marques,Rodolpho
2021,9,América-MG,Santos,2,0,03/07/2021,Denis Ribeiro Serafim,Denis
2021,9,Athletico-PR,Fortaleza,2,1,03/07/2021,Paulo Cesar Zanovelli,Paulo
2021,9,Corinthians,Internacional,1,1,03/07/2021,Marcelo de Lima Henrique  (RJ),Marcelo
2021,9,Chapecoense,Bahia,0,2,04/07/2021,Edina Alves Batista,Edina
2021,9,Sport,Palmeiras,0,1,04/07/2021,Caio Max Augusto Vieira,Caio
2021,9,Flamengo,Fluminense,0,1,04/07/2021,Luiz Flávio de Oliveira (SP),Luiz
2021,9,Cuiabá,Atlético-MG,0,1,04/07/2021,Savio Pereira Sampaio,Savio
2021,9,Ceará,Juventude,2,0,04/07/2021,Alisson Sidnei Furtado,Alisson
2021,9,São Paulo,Bragantino,1,2,04/07/2021,Anderson Daronco,Anderson
2021,9,Grêmio,Atlético-GO,0,1,04/07/2021,Marielson Alves Silva,Marielson
2021,10,Santos,Athletico-PR,2,1,06/07/2021,Vinicius Gomes,Vinicius
2021,10,Bahia,Juventude,1,0,07/07/2021,Douglas Marques Flores,Douglas
2021,10,Bragantino,Cuiabá,1,1,07/07/2021,Douglas Schwengber,Douglas
2021,10,Fortaleza,América-MG,4,0,07/07/2021,Thiago Scarascati,Thiago
2021,10,Atlético-MG,Flamengo,2,1,07/07/2021,Paulo Roberto Alves Júnior,Paulo
2021,10,Palmeiras,Grêmio,2,0,07/07/2021,Felipe Fernandes,Felipe
2021,10,Atlético-GO,Sport,1,1,07/07/2021,Leo Simão Holanda,Leo
2021,10,Fluminense,Ceará,0,0,07/07/2021,Ramon Abatti,Ramon
2021,10,Internacional,São Paulo,0,2,07/07/2021,Bruno Arleu de Araújo,Bruno
2021,10,Chapecoense,Corinthians,0,1,08/07/2021,Ricardo Marques Ribeiro (MG),Ricardo
2021,11,Grêmio,Internacional,0,0,10/07/2021,Flavio Rodrigues de Souza,Flavio
2021,11,Palmeiras,Santos,3,2,10/07/2021,Braulio da Silva Machado,Braulio
2021,11,Athletico-PR,Bragantino,2,2,10/07/2021,Leandro Pedro Vuaden,Leandro
2021,11,Sport,Fluminense,1,2,10/07/2021,Antonio Dib Moraes de Sousa,Antonio
2021,11,América-MG,Atlético-MG,0,1,10/07/2021,Anderson Daronco,Anderson
2021,11,São Paulo,Bahia,1,0,10/07/2021,Marcelo de Lima Henrique  (RJ),Marcelo
2021,11,Juventude,Atlético-GO,1,1,11/07/2021,Wagner do Nascimento Magalhães,Wagner
2021,11,Flamengo,Chapecoense,2,1,11/07/2021,Paulo Cesar Zanovelli,Paulo
2021,11,Cuiabá,Ceará,2,2,11/07/2021,Edina Alves Batista,Edina
2021,11,Fortaleza,Corinthians,1,0,11/07/2021,Caio Max Augusto Vieira,Caio
2021,12,Ceará,Athletico-PR,1,0,17/07/2021,Marielson Alves Silva,Marielson
2021,12,São Paulo,Fortaleza,0,1,17/07/2021,Savio Pereira Sampaio,Savio
2021,12,Corinthians,Atlético-MG,1,2,17/07/2021,Jean Pierre Goncalves Lima,Jean
2021,12,Fluminense,Grêmio,0,1,17/07/2021,Paulo Roberto Alves Júnior,Paulo
2021,12,Chapecoense,Cuiabá,2,3,18/07/2021,Jefferson Ferreira Moraes,Jefferson
2021,12,Atlético-GO,Palmeiras,0,3,18/07/2021,Denis Ribeiro Serafim,Denis
2021,12,Bahia,Flamengo,0,5,18/07/2021,Wilton Sampaio,Wilton
2021,12,Bragantino,Santos,2,2,18/07/2021,Luiz Flávio de Oliveira (SP),Luiz
2021,12,Internacional,Juventude,1,0,18/07/2021,Rodolpho Toski Marques,Rodolpho
2021,12,América-MG,Sport,0,1,19/07/2021,Vinicius Gomes,Vinicius
2021,13,Grêmio,América-MG,1,1,24/07/2021,Alisson Sidnei Furtado,Alisson
2021,13,Palmeiras,Fluminense,1,0,24/07/2021,Savio Pereira Sampaio,Savio
2021,13,Atlético-MG,Bahia,3,0,25/07/2021,Antonio Dib Moraes de Sousa,Antonio
2021,13,Flamengo,São Paulo,5,1,25/07/2021,Felipe Fernandes,Felipe
2021,13,Fortaleza,Bragantino,1,0,25/07/2021,Bruno Arleu de Araújo,Bruno
2021,13,Athletico-PR,Internacional,2,1,25/07/2021,Thiago Scarascati,Thiago
2021,13,Santos,Atlético-GO,0,1,25/07/2021,Leandro Pedro Vuaden,Leandro
2021,13,Sport,Ceará,0,0,25/07/2021,Vinicius Gonçalves Dias Araujo,Vinicius
2021,13,Juventude,Chapecoense,1,0,26/07/2021,Leo Simão Holanda,Leo
2021,13,Cuiabá,Corinthians,1,2,26/07/2021,Ramon Abatti,Ramon
2021,14,São Paulo,Palmeiras,0,0,31/07/2021,Luiz Flávio de Oliveira (SP),Luiz
2021,14,Internacional,Cuiabá,0,0,31/07/2021,Paulo Cesar Zanovelli,Paulo
2021,14,Bragantino,Grêmio,1,0,31/07/2021,Ricardo Marques Ribeiro (MG),Ricardo
2021,14,Atlético-MG,Athletico-PR,2,0,01/08/2021,Braulio da Silva Machado,Braulio
2021,14,Corinthians,Flamengo,1,3,01/08/2021,Leandro Pedro Vuaden,Leandro
2021,14,Bahia,Sport,0,1,01/08/2021,Jefferson Ferreira Moraes,Jefferson
2021,14,Chapecoense,Santos,0,1,01/08/2021,Rodolpho Toski Marques,Rodolpho
2021,14,Ceará,Fortaleza,3,1,01/08/2021,Denis Ribeiro Serafim,Denis
2021,14,Atlético-GO,América-MG,1,1,01/08/2021,Douglas Marques Flores,Douglas
2021,14,Fluminense,Juventude,1,1,02/09/2021,Héber Lopes,Héber
2021,15,Sport,Bragantino,0,0,06/08/2021,Wagner do Nascimento Magalhães,Wagner
2021,15,Athletico-PR,São Paulo,1,2,07/08/2021,Jean Pierre Goncalves Lima,Jean
2021,15,Palmeiras,Fortaleza,2,3,07/08/2021,Wilton Sampaio,Wilton
2021,15,Cuiabá,Bahia,1,1,07/08/2021,Héber Lopes,Héber
2021,15,América-MG,Fluminense,1,0,08/08/2021,Marielson Alves Silva,Marielson
2021,15,Juventude,Atlético-MG,1,2,08/08/2021,André Luiz de Freitas Castro,André
2021,15,Santos,Corinthians,0,0,08/08/2021,Flavio Rodrigues de Souza,Flavio
2021,15,Flamengo,Internacional,0,4,08/08/2021,Paulo Roberto Alves Júnior,Paulo
2021,15,Ceará,Atlético-GO,0,0,08/08/2021,Rafael Traci,Rafael
2021,15,Grêmio,Chapecoense,2,1,09/08/2021,Marcelo de Lima Henrique  (RJ),Marcelo
2021,16,Bragantino,Juventude,1,2,14/08/2021,Denis Ribeiro Serafim,Denis
2021,16,Atlético-MG,Palmeiras,2,0,14/08/2021,Bruno Arleu de Araújo,Bruno
2021,16,São Paulo,Grêmio,2,1,14/08/2021,Braulio da Silva Machado,Braulio
2021,16,Flamengo,Sport,2,0,15/08/2021,Raphael Claus,Raphael
2021,16,Corinthians,Ceará,3,1,15/08/2021,Rodolpho Toski Marques,Rodolpho
2021,16,Fortaleza,Santos,1,1,15/08/2021,André Luiz de Freitas Castro,André
2021,16,Cuiabá,Athletico-PR,1,0,15/08/2021,Alisson Sidnei Furtado,Alisson
2021,16,Bahia,Atlético-GO,1,2,15/08/2021,Ricardo Marques Ribeiro (MG),Ricardo
2021,16,Internacional,Fluminense,4,2,15/08/2021,Luiz Flávio de Oliveira (SP),Luiz
2021,16,Chapecoense,América-MG,1,1,16/08/2021,Douglas Schwengber,Douglas
2021,17,Atlético-GO,Chapecoense,1,1,21/08/2021,Adriano Barros,Adriano
2021,17,Grêmio,Bahia,2,0,21/08/2021,Caio Max Augusto Vieira,Caio
2021,17,Juventude,Fortaleza,1,1,21/08/2021,Raphael Claus,Raphael
2021,17,Palmeiras,Cuiabá,0,2,22/08/2021,Anderson Daronco,Anderson
2021,17,Athletico-PR,Corinthians,0,1,22/08/2021,Wilton Sampaio,Wilton
2021,17,Ceará,Flamengo,1,1,22/08/2021,Leandro Pedro Vuaden,Leandro
2021,17,Santos,Internacional,2,2,22/08/2021,Wagner do Nascimento Magalhães,Wagner
2021,17,Sport,São Paulo,0,1,22/08/2021,Paulo Roberto Alves Júnior,Paulo
2021,17,América-MG,Bragantino,0,2,23/08/2021,Rafael Traci,Rafael
2021,17,Fluminense,Atlético-MG,1,1,23/08/2021,Flavio Rodrigues de Souza,Flavio
2021,18,Sport,Chapecoense,0,0,28/08/2021,Jefferson Ferreira Moraes,Jefferson
2021,18,Santos,Flamengo,0,4,28/08/2021,Braulio da Silva Machado,Braulio
2021,18,Grêmio,Corinthians,0,1,28/08/2021,Ricardo Marques Ribeiro (MG),Ricardo
2021,18,Palmeiras,Athletico-PR,2,1,28/08/2021,Leandro Pedro Vuaden,Leandro
2021,18,América-MG,Ceará,2,0,29/08/2021,Raphael Claus,Raphael
2021,18,Juventude,São Paulo,1,1,29/08/2021,Antonio Dib Moraes de Sousa,Antonio
2021,18,Atlético-GO,Internacional,0,0,29/08/2021,Marielson Alves Silva,Marielson
2021,18,Bragantino,Atlético-MG,1,1,29/08/2021,Ramon Abatti,Ramon
2021,18,Fluminense,Bahia,2,0,30/08/2021,Edina Alves Batista,Edina
2021,18,Fortaleza,Cuiabá,0,0,30/08/2021,Paulo Cesar Zanovelli,Paulo
2021,19,Bahia,Fortaleza,4,2,04/09/2021,Luiz Flávio de Oliveira (SP),Luiz
2021,19,Cuiabá,Santos,2,1,04/09/2021,Bruno Arleu de Araújo,Bruno
2021,19,Athletico-PR,Sport,0,0,05/09/2021,Denis Ribeiro Serafim,Denis
2021,19,Corinthians,Juventude,1,1,07/09/2021,Ramon Abatti,Ramon
2021,19,Chapecoense,Fluminense,1,2,07/09/2021,Savio Pereira Sampaio,Savio
2021,19,São Paulo,América-MG,0,0,22/09/2021,Braulio da Silva Machado,Braulio
2021,19,Ceará,Palmeiras,1,2,20/10/2021,André Luiz de Freitas Castro,6.205
2021,19,Internacional,Bragantino,1,1,21/10/2021,Marielson Alves Silva,11.026
2021,19,Atlético-MG,Grêmio,2,1,03/11/2021,Luiz Flávio de Oliveira (SP),56.624
2021,19,Flamengo,Atlético-GO,2,0,05/11/2021,Rodolpho Toski Marques,17.717
2021,20,América-MG,Athletico-PR,2,0,11/09/2021,Marielson Alves Silva,Marielson
2021,20,Juventude,Cuiabá,1,2,11/09/2021,Caio Max Augusto Vieira,Caio
2021,20,Bragantino,Chapecoense,1,2,11/09/2021,Marcelo de Lima Henrique  (RJ),Marcelo
2021,20,Santos,Bahia,0,0,11/09/2021,Paulo Cesar Zanovelli,Paulo
2021,20,Grêmio,Ceará,2,0,12/09/2021,Flavio Rodrigues de Souza,Flavio
2021,20,Palmeiras,Flamengo,1,3,12/09/2021,Wilton Sampaio,Wilton
2021,20,Fortaleza,Atlético-MG,0,2,12/09/2021,Braulio da Silva Machado,Braulio
2021,20,Atlético-GO,Corinthians,1,1,12/09/2021,Antonio Dib Moraes de Sousa,Antonio
2021,20,Fluminense,São Paulo,2,1,12/09/2021,Jefferson Ferreira Moraes,Jefferson
2021,20,Sport,Internacional,0,1,13/09/2021,André Luiz de Freitas Castro,André
2021,21,Chapecoense,Palmeiras,0,2,18/09/2021,Paulo Roberto Alves Júnior,Paulo
2021,21,Athletico-PR,Juventude,2,1,18/09/2021,Leo Simão Holanda,Leo
2021,21,Atlético-MG,Sport,3,0,18/09/2021,Vinicius Gonçalves Dias Araujo,Vinicius
2021,21,Ceará,Santos,0,0,18/09/2021,Anderson Daronco,Anderson
2021,21,Bahia,Bragantino,1,1,18/09/2021,Wilton Sampaio,Wilton
2021,21,Internacional,Fortaleza,1,0,19/09/2021,Edina Alves Batista,Edina
2021,21,São Paulo,Atlético-GO,2,1,19/09/2021,Caio Max Augusto Vieira,Caio
2021,21,Corinthians,América-MG,1,1,19/09/2021,Savio Pereira Sampaio,Savio
2021,21,Flamengo,Grêmio,0,1,19/09/2021,Marielson Alves Silva,6.446
2021,21,Cuiabá,Fluminense,2,2,20/09/2021,Ramon Abatti,Ramon
2021,22,Ceará,Chapecoense,1,0,25/09/2021,Caio Max Augusto Vieira,Caio
2021,22,Corinthians,Palmeiras,2,1,25/09/2021,Raphael Claus,Raphael
2021,22,São Paulo,Atlético-MG,0,0,25/09/2021,Wilton Sampaio,Wilton
2021,22,América-MG,Flamengo,1,1,26/09/2021,Anderson Daronco,Anderson
2021,22,Fluminense,Bragantino,2,1,26/09/2021,Leandro Pedro Vuaden,Leandro
2021,22,Internacional,Bahia,2,0,26/09/2021,Bruno Arleu de Araújo,Bruno
2021,22,Juventude,Santos,3,0,26/09/2021,Jefferson Ferreira Moraes,Jefferson
2021,22,Sport,Fortaleza,0,1,26/09/2021,Wagner do Nascimento Magalhães,Wagner
2021,22,Athletico-PR,Grêmio,4,2,26/09/2021,Luiz Flávio de Oliveira (SP),Luiz
2021,22,Atlético-GO,Cuiabá,0,0,26/09/2021,Marielson Alves Silva,Marielson
2021,23,Fortaleza,Atlético-GO,0,3,02/10/2021,Alisson Sidnei Furtado,2.785
2021,23,Cuiabá,América-MG,0,2,02/10/2021,Rafael Traci,2.426
2021,23,Bragantino,Corinthians,2,2,02/10/2021,Flavio Rodrigues de Souza,Flavio
2021,23,Atlético-MG,Internacional,1,0,02/10/2021,Luiz Flávio de Oliveira (SP),7.166
2021,23,Flamengo,Athletico-PR,3,0,03/10/2021,Savio Pereira Sampaio,8.843
2021,23,Chapecoense,São Paulo,1,1,03/10/2021,Marielson Alves Silva,973
2021,23,Palmeiras,Juventude,1,1,03/10/2021,Marcelo de Lima Henrique  (RJ),Marcelo
2021,23,Grêmio,Sport,1,2,03/10/2021,Felipe Fernandes,7.147
2021,23,Bahia,Ceará,adiado,adiado,27/10/2021,Antonio Dib Moraes de Sousa,11.507
2021,23,Santos,Fluminense,adiado,adiado,27/10/2021,Wilton Sampaio,6.685
2021,24,Corinthians,Bahia,3,1,05/10/2021,Denis Ribeiro Serafim,10.470
2021,24,Chapecoense,Atlético-MG,2,2,06/10/2021,André Luiz de Freitas Castro,733
2021,24,Ceará,Internacional,0,0,06/10/2021,Rodolpho Toski Marques,2.810
2021,24,Atlético-GO,Athletico-PR,0,2,06/10/2021,Wagner do Nascimento Magalhães,1.500
2021,24,Sport,Juventude,3,1,06/10/2021,Braulio da Silva Machado,1.219
2021,24,Bragantino,Flamengo,1,1,06/10/2021,Ramon Abatti,2.708
2021,24,América-MG,Palmeiras,2,1,06/10/2021,Leandro Pedro Vuaden,854
2021,24,Fluminense,Fortaleza,0,2,06/10/2021,Paulo Roberto Alves Júnior,3.231
2021,24,Grêmio,Cuiabá,2,2,06/10/2021,Wilton Sampaio,4.931
2021,24,São Paulo,Santos,1,1,07/10/2021,Raphael Claus,5.529
2021,25,Sport,Corinthians,1,0,09/10/2021,Savio Pereira Sampaio,2.489
2021,25,Atlético-MG,Ceará,3,1,09/10/2021,Jefferson Ferreira Moraes,10.265
2021,25,Fluminense,Atlético-GO,0,0,09/10/2021,Edina Alves Batista,2.200
2021,25,Athletico-PR,Bahia,0,2,09/10/2021,Marcelo de Lima Henrique  (RJ),3.340
2021,25,Fortaleza,Flamengo,0,3,09/10/2021,Felipe Fernandes,4.052
2021,25,Palmeiras,Bragantino,2,4,09/10/2021,Rafael Traci,8.884
2021,25,Juventude,América-MG,1,1,09/10/2021,Alexandre Vargas Tavares,1.457
2021,25,Internacional,Chapecoense,5,2,10/10/2021,Alisson Sidnei Furtado,8.506
2021,25,Santos,Grêmio,1,0,10/10/2021,Bruno Arleu de Araújo,4.165
2021,25,Cuiabá,São Paulo,0,0,11/10/2021,Anderson Daronco,13.007
2021,26,Bragantino,Atlético-GO,1,0,12/10/2021,Savio Pereira Sampaio,971
2021,26,Bahia,Palmeiras,0,0,12/10/2021,Ramon Abatti,4.509
2021,26,Atlético-MG,Santos,3,1,13/10/2021,Paulo Roberto Alves Júnior,16.514
2021,26,Flamengo,Juventude,3,1,13/10/2021,André Luiz de Freitas Castro,7.282
2021,26,Chapecoense,Athletico-PR,1,1,13/10/2021,Luiz Flávio de Oliveira (SP),935
2021,26,Fortaleza,Grêmio,1,0,13/10/2021,Vinicius Gonçalves Dias Araujo,3.499
2021,26,Corinthians,Fluminense,1,0,13/10/2021,Marielson Alves Silva,12.045
2021,26,Internacional,América-MG,3,1,13/10/2021,Caio Max Augusto Vieira,9.711
2021,26,Cuiabá,Sport,1,0,14/10/2021,Leandro Pedro Vuaden,3.054
2021,26,São Paulo,Ceará,1,1,14/10/2021,Paulo Cesar Zanovelli,9.371
2021,27,Chapecoense,Fortaleza,1,2,16/10/2021,Zandick Gondim,1.027
2021,27,América-MG,Bahia,0,0,16/10/2021,Alisson Sidnei Furtado,746
2021,27,Palmeiras,Internacional,1,0,17/10/2021,Braulio da Silva Machado,11.111
2021,27,Athletico-PR,Fluminense,0,1,17/10/2021,Felipe Fernandes,1.486
2021,27,Grêmio,Juventude,3,2,17/10/2021,Marcelo de Lima Henrique  (RJ),15.129
2021,27,Ceará,Bragantino,2,2,17/10/2021,Wagner do Nascimento Magalhães,4.500
2021,27,Atlético-GO,Atlético-MG,2,1,17/10/2021,Raphael Claus,2.963
2021,27,Sport,Santos,0,0,17/10/2021,Anderson Daronco,5.272
2021,27,Flamengo,Cuiabá,0,0,17/10/2021,Flavio Rodrigues de Souza,7.711
2021,27,São Paulo,Corinthians,1,0,18/10/2021,Leandro Pedro Vuaden,23.874
2021,28,Juventude,Ceará,0,0,23/10/2021,Rodolpho Toski Marques,3.680
2021,28,Santos,América-MG,0,2,23/10/2021,Marcelo de Lima Henrique  (RJ),6.921
2021,28,Fluminense,Flamengo,3,1,23/10/2021,Vinicius Gonçalves Dias Araujo,10.029
2021,28,Fortaleza,Athletico-PR,3,0,23/10/2021,Denis Ribeiro Serafim,7.011
2021,28,Atlético-MG,Cuiabá,2,1,24/10/2021,Savio Pereira Sampaio,30.627
2021,28,Internacional,Corinthians,2,2,24/10/2021,Bruno Arleu de Araújo,13.126
2021,28,Bragantino,São Paulo,1,0,24/10/2021,Felipe Fernandes,4.345
2021,28,Bahia,Chapecoense,3,0,24/10/2021,Wilton Sampaio,8.058
2021,28,Atlético-GO,Grêmio,2,0,25/10/2021,Caio Max Augusto Vieira,3.852
2021,28,Palmeiras,Sport,2,1,25/10/2021,Wagner do Nascimento Magalhães,13.367
2021,29,Athletico-PR,Santos,0,1,30/10/2021,Leandro Pedro Vuaden,7.196
2021,29,Flamengo,Atlético-MG,1,0,30/10/2021,Anderson Daronco,24.696
2021,29,Juventude,Bahia,0,0,30/10/2021,Paulo Roberto Alves Júnior,3.738
2021,29,América-MG,Fortaleza,2,1,30/10/2021,Flavio Rodrigues de Souza,1.034
2021,29,Grêmio,Palmeiras,1,3,31/10/2021,Savio Pereira Sampaio,14.207
2021,29,Ceará,Fluminense,1,0,31/10/2021,Raphael Claus,8.095
2021,29,São Paulo,Internacional,1,0,31/10/2021,André Luiz de Freitas Castro,19.867
2021,29,Sport,Atlético-GO,2,0,31/10/2021,Luiz Flávio de Oliveira (SP),3.685
2021,29,Cuiabá,Bragantino,1,0,01/11/2021,Jefferson Ferreira Moraes,6.428
2021,29,Corinthians,Chapecoense,1,0,01/11/2021,Paulo Cesar Zanovelli,39.897
2021,30,Corinthians,Fortaleza,1,0,06/11/2021,Ramon Abatti,36.219
2021,30,Internacional,Grêmio,1,0,06/11/2021,Marcelo de Lima Henrique  (RJ),25.951
2021,30,Fluminense,Sport,1,0,06/11/2021,Jefferson Ferreira Moraes,3.870
2021,30,Atlético-MG,América-MG,1,0,07/11/2021,Wilton Sampaio,60.142
2021,30,Bragantino,Athletico-PR,0,2,07/11/2021,Anderson Daronco,1.701
2021,30,Santos,Palmeiras,0,2,07/11/2021,Raphael Claus,13.165
2021,30,Bahia,São Paulo,1,0,07/11/2021,Savio Pereira Sampaio,18.178
2021,30,Ceará,Cuiabá,1,0,07/11/2021,Héber Lopes,21.735
2021,30,Chapecoense,Flamengo,2,2,08/11/2021,Denis Ribeiro Serafim,3.834
2021,30,Atlético-GO,Juventude,1,1,23/11/2021,Flavio Rodrigues de Souza,9.051
2021,31,Cuiabá,Chapecoense,0,0,04/11/2021,Ricardo Marques Ribeiro (MG),6.336
2021,31,Grêmio,Fluminense,1,0,09/11/2021,Vinicius Gonçalves Dias Araujo,Vinicius
2021,31,Athletico-PR,Ceará,2,1,10/11/2021,Wilton Sampaio,10.792
2021,31,Atlético-MG,Corinthians,3,0,10/11/2021,Braulio da Silva Machado,58.714
2021,31,Santos,Bragantino,2,0,10/11/2021,Leandro Pedro Vuaden,9.443
2021,31,Palmeiras,Atlético-GO,4,0,10/11/2021,Anderson Daronco,19.165
2021,31,Sport,América-MG,2,3,10/11/2021,Raphael Claus,5.441
2021,31,Juventude,Internacional,2,1,10/11/2021,Bruno Arleu de Araújo,6.877
2021,31,Fortaleza,São Paulo,1,1,10/11/2021,Paulo Roberto Alves Júnior,16.261
2021,31,Flamengo,Bahia,3,0,11/11/2021,André Luiz de Freitas Castro,9.488
2021,32,Atlético-GO,Santos,0,0,13/11/2021,Felipe Fernandes,5.015
2021,32,América-MG,Grêmio,3,1,13/11/2021,Flavio Rodrigues de Souza,3.157
2021,32,Bragantino,Fortaleza,3,0,13/11/2021,Rafael Traci,1.978
2021,32,Internacional,Athletico-PR,2,1,13/11/2021,Ramon Abatti,10.046
2021,32,Corinthians,Cuiabá,3,2,13/11/2021,Rodolpho Toski Marques,38.616
2021,32,São Paulo,Flamengo,0,4,14/11/2021,Leandro Pedro Vuaden,47.855
2021,32,Fluminense,Palmeiras,2,1,14/11/2021,Caio Max Augusto Vieira,7.969
2021,32,Chapecoense,Juventude,0,2,14/11/2021,Alisson Sidnei Furtado,1.616
2021,32,Ceará,Sport,2,1,14/11/2021,Marcelo de Lima Henrique  (RJ),20.362
2021,32,Bahia,Atlético-MG,adiado,adiado,02/12/2021,Flavio Rodrigues de Souza,29.228
2021,33,Athletico-PR,Atlético-MG,0,1,16/11/2021,Savio Pereira Sampaio,6.233
2021,33,Grêmio,Bragantino,3,0,16/11/2021,Caio Max Augusto Vieira,Caio
2021,33,Santos,Chapecoense,2,0,17/11/2021,Paulo Cesar Zanovelli,11.574
2021,33,Cuiabá,Internacional,1,0,17/11/2021,Paulo Roberto Alves Júnior,7.750
2021,33,América-MG,Atlético-GO,0,0,17/11/2021,Leandro Pedro Vuaden,2.955
2021,33,Fortaleza,Ceará,0,4,17/11/2021,Raphael Claus,28.037
2021,33,Palmeiras,São Paulo,0,2,17/11/2021,Marcelo de Lima Henrique  (RJ),35.570
2021,33,Juventude,Fluminense,1,0,17/11/2021,Ricardo Marques Ribeiro (MG),5.247
2021,33,Flamengo,Corinthians,1,0,17/11/2021,Anderson Daronco,48.981
2021,33,Sport,Bahia,1,0,18/11/2021,Flavio Rodrigues de Souza,8.096
2021,34,Bragantino,Sport,3,0,28/10/2021,Bruno Arleu de Araújo,931
2021,34,Atlético-MG,Juventude,2,0,20/11/2021,Luiz Flávio de Oliveira (SP),61.476
2021,34,Chapecoense,Grêmio,1,3,20/11/2021,Rodolpho Toski Marques,2.830
2021,34,Fortaleza,Palmeiras,1,0,20/11/2021,Ramon Abatti,18.139
2021,34,Atlético-GO,Ceará,1,1,20/11/2021,Braulio da Silva Machado,2.801
2021,34,Internacional,Flamengo,1,2,20/11/2021,Savio Pereira Sampaio,19.004
2021,34,Corinthians,Santos,2,0,21/11/2021,Leandro Pedro Vuaden,43.583
2021,34,Fluminense,América-MG,2,0,21/11/2021,Héber Lopes,14.168
2021,34,Bahia,Cuiabá,0,0,21/11/2021,Raphael Claus,19.790
2021,34,São Paulo,Athletico-PR,0,0,24/11/2021,Leandro Pedro Vuaden,43.491
2021,35,Palmeiras,Atlético-MG,2,2,23/11/2021,Anderson Daronco,17.774
2021,35,Fluminense,Internacional,1,0,24/11/2021,Felipe Fernandes,17.916
2021,35,Santos,Fortaleza,2,0,25/11/2021,Wagner do Nascimento Magalhães,11.313
2021,35,Ceará,Corinthians,2,1,25/11/2021,Paulo Roberto Alves Júnior,35.693
2021,35,Atlético-GO,Bahia,2,1,29/11/2021,Ramon Abatti,10.004
2021,35,Juventude,Bragantino,1,0,30/11/2021,Felipe Fernandes,18.413
2021,35,América-MG,Chapecoense,3,0,30/11/2021,Luiz Flávio de Oliveira (SP),2.043
2021,35,Grêmio,São Paulo,adiado,adiado,02/12/2021,Savio Pereira Sampaio,9.312
2021,35,Athletico-PR,Cuiabá,adiado,adiado,03/12/2021,Braulio da Silva Machado,18.795
2021,35,Sport,Flamengo,adiado,adiado,03/12/2021,Leandro Pedro Vuaden,10.523
2021,36,Bahia,Grêmio,3,1,26/11/2021,Bruno Arleu de Araújo,30.671
2021,36,Bragantino,América-MG,1,1,27/11/2021,Anderson Daronco,2.673
2021,36,São Paulo,Sport,2,0,27/11/2021,Héber Lopes,35.679
2021,36,Atlético-MG,Fluminense,2,1,28/11/2021,Marielson Alves Silva,59.896
2021,36,Corinthians,Athletico-PR,1,0,28/11/2021,Paulo Cesar Zanovelli,37.309
2021,36,Internacional,Santos,1,1,28/11/2021,Braulio da Silva Machado,13.495
2021,36,Flamengo,Ceará,2,1,30/11/2021,Caio Max Augusto Vieira,46.481
2021,36,Cuiabá,Palmeiras,1,3,30/11/2021,Paulo Roberto Alves Júnior,27.500
2021,36,Chapecoense,Atlético-GO,adiado,adiado,03/12/2021,Caio Max Augusto Vieira,1.134
2021,36,Fortaleza,Juventude,adiado,adiado,03/12/2021,Bruno Arleu de Araújo,45.398
2021,37,Bahia,Fluminense,2,0,05/12/2021,Luiz Flávio de Oliveira (SP),26.048
2021,37,Atlético-MG,Bragantino,4,3,05/12/2021,Rodolpho Toski Marques,61.573
2021,37,Corinthians,Grêmio,1,1,05/12/2021,Bruno Arleu de Araújo,44.187
2021,37,Ceará,América-MG,0,0,05/12/2021,Raphael Claus,51.123
2021,37,Athletico-PR,Palmeiras,0,0,06/12/2021,Wagner do Nascimento Magalhães,19.308
2021,37,São Paulo,Juventude,3,1,06/12/2021,Braulio da Silva Machado,40.442
2021,37,Flamengo,Santos,0,1,06/12/2021,Anderson Daronco,41.390
2021,37,Internacional,Atlético-GO,1,2,06/12/2021,Flavio Rodrigues de Souza,19.265
2021,37,Cuiabá,Fortaleza,1,0,06/12/2021,Héber Lopes,15.923
2021,37,Chapecoense,Sport,0,1,06/12/2021,Paulo Cesar Zanovelli,1.658
2021,38,Fluminense,Chapecoense,3,0,09/12/2021,Leandro Pedro Vuaden,48.198
2021,38,Bragantino,Internacional,1,0,09/12/2021,Braulio da Silva Machado,5.339
2021,38,Grêmio,Atlético-MG,4,3,09/12/2021,Raphael Claus,33.577
2021,38,Palmeiras,Ceará,1,0,09/12/2021,Savio Pereira Sampaio,5.304
2021,38,Juventude,Corinthians,1,0,09/12/2021,Rodolpho Toski Marques,17.056
2021,38,Fortaleza,Bahia,2,1,09/12/2021,Flavio Rodrigues de Souza,51.125
2021,38,Santos,Cuiabá,1,1,09/12/2021,Wagner do Nascimento Magalhães,12.444
2021,38,Atlético-GO,Flamengo,2,0,09/12/2021,Paulo Roberto Alves Júnior,11.728
2021,38,Sport,Athletico-PR,1,1,09/12/2021,Ramon Abatti,4.215
2021,38,América-MG,São Paulo,2,0,09/12/2021,Caio Max Augusto Vieira,9.484
