ano,rodada,clube_mandante,clube_visitante,gols_mandante,gols_visitante,data,juiz,publico
2009,1,Avaí,Atlético-MG,2,2,09/05/2009,Rodrigo Nunes de Sá,8.344
2009,1,Sport,Barueri,1,1,09/05/2009,Francisco de Assis Almeida Filho (CE),15.185
2009,1,Palmeiras,Coritiba,2,1,09/05/2009,Arilson Bispo da Anunciação,19.105
2009,1,Cruzeiro,Flamengo,2,0,10/05/2009,Paulo César de Oliveira,24.564
2009,1,Atlético-PR,Vitória,0,2,10/05/2009,Celio Amorim,12.906
2009,1,Corinthians,Internacional,0,1,10/05/2009,Evandro Rogerio Roman (PR),14.458
2009,1,Fluminense,São Paulo,1,0,10/05/2009,Sandro Ricci,14.547
2009,1,Santo André,Botafogo,1,1,10/05/2009,Wilson Souza de Mendonça,1.939
2009,1,Goiás,Náutico,3,3,10/05/2009,Jailson Macedo Freitas (BA),2.517
2009,1,Grêmio,Santos,1,1,10/05/2009,Alício Pena Junior,24.309
2009,2,Flamengo,Avaí,0,0,16/05/2009,Francisco de Assis Almeida Filho (CE),18.351
2009,2,Coritiba,Santo André,2,4,16/05/2009,Antonio Hora Filho (SE),8.423
2009,2,Atlético-MG,Grêmio,2,1,16/05/2009,Wilson Luiz Seneme,17.263
2009,2,São Paulo,Atlético-PR,2,2,17/05/2009,Wilton Sampaio,11.554
2009,2,Santos,Goiás,3,3,17/05/2009,Ricardo Marques Ribeiro (MG),9.511
2009,2,Barueri,Fluminense,0,0,17/05/2009,André Luiz de Freitas Castro,2.555
2009,2,Internacional,Palmeiras,2,0,17/05/2009,Djalma José Beltrami Teixeira,29.735
2009,2,Botafogo,Corinthians,0,0,17/05/2009,Carlos Simon,14.528
2009,2,Vitória,Sport,1,0,17/05/2009,Charles Hebert Cavalcante Ferreira,2.284
2009,2,Náutico,Cruzeiro,2,0,17/05/2009,Wagner Tardelli Azevedo,14.127
2009,3,Cruzeiro,Vitória,2,0,23/05/2009,Héber Lopes,7.344
2009,3,Goiás,Internacional,0,1,23/05/2009,Cláudio Luciano Mercante Júnior (PE),6.918
2009,3,Corinthians,Barueri,2,1,23/05/2009,Wilson Luiz Seneme,10.845
2009,3,Grêmio,Botafogo,2,0,24/05/2009,Evandro Rogerio Roman (PR),25.894
2009,3,Fluminense,Santos,1,4,24/05/2009,Leandro Pedro Vuaden,11.953
2009,3,Palmeiras,São Paulo,0,0,24/05/2009,Rodrigo Braghetto,12.023
2009,3,Atlético-PR,Náutico,2,3,24/05/2009,Elmo Alves Resende Cunha (GO),14.172
2009,3,Santo André,Flamengo,1,2,24/05/2009,Arilson Bispo da Anunciação,8.819
2009,3,Sport,Atlético-MG,2,3,24/05/2009,Péricles Bassols Pegado Cortez (RJ),15.315
2009,3,Avaí,Coritiba,2,2,24/05/2009,Marcelo de Lima Henrique  (RJ),8.880
2009,4,Coritiba,Goiás,1,3,30/05/2009,Pablo dos Santos Alves,8.642
2009,4,Atlético-MG,Santo André,0,0,30/05/2009,Cláudio Luciano Mercante Júnior (PE),26.663
2009,4,Botafogo,Sport,2,2,30/05/2009,Jailson Macedo Freitas (BA),8.555
2009,4,São Paulo,Cruzeiro,3,0,31/05/2009,Evandro Rogerio Roman (PR),51.800
2009,4,Flamengo,Atlético-PR,2,1,31/05/2009,Leonardo Gaciba da Silva,68.217
2009,4,Vitória,Grêmio,1,0,31/05/2009,Wagner Tardelli Azevedo,14.526
2009,4,Santos,Corinthians,3,1,31/05/2009,Leandro Pedro Vuaden,10.666
2009,4,Náutico,Fluminense,1,1,31/05/2009,Wilson Luiz Seneme,17.781
2009,4,Barueri,Palmeiras,2,2,31/05/2009,Paulo César de Oliveira,4.970
2009,4,Internacional,Avaí,2,1,31/05/2009,Nielson Nogueira Dias,13.023
2009,5,Grêmio,Náutico,3,0,04/06/2009,Péricles Bassols Pegado Cortez (RJ),10.793
2009,5,Santo André,Santos,3,3,04/06/2009,Luiz Flávio de Oliveira (SP),7.918
2009,5,Corinthians,Coritiba,2,0,06/06/2009,Djalma José Beltrami Teixeira,5.735
2009,5,Atlético-PR,Atlético-MG,0,4,07/06/2009,Rodrigo Martins Cintra (SP),15.505
2009,5,Palmeiras,Vitória,2,1,07/06/2009,Héber Lopes,16.118
2009,5,Sport,Flamengo,4,2,07/06/2009,Cleber Wellington Abade (SP),25.602
2009,5,Avaí,São Paulo,0,0,07/06/2009,Leonardo Gaciba da Silva,12.553
2009,5,Cruzeiro,Internacional,1,1,07/06/2009,Antonio Hora Filho (SE),16.687
2009,5,Fluminense,Botafogo,1,0,07/06/2009,Rodrigo Nunes de Sá,13.726
2009,5,Goiás,Barueri,2,2,07/06/2009,Franscisco Carlos do Nascimento,4.252
2009,6,São Paulo,Santo André,1,1,13/06/2009,Guilherme Ceretta de Lima (SP),8.995
2009,6,Botafogo,Santos,2,0,13/06/2009,Evandro Rogerio Roman (PR),6.535
2009,6,Sport,Atlético-PR,0,1,13/06/2009,Ricardo Marques Ribeiro (MG),19.530
2009,6,Atlético-MG,Náutico,3,0,14/06/2009,Franscisco Carlos do Nascimento,40.820
2009,6,Coritiba,Flamengo,5,0,14/06/2009,Wilson Luiz Seneme,20.592
2009,6,Fluminense,Grêmio,0,0,14/06/2009,José Henrique de Carvalho (SP),16.270
2009,6,Goiás,Corinthians,0,0,14/06/2009,Wagner Tardelli Azevedo,16.337
2009,6,Internacional,Vitória,0,0,14/06/2009,Celio Amorim,17.302
2009,6,Barueri,Avaí,3,1,14/06/2009,William Marcelo Souza Nery (RJ),1.288
2009,6,Palmeiras,Cruzeiro,3,1,14/06/2009,Leandro Pedro Vuaden,11.214
2009,7,Atlético-PR,Palmeiras,2,2,20/06/2009,Alício Pena Junior,18.068
2009,7,Vitória,Botafogo,4,3,20/06/2009,Franscisco Carlos do Nascimento,12.274
2009,7,Santo André,Sport,2,1,20/06/2009,Edivaldo Elias da Silva,2.375
2009,7,Grêmio,Goiás,2,2,20/06/2009,Nielson Nogueira Dias,16.581
2009,7,Náutico,Coritiba,0,1,20/06/2009,Rodrigo Nunes de Sá,12.758
2009,7,Avaí,Fluminense,3,2,20/06/2009,Paulo César de Oliveira,9.142
2009,7,Corinthians,São Paulo,3,1,21/06/2009,Marcelo de Lima Henrique  (RJ),15.371
2009,7,Flamengo,Internacional,4,0,21/06/2009,José Henrique de Carvalho (SP),15.864
2009,7,Santos,Atlético-MG,2,3,21/06/2009,Djalma José Beltrami Teixeira,7.214
2009,7,Cruzeiro,Barueri,2,4,21/06/2009,Leonardo Gaciba da Silva,4.768
2009,8,Barueri,Atlético-MG,4,2,27/06/2009,Péricles Bassols Pegado Cortez (RJ),3.613
2009,8,Atlético-PR,Corinthians,1,0,27/06/2009,Cláudio Luciano Mercante Júnior (PE),17.119
2009,8,São Paulo,Náutico,2,0,27/06/2009,André Luiz de Freitas Castro,7.977
2009,8,Cruzeiro,Avaí,1,0,27/06/2009,Jailson Macedo Freitas (BA),3.435
2009,8,Botafogo,Goiás,1,4,27/06/2009,Paulo César de Oliveira,8.869
2009,8,Internacional,Coritiba,3,0,28/06/2009,Wilton Sampaio,9.763
2009,8,Sport,Grêmio,3,1,28/06/2009,Marcelo de Lima Henrique  (RJ),14.883
2009,8,Palmeiras,Santos,1,1,28/06/2009,Leonardo Gaciba da Silva,8.277
2009,8,Fluminense,Flamengo,0,0,28/06/2009,Salvio Fagundes Filho,41.038
2009,8,Vitória,Santo André,4,1,28/06/2009,Carlos Simon,8.741
2009,9,Santos,Sport,1,0,04/07/2009,Alício Pena Junior,7.025
2009,9,Flamengo,Vitória,2,1,04/07/2009,Nielson Nogueira Dias,20.296
2009,9,Santo André,Barueri,1,1,04/07/2009,Paulo César de Oliveira,1.524
2009,9,Grêmio,Atlético-PR,4,1,05/07/2009,Rodrigo Nunes de Sá,11.465
2009,9,Atlético-MG,Botafogo,1,1,05/07/2009,Salvio Fagundes Filho,48.651
2009,9,Coritiba,São Paulo,2,0,05/07/2009,Leandro Pedro Vuaden,21.704
2009,9,Goiás,Cruzeiro,1,0,05/07/2009,Wilson Souza de Mendonça,5.809
2009,9,Avaí,Palmeiras,0,3,05/07/2009,Evandro Rogerio Roman (PR),12.875
2009,9,Náutico,Internacional,0,2,05/07/2009,Marcelo de Lima Henrique  (RJ),Marcelo
2009,9,Corinthians,Fluminense,4,2,08/07/2009,Héber Lopes,27.329
2009,10,Avaí,Botafogo,1,2,11/07/2009,Wilson Luiz Seneme,5.912
2009,10,Palmeiras,Náutico,4,1,11/07/2009,Wagner Tardelli Azevedo,7.800
2009,10,Barueri,Coritiba,3,1,11/07/2009,André Luiz de Freitas Castro,1.114
2009,10,Cruzeiro,Atlético-MG,0,3,12/07/2009,Paulo César de Oliveira,13.182
2009,10,São Paulo,Flamengo,2,2,12/07/2009,Ricardo Marques Ribeiro (MG),21.648
2009,10,Atlético-PR,Internacional,3,2,12/07/2009,Sandro Ricci,Sandro
2009,10,Grêmio,Corinthians,3,0,12/07/2009,Franscisco Carlos do Nascimento,30.070
2009,10,Vitória,Santos,6,2,12/07/2009,Pablo dos Santos Alves,17.090
2009,10,Fluminense,Santo André,0,1,12/07/2009,Wallace Nascimento Valente (ES),4.818
2009,10,Sport,Goiás,1,0,12/07/2009,Leandro Pedro Vuaden,5.065
2009,11,Coritiba,Grêmio,2,1,15/07/2009,Gutemberg de Paula Fonseca (RJ),16.403
2009,11,Goiás,Avaí,0,2,15/07/2009,Héber Lopes,3.609
2009,11,Santos,Barueri,3,3,15/07/2009,Guilherme Ceretta de Lima (SP),3.524
2009,11,Santo André,Atlético-PR,1,0,15/07/2009,Celio Amorim,1.294
2009,11,Internacional,Fluminense,4,2,15/07/2009,Evandro Rogerio Roman (PR),6.346
2009,11,Flamengo,Palmeiras,1,2,15/07/2009,Leandro Pedro Vuaden,22.861
2009,11,Náutico,Vitória,1,1,16/07/2009,Paulo César de Oliveira,13.178
2009,11,Corinthians,Sport,4,3,16/07/2009,Carlos Simon,22.756
2009,11,Atlético-MG,São Paulo,2,0,16/07/2009,Leonardo Gaciba da Silva,54.214
2009,11,Botafogo,Cruzeiro,1,1,27/08/2009,Héber Lopes,6.472
2009,12,Fluminense,Goiás,1,4,18/07/2009,Rodrigo Martins Cintra (SP),7.451
2009,12,Palmeiras,Santo André,1,0,18/07/2009,Marcelo de Lima Henrique  (RJ),19.041
2009,12,Grêmio,Internacional,2,1,19/07/2009,Leonardo Gaciba da Silva,36.046
2009,12,São Paulo,Santos,2,1,19/07/2009,José Henrique de Carvalho (SP),10.913
2009,12,Vitória,Atlético-MG,0,0,19/07/2009,Leandro Pedro Vuaden,16.101
2009,12,Atlético-PR,Coritiba,0,0,19/07/2009,Wilson Luiz Seneme,19.266
2009,12,Cruzeiro,Corinthians,1,2,19/07/2009,Elmo Alves Resende Cunha (GO),32.295
2009,12,Barueri,Náutico,4,0,19/07/2009,Héber Lopes,1.866
2009,12,Flamengo,Botafogo,2,2,19/07/2009,Péricles Bassols Pegado Cortez (RJ),29.508
2009,12,Sport,Avaí,1,3,19/07/2009,Arilson Bispo da Anunciação,16.218
2009,13,Avaí,Grêmio,1,0,22/07/2009,Felipe Gomes da Silva,12.204
2009,13,Flamengo,Barueri,1,1,22/07/2009,Cláudio Luciano Mercante Júnior (PE),27.592
2009,13,Santo André,Cruzeiro,0,2,22/07/2009,Carlos Simon,3.373
2009,13,Santos,Atlético-PR,1,0,22/07/2009,Wagner Tardelli Azevedo,7.375
2009,13,Náutico,Botafogo,2,2,22/07/2009,José Henrique de Carvalho (SP),12.721
2009,13,Internacional,São Paulo,2,2,22/07/2009,Rodrigo Nunes de Sá,16.974
2009,13,Goiás,Palmeiras,2,1,22/07/2009,Evandro Rogerio Roman (PR),19.707
2009,13,Coritiba,Sport,1,1,23/07/2009,Cleber Wellington Abade (SP),6.781
2009,13,Corinthians,Vitória,2,1,23/07/2009,Nielson Nogueira Dias,23.600
2009,13,Atlético-MG,Fluminense,2,1,23/07/2009,Wilson Luiz Seneme,55.713
2009,14,Grêmio,Santo André,3,2,25/07/2009,Alício Pena Junior,11.180
2009,14,Atlético-PR,Avaí,1,3,25/07/2009,Péricles Bassols Pegado Cortez (RJ),13.458
2009,14,Botafogo,Internacional,3,2,25/07/2009,Evandro Rogerio Roman (PR),8.523
2009,14,Sport,Náutico,3,3,26/07/2009,Wagner Tardelli Azevedo,20.101
2009,14,Corinthians,Palmeiras,0,3,26/07/2009,Leonardo Gaciba da Silva,29.767
2009,14,Santos,Flamengo,1,2,26/07/2009,Héber Lopes,10.633
2009,14,Atlético-MG,Goiás,0,1,26/07/2009,Marcelo de Lima Henrique  (RJ),59.991
2009,14,Barueri,São Paulo,1,2,26/07/2009,Rodrigo Martins Cintra (SP),6.754
2009,14,Fluminense,Cruzeiro,1,1,26/07/2009,Arilson Bispo da Anunciação,13.560
2009,14,Vitória,Coritiba,1,0,26/07/2009,Francisco de Assis Almeida Filho (CE),12.105
2009,15,Coritiba,Botafogo,2,2,29/07/2009,Leandro Pedro Vuaden,9.698
2009,15,Náutico,Santos,1,2,29/07/2009,Jailson Macedo Freitas (BA),13.511
2009,15,Internacional,Barueri,3,2,29/07/2009,Franscisco Carlos do Nascimento,12.495
2009,15,Goiás,Atlético-PR,3,0,29/07/2009,Devarly Lira do Rosário,11.257
2009,15,Palmeiras,Fluminense,1,0,29/07/2009,Ricardo Marques Ribeiro (MG),17.954
2009,15,Santo André,Corinthians,1,1,29/07/2009,Cleber Wellington Abade (SP),17.219
2009,15,Cruzeiro,Sport,1,0,29/07/2009,Marcelo de Lima Henrique  (RJ),17.954
2009,15,Flamengo,Atlético-MG,3,1,30/07/2009,Leonardo Gaciba da Silva,26.934
2009,15,Avaí,Vitória,4,0,30/07/2009,Sandro Ricci,9.556
2009,15,São Paulo,Grêmio,2,1,30/07/2009,Héber Lopes,13.323
2009,16,Sport,Palmeiras,0,1,01/08/2009,Péricles Bassols Pegado Cortez (RJ),16.921
2009,16,Botafogo,Barueri,2,1,01/08/2009,Arilson Bispo da Anunciação,12.432
2009,16,Flamengo,Náutico,1,1,02/08/2009,Sandro Ricci,41.772
2009,16,Corinthians,Avaí,0,0,02/08/2009,Ricardo Marques Ribeiro (MG),13.686
2009,16,Atlético-PR,Fluminense,1,0,02/08/2009,Carlos Simon,13.306
2009,16,Vitória,São Paulo,0,1,02/08/2009,Franscisco Carlos do Nascimento,17.519
2009,16,Grêmio,Cruzeiro,4,1,02/08/2009,Evandro Rogerio Roman (PR),13.306
2009,16,Santo André,Goiás,1,2,02/08/2009,Wagner Tardelli Azevedo,947
2009,16,Atlético-MG,Coritiba,3,2,02/08/2009,Felipe Gomes da Silva,Felipe
2009,16,Santos,Internacional,3,3,26/08/2009,Luís Antônio Silva Santos (RJ),7.876
2009,17,Cruzeiro,Atlético-PR,0,2,05/08/2009,Salvio Fagundes Filho,15.485
2009,17,São Paulo,Botafogo,3,1,05/08/2009,Elmo Alves Resende Cunha (GO),19.182
2009,17,Avaí,Santo André,1,0,05/08/2009,André Luiz de Freitas Castro,9.140
2009,17,Goiás,Flamengo,3,2,05/08/2009,Héber Lopes,37.320
2009,17,Náutico,Corinthians,1,0,05/08/2009,Arilson Bispo da Anunciação,15.041
2009,17,Coritiba,Santos,0,1,05/08/2009,Sandro Ricci,17.250
2009,17,Fluminense,Sport,5,1,06/08/2009,Wilton Sampaio,11.086
2009,17,Barueri,Vitória,4,0,06/08/2009,Pablo dos Santos Alves,2.180
2009,17,Palmeiras,Grêmio,1,1,06/08/2009,Nielson Nogueira Dias,25.440
2009,17,Internacional,Atlético-MG,3,0,02/09/2009,Franscisco Carlos do Nascimento,17.127
2009,18,Botafogo,Atlético-PR,0,1,08/08/2009,Francisco de Assis Almeida Filho (CE),11.454
2009,18,Santos,Avaí,2,2,08/08/2009,Wallace Nascimento Valente (ES),12.074
2009,18,Náutico,Santo André,2,1,08/08/2009,Wagner Reway,13.434
2009,18,Flamengo,Corinthians,1,0,09/08/2009,Evandro Rogerio Roman (PR),47.068
2009,18,Vitória,Fluminense,2,2,09/08/2009,Leonardo Gaciba da Silva,7.853
2009,18,São Paulo,Goiás,3,1,09/08/2009,Alício Pena Junior,28.200
2009,18,Coritiba,Cruzeiro,1,3,09/08/2009,Paulo César de Oliveira,11.485
2009,18,Barueri,Grêmio,1,0,09/08/2009,Luiz Alberto Sardinha Bites (GO),4.576
2009,18,Internacional,Sport,3,0,10/08/2009,Salvio Fagundes Filho,16.650
2009,18,Atlético-MG,Palmeiras,1,1,12/08/2009,Djalma José Beltrami Teixeira,51.532
2009,19,Palmeiras,Botafogo,1,1,15/08/2009,Cláudio Luciano Mercante Júnior (PE),24.231
2009,19,Avaí,Náutico,2,1,15/08/2009,Wilton Sampaio,9.223
2009,19,Santo André,Internacional,0,2,15/08/2009,Elmo Alves Resende Cunha (GO),2.725
2009,19,Sport,São Paulo,1,2,16/08/2009,Sandro Ricci,23.342
2009,19,Grêmio,Flamengo,4,1,16/08/2009,Paulo César de Oliveira,19.535
2009,19,Goiás,Vitória,3,2,16/08/2009,Luiz Flávio de Oliveira (SP),7.202
2009,19,Fluminense,Coritiba,1,3,16/08/2009,Franscisco Carlos do Nascimento,17.042
2009,19,Corinthians,Atlético-MG,2,0,16/08/2009,Leandro Pedro Vuaden,19.773
2009,19,Atlético-PR,Barueri,3,0,16/08/2009,Carlos Simon,14.992
2009,19,Cruzeiro,Santos,0,0,16/08/2009,Marcelo de Lima Henrique  (RJ),15.939
2009,20,Botafogo,Santo André,1,2,19/08/2009,Renato Cardoso da Conceição,6.524
2009,20,Santos,Grêmio,1,0,19/08/2009,André Luiz de Freitas Castro,6.499
2009,20,Vitória,Atlético-PR,2,1,19/08/2009,Wilson Luiz Seneme,5.376
2009,20,Barueri,Sport,2,1,19/08/2009,Antonio Hora Filho (SE),2.243
2009,20,Coritiba,Palmeiras,1,0,19/08/2009,Péricles Bassols Pegado Cortez (RJ),16.381
2009,20,Internacional,Corinthians,1,2,19/08/2009,Wagner Tardelli Azevedo,20.328
2009,20,São Paulo,Fluminense,1,0,19/08/2009,Arilson Bispo da Anunciação,22.072
2009,20,Flamengo,Cruzeiro,1,2,20/08/2009,Rodrigo Martins Cintra (SP),12.273
2009,20,Náutico,Goiás,2,0,20/08/2009,Evandro Rogerio Roman (PR),13.246
2009,20,Atlético-MG,Avaí,2,2,20/08/2009,Héber Lopes,18.567
2009,21,Palmeiras,Internacional,2,1,22/08/2009,Wilton Sampaio,22.101
2009,21,Santo André,Coritiba,1,0,22/08/2009,Rodrigo Nunes de Sá,1.360
2009,21,Sport,Vitória,2,0,22/08/2009,Gutemberg de Paula Fonseca (RJ),15.961
2009,21,Fluminense,Barueri,0,0,23/08/2009,Paulo Henrique de Godoy Bezerra (SC),9.226
2009,21,Corinthians,Botafogo,3,3,23/08/2009,Arilson Bispo da Anunciação,18.184
2009,21,Atlético-PR,São Paulo,1,0,23/08/2009,Marcelo de Lima Henrique  (RJ),22.999
2009,21,Grêmio,Atlético-MG,4,1,23/08/2009,Wilson Souza de Mendonça,22.051
2009,21,Goiás,Santos,2,1,23/08/2009,Héber Lopes,12.358
2009,21,Cruzeiro,Náutico,4,2,23/08/2009,Pablo dos Santos Alves,14.708
2009,21,Avaí,Flamengo,3,0,23/08/2009,Luiz Flávio de Oliveira (SP),14.777
2009,22,Barueri,Corinthians,2,2,26/08/2009,Salvio Fagundes Filho,9.665
2009,22,Coritiba,Avaí,2,0,29/08/2009,Salvio Fagundes Filho,15.040
2009,22,Flamengo,Santo André,3,0,29/08/2009,Wilton Sampaio,13.531
2009,22,Náutico,Atlético-PR,3,0,29/08/2009,Alício Pena Junior,14.099
2009,22,São Paulo,Palmeiras,0,0,30/08/2009,Héber Lopes,41.083
2009,22,Santos,Fluminense,2,0,30/08/2009,Evandro Rogerio Roman (PR),9.705
2009,22,Atlético-MG,Sport,1,1,30/08/2009,Paulo César de Oliveira,19.781
2009,22,Internacional,Goiás,4,0,30/08/2009,Ricardo Marques Ribeiro (MG),29.820
2009,22,Vitória,Cruzeiro,3,3,30/08/2009,Marcelo de Lima Henrique  (RJ),7.388
2009,22,Botafogo,Grêmio,3,3,30/08/2009,Rodrigo Martins Cintra (SP),10.031
2009,23,Corinthians,Santos,2,1,02/09/2009,Guilherme Ceretta de Lima (SP),25.645
2009,23,Sport,Botafogo,2,1,05/09/2009,Salvio Fagundes Filho,22.279
2009,23,Palmeiras,Barueri,2,1,05/09/2009,Cleber Wellington Abade (SP),23.367
2009,23,Grêmio,Vitória,1,1,05/09/2009,Elmo Alves Resende Cunha (GO),17.653
2009,23,Cruzeiro,São Paulo,1,2,06/09/2009,Luís Antônio Silva Santos (RJ),28.303
2009,23,Atlético-PR,Flamengo,0,0,06/09/2009,Leandro Pedro Vuaden,18.116
2009,23,Goiás,Coritiba,2,2,06/09/2009,Paulo Henrique de Godoy Bezerra (SC),5.212
2009,23,Santo André,Atlético-MG,1,2,06/09/2009,Péricles Bassols Pegado Cortez (RJ),1.675
2009,23,Fluminense,Náutico,1,1,06/09/2009,Sandro Ricci,20.877
2009,23,Avaí,Internacional,0,2,06/09/2009,Wallace Nascimento Valente (ES),14.520
2009,24,São Paulo,Avaí,2,0,12/09/2009,Leandro Pedro Vuaden,29.498
2009,24,Flamengo,Sport,3,0,12/09/2009,André Luiz de Freitas Castro,26.995
2009,24,Atlético-MG,Atlético-PR,2,1,13/09/2009,Pablo dos Santos Alves,33.597
2009,24,Santos,Santo André,1,0,13/09/2009,Paulo César de Oliveira,7.790
2009,24,Internacional,Cruzeiro,2,3,13/09/2009,Paulo Henrique de Godoy Bezerra (SC),38.350
2009,24,Vitória,Palmeiras,3,2,13/09/2009,Sandro Ricci,26.464
2009,24,Barueri,Goiás,3,1,13/09/2009,Franscisco Carlos do Nascimento,2.276
2009,24,Náutico,Grêmio,0,2,13/09/2009,Wilson Luiz Seneme,16.473
2009,24,Botafogo,Fluminense,0,0,13/09/2009,Rodrigo Nunes de Sá,18.368
2009,24,Coritiba,Corinthians,1,1,16/09/2009,Elmo Alves Resende Cunha (GO),32.744
2009,25,Atlético-PR,Sport,1,0,19/09/2009,Paulo César de Oliveira,15.026
2009,25,Vitória,Internacional,2,0,19/09/2009,Alício Pena Junior,19.033
2009,25,Náutico,Atlético-MG,0,0,19/09/2009,Héber Lopes,14.355
2009,25,Santo André,São Paulo,1,1,20/09/2009,Flávio Rodrigues Guerra,19.762
2009,25,Grêmio,Fluminense,5,1,20/09/2009,Wallace Nascimento Valente (ES),27.285
2009,25,Avaí,Barueri,4,0,20/09/2009,Wagner Reway,9.902
2009,25,Corinthians,Goiás,1,4,20/09/2009,Marcelo de Lima Henrique  (RJ),33.710
2009,25,Santos,Botafogo,0,0,20/09/2009,Leonardo Gaciba da Silva,6.335
2009,25,Flamengo,Coritiba,3,0,20/09/2009,Wilton Sampaio,47.921
2009,25,Cruzeiro,Palmeiras,1,2,23/09/2009,Evandro Rogerio Roman (PR),Evandro
2009,26,Palmeiras,Atlético-PR,2,1,26/09/2009,Jailson Macedo Freitas (BA),23.395
2009,26,Barueri,Cruzeiro,0,1,26/09/2009,Djalma José Beltrami Teixeira,3.364
2009,26,Coritiba,Náutico,2,0,27/09/2009,Leonardo Gaciba da Silva,12.685
2009,26,São Paulo,Corinthians,1,1,27/09/2009,Ricardo Marques Ribeiro (MG),32.180
2009,26,Goiás,Grêmio,2,1,27/09/2009,Héber Lopes,12.644
2009,26,Internacional,Flamengo,0,0,27/09/2009,Sandro Ricci,10.447
2009,26,Fluminense,Avaí,3,2,27/09/2009,André Luiz de Freitas Castro,19.098
2009,26,Botafogo,Vitória,1,3,27/09/2009,Wallace Nascimento Valente (ES),11.852
2009,26,Atlético-MG,Santos,3,1,27/09/2009,Wilton Sampaio,36.294
2009,26,Sport,Santo André,2,1,27/09/2009,Wagner Tardelli Azevedo,17.628
2009,27,Náutico,São Paulo,1,2,30/09/2009,Franscisco Carlos do Nascimento,16.027
2009,27,Atlético-MG,Barueri,2,1,03/10/2009,Cláudio Luciano Mercante Júnior (PE),44.707
2009,27,Corinthians,Atlético-PR,1,3,03/10/2009,André Luiz de Freitas Castro,26.842
2009,27,Santo André,Vitória,1,0,03/10/2009,Paulo Henrique de Godoy Bezerra (SC),1.701
2009,27,Grêmio,Sport,3,3,04/10/2009,Wilson Luiz Seneme,19.174
2009,27,Santos,Palmeiras,1,3,04/10/2009,Salvio Fagundes Filho,10.402
2009,27,Goiás,Botafogo,1,3,04/10/2009,Sandro Ricci,22.989
2009,27,Coritiba,Internacional,2,0,04/10/2009,Nielson Nogueira Dias,21.159
2009,27,Flamengo,Fluminense,2,0,04/10/2009,Marcelo de Lima Henrique  (RJ),78.409
2009,27,Avaí,Cruzeiro,2,2,04/10/2009,Carlos Simon,10.243
2009,28,Sport,Santos,0,1,07/10/2009,Wagner Tardelli Azevedo,10.379
2009,28,Barueri,Santo André,0,0,07/10/2009,Cleber Wellington Abade (SP),1.680
2009,28,São Paulo,Coritiba,2,2,07/10/2009,Carlos Simon,16.602
2009,28,Atlético-PR,Grêmio,0,0,07/10/2009,Salvio Fagundes Filho,19.375
2009,28,Internacional,Náutico,3,1,07/10/2009,Wallace Nascimento Valente (ES),10.243
2009,28,Fluminense,Corinthians,1,1,07/10/2009,Wilton Sampaio,8.775
2009,28,Vitória,Flamengo,3,3,07/10/2009,Nielson Nogueira Dias,21.324
2009,28,Botafogo,Atlético-MG,3,1,08/10/2009,Franscisco Carlos do Nascimento,6.034
2009,28,Palmeiras,Avaí,2,2,08/10/2009,Marcelo de Lima Henrique  (RJ),16.597
2009,28,Cruzeiro,Goiás,3,0,08/10/2009,Leandro Pedro Vuaden,7.693
2009,29,Flamengo,São Paulo,2,1,10/10/2009,Wilton Sampaio,57.210
2009,29,Corinthians,Grêmio,2,1,10/10/2009,Nielson Nogueira Dias,19.410
2009,29,Santo André,Fluminense,1,2,10/10/2009,Carlos Simon,2.029
2009,29,Coritiba,Barueri,1,2,10/10/2009,Péricles Bassols Pegado Cortez (RJ),15.874
2009,29,Internacional,Atlético-PR,1,1,10/10/2009,Luís Antônio Silva Santos (RJ),18.649
2009,29,Santos,Vitória,0,0,12/10/2009,Wagner Reway,23.673
2009,29,Atlético-MG,Cruzeiro,0,1,12/10/2009,Salvio Fagundes Filho,45.959
2009,29,Botafogo,Avaí,2,2,12/10/2009,André Luiz de Freitas Castro,33.641
2009,29,Náutico,Palmeiras,3,0,12/10/2009,Wagner Tardelli Azevedo,17.027
2009,29,Goiás,Sport,1,1,12/10/2009,Jailson Macedo Freitas (BA),9.621
2009,30,São Paulo,Atlético-MG,0,1,17/10/2009,Héber Lopes,25.947
2009,30,Barueri,Santos,0,0,17/10/2009,Marcelo de Lima Henrique  (RJ),3.684
2009,30,Avaí,Goiás,2,1,17/10/2009,Wilson Souza de Mendonça,7.860
2009,30,Palmeiras,Flamengo,0,2,18/10/2009,Sandro Ricci,26.462
2009,30,Sport,Corinthians,2,0,18/10/2009,Franscisco Carlos do Nascimento,21.143
2009,30,Grêmio,Coritiba,2,0,18/10/2009,Celio Amorim,13.341
2009,30,Fluminense,Internacional,2,2,18/10/2009,Wallace Nascimento Valente (ES),28.138
2009,30,Atlético-PR,Santo André,3,0,18/10/2009,Ricardo Marques Ribeiro (MG),16.840
2009,30,Cruzeiro,Botafogo,1,0,18/10/2009,Leonardo Gaciba da Silva,28.504
2009,30,Vitória,Náutico,3,1,18/10/2009,André Luiz de Freitas Castro,11.391
2009,31,Santo André,Palmeiras,2,0,21/10/2009,Salvio Fagundes Filho,10.512
2009,31,Atlético-MG,Vitória,1,0,24/10/2009,Elmo Alves Resende Cunha (GO),57.901
2009,31,Náutico,Barueri,2,1,24/10/2009,Leandro Pedro Vuaden,13.249
2009,31,Internacional,Grêmio,1,0,25/10/2009,Wilson Luiz Seneme,36.834
2009,31,Santos,São Paulo,3,4,25/10/2009,Carlos Simon,8.735
2009,31,Coritiba,Atlético-PR,3,2,25/10/2009,Paulo César de Oliveira,32.838
2009,31,Goiás,Fluminense,2,2,25/10/2009,Leonardo Gaciba da Silva,Leonardo
2009,31,Avaí,Sport,2,2,25/10/2009,Salvio Fagundes Filho,8.109
2009,31,Botafogo,Flamengo,0,1,25/10/2009,Luís Antônio Silva Santos (RJ),25.192
2009,31,Corinthians,Cruzeiro,0,1,25/10/2009,Péricles Bassols Pegado Cortez (RJ),21.738
2009,32,Atlético-PR,Santos,1,1,28/10/2009,Francisco de Assis Almeida Filho (CE),17.930
2009,32,Botafogo,Náutico,1,0,28/10/2009,Leonardo Gaciba da Silva,6.127
2009,32,Grêmio,Avaí,3,1,28/10/2009,Péricles Bassols Pegado Cortez (RJ),8.271
2009,32,Cruzeiro,Santo André,3,2,28/10/2009,Celio Amorim,19.567
2009,32,São Paulo,Internacional,1,0,28/10/2009,Sandro Ricci,34.203
2009,32,Barueri,Flamengo,2,0,28/10/2009,Héber Lopes,10.354
2009,32,Vitória,Corinthians,0,1,28/10/2009,Márcio Chagas da Silva,21.681
2009,32,Sport,Coritiba,1,1,29/10/2009,Wallace Nascimento Valente (ES),20.068
2009,32,Palmeiras,Goiás,4,0,29/10/2009,Marcelo de Lima Henrique  (RJ),18.070
2009,32,Fluminense,Atlético-MG,2,1,29/10/2009,André Luiz de Freitas Castro,12.037
2009,33,São Paulo,Barueri,1,0,31/10/2009,Wilson Luiz Seneme,39.636
2009,33,Flamengo,Santos,1,0,31/10/2009,Nielson Nogueira Dias,77.063
2009,33,Avaí,Atlético-PR,2,0,31/10/2009,Renato Cardoso da Conceição,7.246
2009,33,Goiás,Atlético-MG,2,3,01/11/2009,Rodrigo Nunes de Sá,8.748
2009,33,Coritiba,Vitória,1,0,01/11/2009,Paulo Henrique de Godoy Bezerra (SC),11.808
2009,33,Internacional,Botafogo,0,1,01/11/2009,Elmo Alves Resende Cunha (GO),16.932
2009,33,Palmeiras,Corinthians,2,2,01/11/2009,Héber Lopes,18.752
2009,33,Náutico,Sport,3,2,01/11/2009,Salvio Fagundes Filho,19.086
2009,33,Cruzeiro,Fluminense,2,3,01/11/2009,Sandro Ricci,49.140
2009,33,Santo André,Grêmio,2,0,01/11/2009,Wagner Tardelli Azevedo,2.240
2009,34,Grêmio,São Paulo,1,1,04/11/2009,Jailson Macedo Freitas (BA),11.870
2009,34,Vitória,Avaí,0,1,07/11/2009,Felipe Gomes da Silva,7.958
2009,34,Sport,Cruzeiro,2,3,07/11/2009,Paulo Henrique de Godoy Bezerra (SC),10.357
2009,34,Santos,Náutico,3,1,07/11/2009,Wagner Tardelli Azevedo,11.304
2009,34,Corinthians,Santo André,2,0,08/11/2009,Paulo César de Oliveira,16.300
2009,34,Atlético-MG,Flamengo,1,3,08/11/2009,Leonardo Gaciba da Silva,63.285
2009,34,Fluminense,Palmeiras,1,0,08/11/2009,Carlos Simon,66.884
2009,34,Atlético-PR,Goiás,2,0,08/11/2009,Salvio Fagundes Filho,15.591
2009,34,Barueri,Internacional,1,1,08/11/2009,Edivaldo Elias da Silva,2.789
2009,34,Botafogo,Coritiba,2,0,08/11/2009,Wilton Sampaio,12.426
2009,35,Palmeiras,Sport,2,2,11/11/2009,Elmo Alves Resende Cunha (GO),17.138
2009,35,Coritiba,Atlético-MG,2,1,14/11/2009,Paulo César de Oliveira,17.825
2009,35,São Paulo,Vitória,2,0,14/11/2009,Leandro Pedro Vuaden,53.204
2009,35,Cruzeiro,Grêmio,1,1,14/11/2009,Marcelo de Lima Henrique  (RJ),51.534
2009,35,Náutico,Flamengo,0,2,15/11/2009,Sandro Ricci,19.798
2009,35,Barueri,Botafogo,3,0,15/11/2009,Jailson Macedo Freitas (BA),3.432
2009,35,Avaí,Corinthians,3,1,15/11/2009,Francisco de Assis Almeida Filho (CE),15.348
2009,35,Goiás,Santo André,3,1,15/11/2009,Péricles Bassols Pegado Cortez (RJ),1.919
2009,35,Internacional,Santos,3,1,15/11/2009,Arilson Bispo da Anunciação,15.158
2009,35,Fluminense,Atlético-PR,2,1,15/11/2009,Salvio Fagundes Filho,52.511
2009,36,Grêmio,Palmeiras,2,0,18/11/2009,Héber Lopes,12.233
2009,36,Atlético-PR,Cruzeiro,1,1,21/11/2009,Paulo César de Oliveira,17.686
2009,36,Corinthians,Náutico,2,3,21/11/2009,Alício Pena Junior,14.124
2009,36,Sport,Fluminense,0,3,22/11/2009,Wilson Luiz Seneme,8.843
2009,36,Santos,Coritiba,4,0,22/11/2009,Ricardo Marques Ribeiro (MG),3.942
2009,36,Santo André,Avaí,4,2,22/11/2009,Djalma José Beltrami Teixeira,3.167
2009,36,Botafogo,São Paulo,3,2,22/11/2009,Sandro Ricci,26.513
2009,36,Vitória,Barueri,2,1,22/11/2009,Gutemberg de Paula Fonseca (RJ),19.857
2009,36,Atlético-MG,Internacional,0,1,22/11/2009,Cleber Wellington Abade (SP),41.842
2009,36,Flamengo,Goiás,0,0,22/11/2009,Leandro Pedro Vuaden,78.639
2009,37,Goiás,São Paulo,4,2,29/11/2009,Héber Lopes,28.574
2009,37,Atlético-PR,Botafogo,2,0,29/11/2009,Wilson Luiz Seneme,21.592
2009,37,Corinthians,Flamengo,0,2,29/11/2009,Evandro Rogerio Roman (PR),25.591
2009,37,Sport,Internacional,1,2,29/11/2009,Paulo César de Oliveira,Paulo
2009,37,Grêmio,Barueri,4,2,29/11/2009,Péricles Bassols Pegado Cortez (RJ),12.896
2009,37,Palmeiras,Atlético-MG,3,1,29/11/2009,Sandro Ricci,25.412
2009,37,Cruzeiro,Coritiba,4,1,29/11/2009,Salvio Fagundes Filho,27.291
2009,37,Fluminense,Vitória,4,0,29/11/2009,Ricardo Marques Ribeiro (MG),52.408
2009,37,Santo André,Náutico,5,3,29/11/2009,Leandro Pedro Vuaden,1.178
2009,37,Avaí,Santos,2,2,29/11/2009,Leonardo Gaciba da Silva,8.761
2009,38,Náutico,Avaí,0,1,05/12/2009,João Alberto Gomes Duarte (RN),2.830
2009,38,Atlético-MG,Corinthians,0,3,05/12/2009,Wagner Tardelli Azevedo,5.769
2009,38,Vitória,Goiás,2,2,06/12/2009,Salvio Fagundes Filho,7.974
2009,38,Coritiba,Fluminense,1,1,06/12/2009,Leandro Pedro Vuaden,32.630
2009,38,São Paulo,Sport,4,0,06/12/2009,Sandro Ricci,30.937
2009,38,Internacional,Santo André,4,1,06/12/2009,Jailson Macedo Freitas (BA),36.597
2009,38,Santos,Cruzeiro,1,2,06/12/2009,Marcelo de Lima Henrique  (RJ),6.942
2009,38,Flamengo,Grêmio,2,1,06/12/2009,Héber Lopes,78.639
2009,38,Barueri,Atlético-PR,0,0,06/12/2009,Ricardo Marques Ribeiro (MG),1.741
2009,38,Botafogo,Palmeiras,2,1,06/12/2009,Leonardo Gaciba da Silva,38.717
