ano,rodada,clube_mandante,clube_visitante,gols_mandante,gols_visitante,data,juiz,publico
2018,1,Cruzeiro,Grêmio,0,1,14/04/2018,Rodolpho Toski Marques,19.285
2018,1,Vitória,Flamengo,2,2,14/04/2018,Wagner Reway,13.142
2018,1,Santos,Ceará,2,0,14/04/2018,Rodrigo D'Alonso Ferreira,15.513
2018,1,América-MG,Sport,3,0,15/04/2018,Savio Pereira Sampaio,8.662
2018,1,Corinthians,Fluminense,2,1,15/04/2018,Anderson Daronco,28.777
2018,1,Vasco da Gama,Atlético-MG,2,1,15/04/2018,André Luiz de Freitas Castro,7.197
2018,1,Internacional,Bahia,2,0,15/04/2018,Eduardo Tomaz de Aquino Valadão,22.235
2018,1,Atlético-PR,Chapecoense,5,1,15/04/2018,Dewson Fernando Freitas da Silva,9.258
2018,1,São Paulo,Paraná,1,0,16/04/2018,Braulio da Silva Machado,11.327
2018,1,Botafogo,Palmeiras,1,1,16/04/2018,Ricardo Marques Ribeiro (MG),8.033
2018,2,Bahia,Santos,1,0,21/04/2018,Claudio Francisco Lima e Silva,15.588
2018,2,Flamengo,América-MG,2,0,21/04/2018,Leandro Bizzio Marinho,52.106
2018,2,Paraná,Corinthians,0,4,22/04/2018,Péricles Bassols Pegado Cortez (RJ),16.772
2018,2,Ceará,São Paulo,0,0,22/04/2018,Paulo Roberto Alves Júnior,30.186
2018,2,Atlético-MG,Vitória,2,1,22/04/2018,Grazianni Maciel Rocha,10.423
2018,2,Palmeiras,Internacional,1,0,22/04/2018,Marcelo de Lima Henrique  (RJ),25.504
2018,2,Chapecoense,Vasco da Gama,1,1,22/04/2018,Luiz Flávio de Oliveira (SP),8.675
2018,2,Fluminense,Cruzeiro,1,0,22/04/2018,Flavio Rodrigues de Souza,10.018
2018,2,Grêmio,Atlético-PR,0,0,22/04/2018,Raphael Claus,23.894
2018,2,Sport,Botafogo,1,1,23/04/2018,Rafael Traci,7.083
2018,3,Botafogo,Grêmio,2,1,28/04/2018,Vinicius Gonçalves Dias Araujo,10.748
2018,3,Ceará,Flamengo,0,3,29/04/2018,Anderson Daronco,52.952
2018,3,Paraná,Sport,1,2,29/04/2018,Daniel Nobre Bins,8.490
2018,3,Bahia,Atlético-PR,0,0,29/04/2018,Ricardo Marques Ribeiro (MG),16.313
2018,3,Palmeiras,Chapecoense,0,0,29/04/2018,Igor Junior Benevenuto,30.617
2018,3,Fluminense,São Paulo,1,1,29/04/2018,Rodolpho Toski Marques,19.235
2018,3,Atlético-MG,Corinthians,1,0,29/04/2018,Dewson Fernando Freitas da Silva,19.825
2018,3,Internacional,Cruzeiro,0,0,29/04/2018,Wagner do Nascimento Magalhães,18.470
2018,3,América-MG,Vitória,2,1,30/04/2018,Vinicius Furlan,9.453
2018,3,Santos,Vasco da Gama,1,1,27/09/2018,Wagner Reway,12.985
2018,4,Vasco da Gama,América-MG,4,1,05/05/2018,Flavio Rodrigues de Souza,3.311
2018,4,São Paulo,Atlético-MG,2,2,05/05/2018,Rafael Traci,31.976
2018,4,Corinthians,Ceará,1,1,06/05/2018,Savio Pereira Sampaio,40.350
2018,4,Flamengo,Internacional,2,0,06/05/2018,Luiz Flávio de Oliveira (SP),60.182
2018,4,Cruzeiro,Botafogo,1,0,06/05/2018,Leandro Bizzio Marinho,20.908
2018,4,Atlético-PR,Palmeiras,1,3,06/05/2018,Claudio Francisco Lima e Silva,20.417
2018,4,Vitória,Fluminense,1,2,06/05/2018,Rodrigo D'Alonso Ferreira,7.030
2018,4,Sport,Bahia,2,0,06/05/2018,Grazianni Maciel Rocha,15.165
2018,4,Grêmio,Santos,5,1,06/05/2018,Péricles Bassols Pegado Cortez (RJ),27.844
2018,4,Chapecoense,Paraná,1,1,07/05/2018,Raphael Claus,7.838
2018,5,Grêmio,Internacional,0,0,12/05/2018,Wilton Sampaio,51.870
2018,5,Cruzeiro,Sport,2,0,13/05/2018,Bruno Arleu de Araújo,21.907
2018,5,Bahia,São Paulo,2,2,13/05/2018,Dewson Fernando Freitas da Silva,20.847
2018,5,Chapecoense,Flamengo,3,2,13/05/2018,Leandro Pedro Vuaden,10.931
2018,5,Corinthians,Palmeiras,1,0,13/05/2018,Anderson Daronco,35.246
2018,5,Atlético-PR,Atlético-MG,1,2,13/05/2018,Luiz Flávio de Oliveira (SP),8.400
2018,5,Vasco da Gama,Vitória,2,3,13/05/2018,Jean Pierre Goncalves Lima,3.542
2018,5,Santos,Paraná,3,1,13/05/2018,Wagner Reway,3.971
2018,5,Botafogo,Fluminense,2,1,14/05/2018,Raphael Claus,10.382
2018,5,Ceará,América-MG,2,2,14/05/2018,Eduardo Tomaz de Aquino Valadão,13.898
2018,6,Atlético-MG,Cruzeiro,1,0,19/05/2018,Raphael Claus,15.384
2018,6,Flamengo,Vasco da Gama,1,1,19/05/2018,Ricardo Marques Ribeiro (MG),35.208
2018,6,Palmeiras,Bahia,3,0,19/05/2018,Rafael Traci,26.351
2018,6,Vitória,Ceará,2,1,20/05/2018,Marcelo de Lima Henrique  (RJ),8.371
2018,6,São Paulo,Santos,1,0,20/05/2018,Braulio da Silva Machado,40.465
2018,6,Sport,Corinthians,1,1,20/05/2018,Wilton Sampaio,28.942
2018,6,Paraná,Grêmio,0,0,20/05/2018,Rodrigo Batista Raposo,8.639
2018,6,América-MG,Botafogo,1,0,20/05/2018,Rodolpho Toski Marques,4.689
2018,6,Fluminense,Atlético-PR,2,0,20/05/2018,Igor Junior Benevenuto,9.172
2018,6,Internacional,Chapecoense,3,0,21/05/2018,Flavio Rodrigues de Souza,17.740
2018,7,Fluminense,Chapecoense,3,1,26/05/2018,Rafael Traci,14.541
2018,7,Palmeiras,Sport,2,3,26/05/2018,Dewson Fernando Freitas da Silva,25.947
2018,7,Atlético-MG,Flamengo,0,1,26/05/2018,Anderson Daronco,15.797
2018,7,Paraná,Atlético-PR,0,0,27/05/2018,Vinicius Gonçalves Dias Araujo,7.450
2018,7,Santos,Cruzeiro,0,1,27/05/2018,Paulo Roberto Alves Júnior,10.670
2018,7,Botafogo,Vitória,1,1,27/05/2018,Flavio Rodrigues de Souza,5.857
2018,7,Internacional,Corinthians,2,1,27/05/2018,Péricles Bassols Pegado Cortez (RJ),30.791
2018,7,Bahia,Vasco da Gama,3,0,27/05/2018,Rodolpho Toski Marques,15.031
2018,7,América-MG,São Paulo,1,3,27/05/2018,Bruno Arleu de Araújo,4.360
2018,7,Ceará,Grêmio,0,1,27/05/2018,Wagner Reway,14.012
2018,8,Vasco da Gama,Paraná,1,0,30/05/2018,Leandro Pedro Vuaden,4.584
2018,8,Vitória,Internacional,2,3,30/05/2018,Raphael Claus,5.749
2018,8,Sport,Atlético-MG,3,2,30/05/2018,Wagner do Nascimento Magalhães,15.605
2018,8,Chapecoense,Ceará,2,0,30/05/2018,Igor Junior Benevenuto,7.015
2018,8,São Paulo,Botafogo,3,2,30/05/2018,Savio Pereira Sampaio,25.427
2018,8,Grêmio,Fluminense,0,0,30/05/2018,Luiz Flávio de Oliveira (SP),20.044
2018,8,Cruzeiro,Palmeiras,1,0,30/05/2018,Braulio da Silva Machado,19.679
2018,8,Flamengo,Bahia,2,0,31/05/2018,Jean Pierre Goncalves Lima,55.382
2018,8,Corinthians,América-MG,1,0,31/05/2018,Grazianni Maciel Rocha,34.921
2018,8,Atlético-PR,Santos,2,0,31/05/2018,Savio Pereira Sampaio,9.173
2018,9,Atlético-MG,Chapecoense,3,3,02/06/2018,Bruno Arleu de Araújo,10.298
2018,9,Internacional,Sport,0,0,02/06/2018,Marcelo Aparecido Ribeiro de Souza,31.327
2018,9,Vasco da Gama,Botafogo,1,2,02/06/2018,Raphael Claus,9.454
2018,9,Palmeiras,São Paulo,3,1,02/06/2018,Rodolpho Toski Marques,32.841
2018,9,Flamengo,Corinthians,1,0,03/06/2018,Anderson Daronco,49.222
2018,9,Santos,Vitória,5,2,03/06/2018,Rodrigo D'Alonso Ferreira,3.887
2018,9,Bahia,Grêmio,0,2,03/06/2018,Péricles Bassols Pegado Cortez (RJ),15.990
2018,9,América-MG,Atlético-PR,3,1,03/06/2018,Rodrigo Batista Raposo,4.679
2018,9,Ceará,Cruzeiro,0,1,03/06/2018,Rodrigo Carvalhaes de Miranda,15.234
2018,9,Paraná,Fluminense,2,1,04/06/2018,Leandro Bizzio Marinho,4.353
2018,10,São Paulo,Internacional,0,0,05/06/2018,Paulo Roberto Alves Júnior,14.730
2018,10,Vitória,Chapecoense,1,0,06/06/2018,Dyorgines Jose Padovani,5.459
2018,10,Botafogo,Ceará,0,0,06/06/2018,Leandro Pedro Vuaden,8.825
2018,10,Sport,Atlético-PR,1,0,06/06/2018,Igor Junior Benevenuto,17.841
2018,10,Corinthians,Santos,1,1,06/06/2018,Ricardo Marques Ribeiro (MG),27.586
2018,10,Grêmio,Palmeiras,0,2,06/06/2018,Rafael Traci,28.664
2018,10,Cruzeiro,Vasco da Gama,1,1,06/06/2018,Luiz Flávio de Oliveira (SP),23.725
2018,10,Paraná,Bahia,1,0,07/06/2018,Marcelo de Lima Henrique  (RJ),4.927
2018,10,Fluminense,Flamengo,0,2,07/06/2018,Dewson Fernando Freitas da Silva,60.000
2018,10,América-MG,Atlético-MG,1,3,07/06/2018,Braulio da Silva Machado,7.776
2018,11,Atlético-PR,São Paulo,0,1,09/06/2018,Anderson Daronco,9.323
2018,11,Vasco da Gama,Sport,3,2,09/06/2018,Savio Pereira Sampaio,8.418
2018,11,Chapecoense,Cruzeiro,2,0,09/06/2018,Grazianni Maciel Rocha,6.637
2018,11,Corinthians,Vitória,0,0,09/06/2018,Péricles Bassols Pegado Cortez (RJ),27.990
2018,11,Ceará,Palmeiras,2,2,10/06/2018,Jean Pierre Goncalves Lima,32.732
2018,11,Bahia,Botafogo,3,3,10/06/2018,Leandro Bizzio Marinho,12.806
2018,11,Atlético-MG,Fluminense,5,2,10/06/2018,Flavio Rodrigues de Souza,14.476
2018,11,Grêmio,América-MG,1,0,10/06/2018,Rodrigo D'Alonso Ferreira,14.460
2018,11,Santos,Internacional,1,2,10/06/2018,Wagner do Nascimento Magalhães,8.124
2018,11,Flamengo,Paraná,2,0,10/06/2018,Marcelo Aparecido Ribeiro de Souza,59.488
2018,12,São Paulo,Vitória,3,0,12/06/2018,Igor Junior Benevenuto,20.456
2018,12,América-MG,Chapecoense,0,0,13/06/2018,Paulo Roberto Alves Júnior,4.894
2018,12,Fluminense,Santos,0,1,13/06/2018,Rafael Traci,7.438
2018,12,Paraná,Cruzeiro,1,1,13/06/2018,Dewson Fernando Freitas da Silva,5.131
2018,12,Sport,Grêmio,0,0,13/06/2018,Ricardo Marques Ribeiro (MG),19.497
2018,12,Palmeiras,Flamengo,1,1,13/06/2018,Braulio da Silva Machado,36.882
2018,12,Botafogo,Atlético-PR,2,0,13/06/2018,Rodrigo Batista Raposo,10.965
2018,12,Internacional,Vasco da Gama,3,1,13/06/2018,Raphael Claus,21.589
2018,12,Bahia,Corinthians,1,0,13/06/2018,Leandro Pedro Vuaden,15.041
2018,12,Atlético-MG,Ceará,2,1,13/06/2018,Vinicius Furlan,22.119
2018,13,Ceará,Sport,1,0,18/07/2018,Grazianni Maciel Rocha,15.197
2018,13,Vitória,Paraná,1,0,18/07/2018,Savio Pereira Sampaio,6.598
2018,13,Grêmio,Atlético-MG,2,0,18/07/2018,Flavio Rodrigues de Souza,22.063
2018,13,Corinthians,Botafogo,2,0,18/07/2018,Rodrigo D'Alonso Ferreira,19.830
2018,13,Flamengo,São Paulo,0,1,18/07/2018,Paulo Roberto Alves Júnior,51.777
2018,13,Cruzeiro,América-MG,3,1,19/07/2018,Raphael Claus,17.958
2018,13,Chapecoense,Bahia,1,1,19/07/2018,Rodolpho Toski Marques,7.534
2018,13,Santos,Palmeiras,1,1,19/07/2018,Dewson Fernando Freitas da Silva,26.417
2018,13,Vasco da Gama,Fluminense,1,1,19/07/2018,Marcelo Aparecido Ribeiro de Souza,11.901
2018,13,Atlético-PR,Internacional,2,2,19/07/2018,Ricardo Marques Ribeiro (MG),9.176
2018,14,Flamengo,Botafogo,2,0,21/07/2018,Luiz Flávio de Oliveira (SP),42.182
2018,14,São Paulo,Corinthians,3,1,21/07/2018,Marcelo de Lima Henrique  (RJ),58.624
2018,14,Bahia,Vitória,4,1,22/07/2018,Wagner do Nascimento Magalhães,24.312
2018,14,Sport,Fluminense,1,2,22/07/2018,Braulio da Silva Machado,11.119
2018,14,Vasco da Gama,Grêmio,1,0,22/07/2018,Igor Junior Benevenuto,8.242
2018,14,Paraná,América-MG,1,0,22/07/2018,Anderson Daronco,4.044
2018,14,Palmeiras,Atlético-MG,3,2,22/07/2018,Péricles Bassols Pegado Cortez (RJ),29.246
2018,14,Cruzeiro,Atlético-PR,2,1,22/07/2018,Jean Pierre Goncalves Lima,15.023
2018,14,Chapecoense,Santos,0,0,22/07/2018,Wagner Reway,7.100
2018,14,Internacional,Ceará,1,0,23/07/2018,Bruno Arleu de Araújo,23.595
2018,15,Fluminense,Palmeiras,1,0,25/07/2018,Rodrigo D'Alonso Ferreira,22.827
2018,15,Atlético-MG,Paraná,2,0,25/07/2018,Leandro Pedro Vuaden,17.244
2018,15,Santos,Flamengo,1,1,25/07/2018,Jailson Macedo Freitas (BA),11.843
2018,15,Corinthians,Cruzeiro,2,0,25/07/2018,Paulo Roberto Alves Júnior,21.031
2018,15,Botafogo,Chapecoense,1,0,26/07/2018,Savio Pereira Sampaio,7.602
2018,15,Grêmio,São Paulo,2,1,26/07/2018,Grazianni Maciel Rocha,19.865
2018,15,Vitória,Sport,1,0,26/07/2018,Vinicius Gonçalves Dias Araujo,5.706
2018,15,América-MG,Internacional,2,1,26/07/2018,Flavio Rodrigues de Souza,4.625
2018,15,Atlético-PR,Vasco da Gama,1,0,29/08/2018,Rodrigo D'Alonso Ferreira,12.907
2018,15,Ceará,Bahia,0,2,29/08/2018,Dyorgines Jose Padovani,10.755
2018,16,Ceará,Fluminense,1,0,28/07/2018,Leandro Bizzio Marinho,11.322
2018,16,Vasco da Gama,Corinthians,1,4,29/07/2018,Dewson Fernando Freitas da Silva,33.516
2018,16,Palmeiras,Paraná,3,0,29/07/2018,Wagner Reway,35.776
2018,16,Atlético-PR,Vitória,4,0,29/07/2018,Anderson Daronco,9.795
2018,16,Flamengo,Sport,4,1,29/07/2018,Marcelo Aparecido Ribeiro de Souza,58.000
2018,16,Internacional,Botafogo,3,0,29/07/2018,Igor Junior Benevenuto,29.351
2018,16,Cruzeiro,São Paulo,0,2,29/07/2018,Wagner do Nascimento Magalhães,21.566
2018,16,Santos,América-MG,0,1,29/07/2018,Rafael Traci,8.691
2018,16,Chapecoense,Grêmio,1,1,29/07/2018,Rodrigo Carvalhaes de Miranda,14.382
2018,16,Bahia,Atlético-MG,2,2,30/07/2018,Wilton Sampaio,15.993
2018,17,Botafogo,Santos,0,0,04/08/2018,Paulo Roberto Alves Júnior,6.940
2018,17,Grêmio,Flamengo,2,0,04/08/2018,Rafael Traci,16.588
2018,17,Corinthians,Atlético-PR,0,0,04/08/2018,Péricles Bassols Pegado Cortez (RJ),28.662
2018,17,América-MG,Palmeiras,0,0,05/08/2018,André Luiz de Freitas Castro,8.077
2018,17,São Paulo,Vasco da Gama,2,1,05/08/2018,Braulio da Silva Machado,53.437
2018,17,Vitória,Cruzeiro,1,1,05/08/2018,Eduardo Tomaz de Aquino Valadão,7.193
2018,17,Paraná,Ceará,0,1,05/08/2018,Grazianni Maciel Rocha,8.639
2018,17,Sport,Chapecoense,1,1,05/08/2018,Ricardo Marques Ribeiro (MG),6.787
2018,17,Fluminense,Bahia,1,1,05/08/2018,Luiz Flávio de Oliveira (SP),15.461
2018,17,Atlético-MG,Internacional,0,1,06/08/2018,Jailson Macedo Freitas (BA),22.035
2018,18,Ceará,Atlético-PR,0,0,11/08/2018,Luiz Flávio de Oliveira (SP),13.772
2018,18,Bahia,América-MG,1,0,11/08/2018,Péricles Bassols Pegado Cortez (RJ),19.100
2018,18,Atlético-MG,Santos,3,1,12/08/2018,Rodrigo D'Alonso Ferreira,22.062
2018,18,Paraná,Botafogo,1,1,12/08/2018,Raphael Claus,5.443
2018,18,Sport,São Paulo,1,3,12/08/2018,Anderson Daronco,16.050
2018,18,Flamengo,Cruzeiro,1,0,12/08/2018,Dewson Fernando Freitas da Silva,55.276
2018,18,Chapecoense,Corinthians,2,1,12/08/2018,Grazianni Maciel Rocha,10.070
2018,18,Palmeiras,Vasco da Gama,1,0,12/08/2018,Wilton Sampaio,30.012
2018,18,Grêmio,Vitória,4,0,12/08/2018,Bruno Arleu de Araújo,16.146
2018,18,Fluminense,Internacional,0,3,13/08/2018,Savio Pereira Sampaio,13.735
2018,19,Santos,Sport,3,0,18/08/2018,Dewson Fernando Freitas da Silva,10.991
2018,19,Corinthians,Grêmio,0,1,18/08/2018,Wagner Reway,32.848
2018,19,Atlético-PR,Flamengo,3,0,19/08/2018,Igor Junior Benevenuto,22.061
2018,19,Internacional,Paraná,1,0,19/08/2018,Leandro Bizzio Marinho,44.959
2018,19,Vitória,Palmeiras,0,3,19/08/2018,Rodrigo Batista Raposo,8.822
2018,19,Cruzeiro,Bahia,1,1,19/08/2018,Bruno Arleu de Araújo,24.367
2018,19,Botafogo,Atlético-MG,0,3,19/08/2018,Marcelo Aparecido Ribeiro de Souza,8.470
2018,19,São Paulo,Chapecoense,2,0,19/08/2018,Rafael Traci,41.075
2018,19,América-MG,Fluminense,0,0,19/08/2018,Caio Max Augusto Vieira,4.851
2018,19,Vasco da Gama,Ceará,1,1,20/08/2018,Vinicius Gonçalves Dias Araujo,15.539
2018,20,Ceará,Santos,1,1,08/08/2018,Marcelo de Lima Henrique  (RJ),18.047
2018,20,Bahia,Internacional,0,1,22/08/2018,Rodrigo D'Alonso Ferreira,18.671
2018,20,Paraná,São Paulo,1,1,22/08/2018,Péricles Bassols Pegado Cortez (RJ),8.561
2018,20,Sport,América-MG,0,2,22/08/2018,Jailson Macedo Freitas (BA),16.425
2018,20,Palmeiras,Botafogo,2,0,22/08/2018,Anderson Daronco,24.882
2018,20,Fluminense,Corinthians,1,0,22/08/2018,Ricardo Marques Ribeiro (MG),7.856
2018,20,Grêmio,Cruzeiro,1,1,22/08/2018,Marcelo de Lima Henrique  (RJ),14.559
2018,20,Flamengo,Vitória,1,0,23/08/2018,Wilton Sampaio,51.878
2018,20,Atlético-MG,Vasco da Gama,0,0,23/08/2018,Leandro Pedro Vuaden,22.452
2018,20,Chapecoense,Atlético-PR,2,1,13/09/2018,Flavio Rodrigues de Souza,4.146
2018,21,Santos,Bahia,2,0,25/08/2018,Héber Lopes,11.564
2018,21,Atlético-PR,Grêmio,2,1,25/08/2018,Marcelo Aparecido Ribeiro de Souza,13.577
2018,21,Corinthians,Paraná,1,0,25/08/2018,André Luiz de Freitas Castro,28.375
2018,21,Cruzeiro,Fluminense,2,1,25/08/2018,Rafael Traci,11.453
2018,21,Botafogo,Sport,2,0,25/08/2018,Savio Pereira Sampaio,6.031
2018,21,São Paulo,Ceará,1,0,26/08/2018,Wagner Reway,57.723
2018,21,Vitória,Atlético-MG,1,0,26/08/2018,Leandro Bizzio Marinho,6.412
2018,21,América-MG,Flamengo,2,2,26/08/2018,Jean Pierre Goncalves Lima,12.887
2018,21,Internacional,Palmeiras,0,0,26/08/2018,Bruno Arleu de Araújo,43.743
2018,21,Vasco da Gama,Chapecoense,3,1,26/08/2018,Igor Junior Benevenuto,8.782
2018,22,Vitória,América-MG,1,0,01/09/2018,Luiz Flávio de Oliveira (SP),12.603
2018,22,Grêmio,Botafogo,4,0,01/09/2018,Jailson Macedo Freitas (BA),16.589
2018,22,Vasco da Gama,Santos,0,3,01/09/2018,Braulio da Silva Machado,33.646
2018,22,Corinthians,Atlético-MG,1,1,01/09/2018,Wagner do Nascimento Magalhães,29.609
2018,22,Flamengo,Ceará,0,1,02/09/2018,Raphael Claus,61.277
2018,22,São Paulo,Fluminense,1,1,02/09/2018,Dewson Fernando Freitas da Silva,49.348
2018,22,Sport,Paraná,1,0,02/09/2018,Emerson de Almeida Ferreira,13.966
2018,22,Atlético-PR,Bahia,2,0,02/09/2018,Leandro Pedro Vuaden,13.433
2018,22,Cruzeiro,Internacional,0,0,02/09/2018,Wilton Sampaio,16.247
2018,22,Chapecoense,Palmeiras,1,2,02/09/2018,Ricardo Marques Ribeiro (MG),4.546
2018,23,Bahia,Sport,2,0,05/09/2018,Marcelo Aparecido Ribeiro de Souza,13.816
2018,23,Botafogo,Cruzeiro,1,1,05/09/2018,Raphael Claus,5.749
2018,23,Ceará,Corinthians,2,1,05/09/2018,Rodolpho Toski Marques,39.785
2018,23,Paraná,Chapecoense,1,1,05/09/2018,Bruno Arleu de Araújo,2.829
2018,23,Palmeiras,Atlético-PR,2,0,05/09/2018,Marcelo de Lima Henrique  (RJ),24.601
2018,23,Atlético-MG,São Paulo,1,0,05/09/2018,Anderson Daronco,20.852
2018,23,Internacional,Flamengo,2,1,05/09/2018,Ricardo Marques Ribeiro (MG),33.633
2018,23,Santos,Grêmio,0,0,06/09/2018,Savio Pereira Sampaio,16.083
2018,23,Fluminense,Vitória,0,0,06/09/2018,Jean Pierre Goncalves Lima,8.952
2018,23,América-MG,Vasco da Gama,2,1,06/09/2018,Héber Lopes,5.061
2018,24,Sport,Cruzeiro,0,0,08/09/2018,Vinicius Gonçalves Dias Araujo,9.525
2018,24,São Paulo,Bahia,1,0,08/09/2018,André Luiz de Freitas Castro,43.550
2018,24,Flamengo,Chapecoense,2,0,08/09/2018,Leandro Bizzio Marinho,28.983
2018,24,Fluminense,Botafogo,1,0,09/09/2018,Leandro Pedro Vuaden,10.969
2018,24,Palmeiras,Corinthians,1,0,09/09/2018,Jean Pierre Goncalves Lima,38.568
2018,24,América-MG,Ceará,0,0,09/09/2018,Daniel Nobre Bins,4.348
2018,24,Internacional,Grêmio,1,0,09/09/2018,Péricles Bassols Pegado Cortez (RJ),44.176
2018,24,Vitória,Vasco da Gama,1,0,09/09/2018,Paulo Roberto Alves Júnior,10.092
2018,24,Paraná,Santos,0,2,09/09/2018,Dewson Fernando Freitas da Silva,4.504
2018,24,Atlético-MG,Atlético-PR,3,1,10/09/2018,Luiz Flávio de Oliveira (SP),20.922
2018,25,Ceará,Vitória,2,0,15/09/2018,Marcelo Aparecido Ribeiro de Souza,32.136
2018,25,Grêmio,Paraná,2,0,15/09/2018,Igor Junior Benevenuto,20.198
2018,25,Vasco da Gama,Flamengo,1,1,15/09/2018,Luiz Flávio de Oliveira (SP),54.288
2018,25,Botafogo,América-MG,1,0,16/09/2018,Rodrigo Batista Raposo,25.382
2018,25,Bahia,Palmeiras,1,1,16/09/2018,Héber Lopes,24.951
2018,25,Cruzeiro,Atlético-MG,0,0,16/09/2018,Rafael Traci,24.999
2018,25,Santos,São Paulo,0,0,16/09/2018,Ricardo Marques Ribeiro (MG),13.488
2018,25,Atlético-PR,Fluminense,3,1,16/09/2018,André Luiz de Freitas Castro,10.343
2018,25,Corinthians,Sport,2,1,16/09/2018,Rodrigo D'Alonso Ferreira,21.112
2018,25,Chapecoense,Internacional,2,1,17/09/2018,Wagner do Nascimento Magalhães,16.981
2018,26,São Paulo,América-MG,1,1,22/09/2018,Wilton Sampaio,47.846
2018,26,Grêmio,Ceará,3,2,23/09/2018,Dewson Fernando Freitas da Silva,38.924
2018,26,Atlético-PR,Paraná,3,0,23/09/2018,Raphael Claus,15.831
2018,26,Corinthians,Internacional,1,1,23/09/2018,Eduardo Tomaz de Aquino Valadão,27.199
2018,26,Flamengo,Atlético-MG,2,1,23/09/2018,Rodolpho Toski Marques,39.462
2018,26,Vitória,Botafogo,3,4,23/09/2018,Vinicius Gonçalves Dias Araujo,9.994
2018,26,Sport,Palmeiras,0,1,23/09/2018,Paulo Roberto Alves Júnior,18.681
2018,26,Cruzeiro,Santos,2,1,23/09/2018,Braulio da Silva Machado,9.029
2018,26,Vasco da Gama,Bahia,2,1,24/09/2018,Leandro Pedro Vuaden,13.293
2018,26,Chapecoense,Fluminense,1,2,24/09/2018,Anderson Daronco,5.170
2018,27,Fluminense,Grêmio,0,1,29/09/2018,Raphael Claus,8.721
2018,27,América-MG,Corinthians,0,0,29/09/2018,Marcelo de Lima Henrique  (RJ),8.012
2018,27,Bahia,Flamengo,0,0,29/09/2018,Igor Junior Benevenuto,31.626
2018,27,Palmeiras,Cruzeiro,3,1,30/09/2018,Dewson Fernando Freitas da Silva,35.654
2018,27,Atlético-MG,Sport,5,2,30/09/2018,Leandro Bizzio Marinho,22.654
2018,27,Santos,Atlético-PR,1,0,30/09/2018,Caio Max Augusto Vieira,7.802
2018,27,Botafogo,São Paulo,2,2,30/09/2018,Rafael Traci,19.976
2018,27,Internacional,Vitória,2,1,30/09/2018,Savio Pereira Sampaio,37.070
2018,27,Ceará,Chapecoense,3,1,30/09/2018,Wilton Sampaio,27.485
2018,27,Paraná,Vasco da Gama,1,1,01/10/2018,Flavio Rodrigues de Souza,3.894
2018,28,Sport,Internacional,2,1,05/10/2018,André Luiz de Freitas Castro,9.979
2018,28,Corinthians,Flamengo,0,3,05/10/2018,Paulo Roberto Alves Júnior,41.943
2018,28,Vitória,Santos,0,1,05/10/2018,Daniel Nobre Bins,7.478
2018,28,Atlético-PR,América-MG,4,0,06/10/2018,Raphael Claus,11.443
2018,28,Chapecoense,Atlético-MG,1,0,06/10/2018,Luiz Flávio de Oliveira (SP),10.074
2018,28,São Paulo,Palmeiras,0,2,06/10/2018,Wilton Sampaio,56.694
2018,28,Grêmio,Bahia,2,2,06/10/2018,Rodolpho Toski Marques,31.516
2018,28,Fluminense,Paraná,4,0,08/10/2018,Marcelo Aparecido Ribeiro de Souza,6.715
2018,28,Botafogo,Vasco da Gama,1,1,09/10/2018,Ricardo Marques Ribeiro (MG),10.059
2018,28,Cruzeiro,Ceará,0,2,24/10/2018,Flavio Rodrigues de Souza,30.814
2018,29,Flamengo,Fluminense,3,0,13/10/2018,Wilton Sampaio,52.924
2018,29,Santos,Corinthians,1,0,13/10/2018,Péricles Bassols Pegado Cortez (RJ),26.428
2018,29,Bahia,Paraná,2,0,13/10/2018,Jean Pierre Goncalves Lima,29.328
2018,29,Chapecoense,Vitória,0,1,14/10/2018,Leandro Pedro Vuaden,6.280
2018,29,Vasco da Gama,Cruzeiro,2,0,14/10/2018,Marcelo Aparecido Ribeiro de Souza,11.376
2018,29,Palmeiras,Grêmio,2,0,14/10/2018,Ricardo Marques Ribeiro (MG),35.812
2018,29,Internacional,São Paulo,3,1,14/10/2018,Braulio da Silva Machado,45.263
2018,29,Atlético-MG,América-MG,0,0,14/10/2018,Flavio Rodrigues de Souza,20.526
2018,29,Atlético-PR,Sport,4,0,14/10/2018,Wagner Reway,13.481
2018,29,Ceará,Botafogo,0,0,15/10/2018,Raphael Claus,29.946
2018,30,Botafogo,Bahia,0,1,20/10/2018,Anderson Daronco,8.180
2018,30,América-MG,Grêmio,1,1,20/10/2018,Luiz Flávio de Oliveira (SP),5.821
2018,30,São Paulo,Atlético-PR,0,0,20/10/2018,Péricles Bassols Pegado Cortez (RJ),13.053
2018,30,Sport,Vasco da Gama,2,1,20/10/2018,Wilton Sampaio,13.860
2018,30,Vitória,Corinthians,2,2,21/10/2018,Rafael Traci,18.663
2018,30,Fluminense,Atlético-MG,1,0,21/10/2018,Jean Pierre Goncalves Lima,4.762
2018,30,Palmeiras,Ceará,2,1,21/10/2018,André Luiz de Freitas Castro,36.323
2018,30,Cruzeiro,Chapecoense,3,0,21/10/2018,Raphael Claus,12.666
2018,30,Paraná,Flamengo,0,4,21/10/2018,Braulio da Silva Machado,4.271
2018,30,Internacional,Santos,2,2,22/10/2018,Ricardo Marques Ribeiro (MG),43.159
2018,31,Vitória,São Paulo,0,1,26/10/2018,Leandro Pedro Vuaden,11.714
2018,31,Vasco da Gama,Internacional,1,1,26/10/2018,Igor Junior Benevenuto,8.301
2018,31,Santos,Fluminense,3,0,27/10/2018,Héber Lopes,8.680
2018,31,Grêmio,Sport,3,4,27/10/2018,Dewson Fernando Freitas da Silva,13.842
2018,31,Corinthians,Bahia,2,1,27/10/2018,Anderson Daronco,35.577
2018,31,Flamengo,Palmeiras,1,1,27/10/2018,Rafael Traci,65.102
2018,31,Chapecoense,América-MG,1,0,27/10/2018,Wilton Sampaio,13.278
2018,31,Cruzeiro,Paraná,3,1,27/10/2018,Marcelo de Lima Henrique  (RJ),18.783
2018,31,Atlético-PR,Botafogo,2,1,27/10/2018,Marcelo Aparecido Ribeiro de Souza,8.186
2018,31,Ceará,Atlético-MG,2,1,29/10/2018,Wagner Reway,37.394
2018,32,Atlético-MG,Grêmio,0,1,03/11/2018,Wagner do Nascimento Magalhães,16.758
2018,32,Fluminense,Vasco da Gama,0,1,03/11/2018,Luiz Flávio de Oliveira (SP),14.275
2018,32,Palmeiras,Santos,3,2,03/11/2018,Braulio da Silva Machado,38.938
2018,32,São Paulo,Flamengo,2,2,04/11/2018,Wilton Sampaio,32.612
2018,32,Paraná,Vitória,1,1,04/11/2018,Raphael Claus,1.328
2018,32,Botafogo,Corinthians,1,0,04/11/2018,Leandro Pedro Vuaden,21.463
2018,32,América-MG,Cruzeiro,1,2,04/11/2018,Héber Lopes,9.423
2018,32,Bahia,Chapecoense,1,0,04/11/2018,Flavio Rodrigues de Souza,17.448
2018,32,Internacional,Atlético-PR,2,1,04/11/2018,Rodrigo D'Alonso Ferreira,32.007
2018,32,Sport,Ceará,1,0,05/11/2018,Anderson Daronco,25.002
2018,33,Corinthians,São Paulo,1,1,10/11/2018,Rodolpho Toski Marques,43.122
2018,33,América-MG,Paraná,0,1,10/11/2018,Wagner Reway,5.074
2018,33,Atlético-PR,Cruzeiro,2,0,10/11/2018,Anderson Daronco,8.641
2018,33,Botafogo,Flamengo,2,1,10/11/2018,Braulio da Silva Machado,19.267
2018,33,Ceará,Internacional,1,1,11/11/2018,Dewson Fernando Freitas da Silva,42.149
2018,33,Vitória,Bahia,2,2,11/11/2018,Luiz Flávio de Oliveira (SP),22.332
2018,33,Atlético-MG,Palmeiras,1,1,11/11/2018,Wilton Sampaio,20.488
2018,33,Grêmio,Vasco da Gama,2,1,11/11/2018,Raphael Claus,22.622
2018,33,Fluminense,Sport,0,0,11/11/2018,Flavio Rodrigues de Souza,12.256
2018,33,Santos,Chapecoense,0,1,12/11/2018,Rafael Traci,12.659
2018,34,Vasco da Gama,Atlético-PR,1,1,14/11/2018,Leandro Pedro Vuaden,20.917
2018,34,Paraná,Atlético-MG,0,1,14/11/2018,Wagner do Nascimento Magalhães,1.610
2018,34,Bahia,Ceará,2,1,14/11/2018,Raphael Claus,17.825
2018,34,Palmeiras,Fluminense,3,0,14/11/2018,Braulio da Silva Machado,37.430
2018,34,Cruzeiro,Corinthians,1,0,14/11/2018,Jean Pierre Goncalves Lima,15.520
2018,34,Sport,Vitória,0,0,14/11/2018,Anderson Daronco,22.652
2018,34,Flamengo,Santos,1,0,15/11/2018,Paulo Roberto Alves Júnior,46.067
2018,34,Chapecoense,Botafogo,0,1,15/11/2018,Luiz Flávio de Oliveira (SP),17.261
2018,34,São Paulo,Grêmio,1,1,15/11/2018,Péricles Bassols Pegado Cortez (RJ),24.757
2018,34,Internacional,América-MG,2,0,15/11/2018,Wilton Sampaio,28.973
2018,35,Corinthians,Vasco da Gama,1,0,17/11/2018,Wilton Sampaio,38.605
2018,35,Vitória,Atlético-PR,1,2,17/11/2018,Flavio Rodrigues de Souza,8.440
2018,35,Atlético-MG,Bahia,1,0,17/11/2018,Marcelo Aparecido Ribeiro de Souza,17.313
2018,35,Sport,Flamengo,0,1,18/11/2018,Raphael Claus,26.005
2018,35,Paraná,Palmeiras,1,1,18/11/2018,Bruno Arleu de Araújo,25.076
2018,35,Botafogo,Internacional,1,0,18/11/2018,Rafael Traci,19.006
2018,35,América-MG,Santos,2,1,18/11/2018,Dewson Fernando Freitas da Silva,4.652
2018,35,Grêmio,Chapecoense,2,0,18/11/2018,Leandro Bizzio Marinho,14.982
2018,35,São Paulo,Cruzeiro,1,0,18/11/2018,Héber Lopes,14.058
2018,35,Fluminense,Ceará,0,0,19/11/2018,Anderson Daronco,6.435
2018,36,Internacional,Atlético-MG,1,2,21/11/2018,Raphael Claus,25.067
2018,36,Santos,Botafogo,1,1,21/11/2018,Héber Lopes,3.620
2018,36,Palmeiras,América-MG,4,0,21/11/2018,Paulo Roberto Alves Júnior,39.429
2018,36,Flamengo,Grêmio,2,0,21/11/2018,Braulio da Silva Machado,36.013
2018,36,Cruzeiro,Vitória,3,0,21/11/2018,Leandro Bizzio Marinho,4.036
2018,36,Atlético-PR,Corinthians,1,0,21/11/2018,Marcelo de Lima Henrique  (RJ),16.332
2018,36,Vasco da Gama,São Paulo,2,0,22/11/2018,Anderson Daronco,14.917
2018,36,Chapecoense,Sport,2,1,22/11/2018,Leandro Pedro Vuaden,12.384
2018,36,Ceará,Paraná,1,0,22/11/2018,Luiz Flávio de Oliveira (SP),48.824
2018,36,Bahia,Fluminense,2,0,22/11/2018,Flavio Rodrigues de Souza,16.437
2018,37,Santos,Atlético-MG,3,2,24/11/2018,Leandro Pedro Vuaden,4.591
2018,37,Cruzeiro,Flamengo,0,2,25/11/2018,Jean Pierre Goncalves Lima,27.616
2018,37,Vasco da Gama,Palmeiras,0,1,25/11/2018,Rafael Traci,21.066
2018,37,Atlético-PR,Ceará,2,2,25/11/2018,Leandro Bizzio Marinho,9.632
2018,37,Vitória,Grêmio,0,0,25/11/2018,Raphael Claus,3.759
2018,37,Corinthians,Chapecoense,0,0,25/11/2018,Paulo Roberto Alves Júnior,36.110
2018,37,América-MG,Bahia,1,0,25/11/2018,Marcelo Aparecido Ribeiro de Souza,4.398
2018,37,Internacional,Fluminense,2,0,25/11/2018,Héber Lopes,31.395
2018,37,Botafogo,Paraná,2,1,26/11/2018,Igor Junior Benevenuto,28.972
2018,37,São Paulo,Sport,0,0,26/11/2018,André Luiz de Freitas Castro,15.235
2018,38,Atlético-MG,Botafogo,1,0,01/12/2018,Braulio da Silva Machado,22.365
2018,38,Flamengo,Atlético-PR,1,2,01/12/2018,Flavio Rodrigues de Souza,66.046
2018,38,Ceará,Vasco da Gama,0,0,02/12/2018,Raphael Claus,57.223
2018,38,Bahia,Cruzeiro,0,0,02/12/2018,Bruno Arleu de Araújo,27.776
2018,38,Sport,Santos,2,1,02/12/2018,Anderson Daronco,23.451
2018,38,Fluminense,América-MG,1,0,02/12/2018,Rafael Traci,34.870
2018,38,Paraná,Internacional,1,1,02/12/2018,Rodrigo Carvalhaes de Miranda,2.975
2018,38,Palmeiras,Vitória,3,2,02/12/2018,Héber Lopes,41.256
2018,38,Chapecoense,São Paulo,1,0,02/12/2018,Wilton Sampaio,19.992
2018,38,Grêmio,Corinthians,1,0,02/12/2018,Ricardo Marques Ribeiro (MG),41.330
