ano,clube,plantel,jogadores_utilizados,media_idade_plantel,media_idade_time_titular,media_idade
2018,EC Vitória,61,47,22.9,24.6,24.8
2018,Fluminense FC,68,39,21.3,25.3,24.9
2018,Paraná Clube,64,50,22.5,25.1,25.0
2018,Botafogo FR,46,33,22.4,25.5,25.4
2018,Santos FC,52,34,22.3,26.1,26.0
2018,Athletico Paranaense,55,34,23.1,26.3,26.0
2018,EC Bahia,48,37,22.6,26.8,26.3
2018,CR Flamengo,56,32,22.2,26.8,26.3
2018,SC Internacional,53,31,23.3,26.7,26.7
2018,SC Corinthians,58,38,23.4,26.7,26.7
2018,CR Vasco da Gama,58,42,23.3,27.4,26.8
2018,Grêmio FBPA,66,38,23.4,27.8,27.2
2018,Chapecoense,54,37,24.0,28.0,27.3
2018,Atlético Mineiro,53,32,22.6,28.5,27.6
2018,São Paulo FC,57,38,22.4,28.6,27.6
2018,Sport Recife,54,36,23.5,28.2,27.8
2018,Ceará SC,57,41,25.2,28.1,28.1
2018,SE Palmeiras,51,29,23.8,28.4,28.3
2018,América Mineiro,51,34,24.1,28.8,28.4
2018,Cruzeiro EC,51,35,23.3,29.2,28.6
