ano,clube,plantel,jogadores_utilizados,media_idade_plantel,media_idade_time_titular,media_idade
2019,Fluminense FC,60,40,22.3,25.3,25.2
2019,CR Vasco da Gama,63,39,22.8,26.1,25.7
2019,Goiás EC,53,39,23.1,26.6,26.2
2019,São Paulo FC,62,36,22.2,26.7,26.2
2019,Athletico Paranaense,51,36,22.1,26.4,26.2
2019,Santos FC,55,30,22.7,26.6,26.5
2019,Botafogo FR,47,33,22.8,27.1,26.5
2019,Avaí FC,51,42,23.6,26.8,26.6
2019,CR Flamengo,48,37,23.0,27.0,26.6
2019,Grêmio FBPA,54,40,23.0,27.9,27.1
2019,EC Bahia,43,31,24.2,27.1,27.2
2019,SC Internacional,50,38,23.8,28.1,27.7
2019,SC Corinthians,54,33,22.9,28.1,27.8
2019,Atlético Mineiro,51,32,23.7,28.3,27.9
2019,Fortaleza EC,41,33,25.4,28.3,28.1
2019,SE Palmeiras,55,36,24.5,28.6,28.3
2019,Chapecoense,53,36,25.1,29.0,28.3
2019,Cruzeiro EC,45,35,23.3,29.1,28.4
2019,CSA,60,40,25.7,29.0,28.6
2019,Ceará SC,44,33,25.3,29.1,28.7
