ano,clube,plantel,jogadores_utilizados,media_idade_plantel,media_idade_time_titular,media_idade
2016,Athletico Paranaense,67,37,21.9,25.0,24.4
2016,Grêmio FBPA,55,37,22.2,26.0,25.2
2016,São Paulo FC,48,41,22.5,25.7,25.3
2016,SC Internacional,52,40,22.9,25.6,25.5
2016,Santos FC,53,39,21.8,26.2,25.6
2016,EC Vitória,41,33,22.6,26.2,25.8
2016,SC Corinthians,44,34,22.7,26.1,26.0
2016,Botafogo FR,52,37,23.0,26.7,26.3
2016,Coritiba FC,54,41,22.9,27.1,26.4
2016,AA Ponte Preta,65,34,23.3,26.8,26.6
2016,Figueirense FC,58,39,23.3,27.1,26.6
2016,Cruzeiro EC,50,37,22.8,27.0,26.6
2016,América Mineiro,58,46,23.0,27.4,26.8
2016,CR Flamengo,41,31,23.8,27.1,27.0
2016,Fluminense FC,48,33,23.0,27.2,27.1
2016,SE Palmeiras,47,36,24.4,27.1,27.4
2016,Sport Recife,64,31,23.1,27.8,27.5
2016,Atlético Mineiro,56,39,22.9,28.2,27.5
2016,Chapecoense,62,35,25.0,27.9,27.6
2016,Santa Cruz FC,59,42,23.2,28.3,27.8
