ano,clube,plantel,jogadores_utilizados,media_idade_plantel,media_idade_time_titular,media_idade
2011,Santos FC,68,43,21.6,25.3,24.9
2011,SE Palmeiras,49,31,22.8,25.7,25.2
2011,EC Bahia,43,34,22.7,25.4,25.3
2011,Athletico Paranaense,43,33,22.8,25.3,25.4
2011,São Paulo FC,56,31,22.3,25.6,25.5
2011,Avaí FC,77,48,23.7,25.6,25.5
2011,Botafogo FR,35,30,22.7,26.5,25.7
2011,Atlético Mineiro,63,38,23.7,25.7,25.7
2011,Grêmio FBPA,59,34,23.1,25.9,25.7
2011,CR Vasco da Gama,52,34,22.9,26.2,25.9
2011,Figueirense FC,46,31,22.7,26.0,25.9
2011,SC Internacional,61,35,23.0,26.5,26.0
2011,Fluminense FC,51,33,23.1,26.3,26.0
2011,CR Flamengo,50,33,22.5,27.4,26.4
2011,Coritiba FC,43,32,23.0,26.9,26.4
2011,SC Corinthians,53,27,23.0,27.0,26.7
2011,Cruzeiro EC,50,36,22.8,27.4,26.7
2011,América Mineiro,43,36,24.1,27.3,27.2
2011,Atlético Goianiense,43,33,23.7,28.2,27.7
2011,Ceará SC,50,40,25.2,28.1,28.0
