ano,clube,plantel,jogadores_utilizados,media_idade_plantel,media_idade_time_titular,media_idade
2010,Santos FC,49,39,21.1,24.1,23.8
2010,Grêmio Barueri Futebol Ltda.,60,46,21.9,24.2,24.1
2010,CR Vasco da Gama,48,43,21.9,24.2,24.1
2010,Avaí FC,51,42,22.1,24.7,24.6
2010,Athletico Paranaense,59,40,22.0,24.8,24.6
2010,SE Palmeiras,57,40,21.6,26.0,25.4
2010,Grêmio FBPA,42,36,22.4,26.0,25.6
2010,EC Vitória,64,40,23.0,25.6,25.7
2010,Atlético Mineiro,65,42,22.9,25.8,25.7
2010,São Paulo FC,46,33,23.6,26.5,26.2
2010,Cruzeiro EC,47,36,22.8,26.2,26.3
2010,Fluminense FC,55,32,23.4,26.7,26.5
2010,Guarani FC,53,36,23.5,27.2,26.6
2010,Goiás EC,63,43,23.7,26.9,26.8
2010,SC Internacional,61,41,23.2,27.3,26.8
2010,Botafogo FR,61,30,22.5,27.6,27.0
2010,CR Flamengo,56,44,23.5,27.6,27.1
2010,Atlético Goianiense,45,38,23.9,27.2,27.2
2010,SC Corinthians,43,26,23.5,27.8,27.4
2010,Ceará SC,52,40,25.4,28.4,28.0
