ano,clube,plantel,jogadores_utilizados,media_idade_plantel,media_idade_time_titular,media_idade
2013,EC Bahia,65,32,23.0,25.3,25.2
2013,Santos FC,59,36,22.2,26.0,25.3
2013,Athletico Paranaense,50,32,22.5,25.6,25.4
2013,São Paulo FC,56,33,22.5,26.2,25.8
2013,CR Flamengo,41,32,22.6,26.5,25.8
2013,Náutico,52,43,22.8,26.3,25.9
2013,EC Vitória,57,41,22.6,26.6,26.0
2013,Grêmio FBPA,69,30,22.3,26.9,26.0
2013,AA Ponte Preta,71,48,22.1,26.4,26.0
2013,CR Vasco da Gama,50,42,23.7,26.2,26.2
2013,Fluminense FC,54,38,22.1,26.9,26.3
2013,Cruzeiro EC,46,31,24.1,26.6,26.4
2013,Botafogo FR,59,34,21.9,27.2,26.4
2013,Goiás EC,41,36,23.4,26.7,26.5
2013,Criciúma EC,50,41,23.5,26.6,26.5
2013,Coritiba FC,68,44,23.2,26.6,26.6
2013,SC Corinthians,54,31,22.8,27.1,27.1
2013,SC Internacional,68,39,22.5,27.9,27.4
2013,Portuguesa,53,37,22.6,28.4,27.5
2013,Atlético Mineiro,46,35,23.8,28.6,28.2
