ano,clube,plantel,jogadores_utilizados,media_idade_plantel,media_idade_time_titular,media_idade
2024,RB Bragantino,32,28,24.1,24.6,24.2
2024,SC Corinthians,32,34,24.9,25.7,25.5
2024,SE Palmeiras,30,27,25.9,26.4,25.7
2024,Cruzeiro EC,40,27,25.5,27.1,25.9
2024,Atlético Goianiense,32,27,26.1,26.4,26.3
2024,CR Vasco da Gama,31,28,25.9,27.7,26.6
2024,CR Flamengo,30,26,25.8,27.3,26.7
2024,Athletico Paranaense,34,28,25.2,27.2,26.7
2024,Cuiabá EC,32,26,26.0,27.7,27.0
2024,Atlético Mineiro,32,28,26.3,27.5,27.1
2024,EC Vitória,31,30,27.8,27.0,27.3
2024,Grêmio FBPA,34,31,27.4,28.4,27.4
2024,São Paulo FC,36,28,26.5,28.2,27.5
2024,EC Juventude,31,28,27.1,28.6,27.7
2024,Botafogo FR,39,29,26.7,28.2,27.8
2024,EC Bahia,30,21,27.9,28.0,28.1
2024,SC Internacional,31,28,27.4,28.8,28.2
2024,Fortaleza EC,30,27,28.5,29.7,29.3
2024,Fluminense FC,35,29,28.3,31.2,29.9
2024,Criciúma EC,30,27,28.1,30.5,30.0
