ano,clube,plantel,jogadores_utilizados,media_idade_plantel,media_idade_time_titular,media_idade
2023,RB Bragantino,49,35,20.8,24.6,23.8
2023,CR Vasco da Gama,70,38,22.1,26.2,25.8
2023,SE Palmeiras,42,33,22.4,27.2,25.8
2023,Athletico Paranaense,53,40,21.9,26.2,26.1
2023,São Paulo FC,50,38,23.0,26.9,26.4
2023,Santos FC,56,46,23.6,26.6,26.6
2023,EC Bahia,72,35,20.8,27.1,26.6
2023,SC Corinthians,48,36,22.6,27.5,26.7
2023,CR Flamengo,58,32,21.7,26.7,26.8
2023,Coritiba FC,61,47,24.0,27.2,26.9
2023,Grêmio FBPA,62,44,22.9,28.3,27.0
2023,Cruzeiro EC,51,38,22.8,28.0,27.1
2023,Goiás EC,64,42,23.2,28.0,27.6
2023,Cuiabá EC,46,30,23.7,28.3,27.8
2023,Botafogo FR,62,36,23.5,28.9,27.8
2023,SC Internacional,41,35,24.8,28.6,28.3
2023,Fluminense FC,59,37,23.0,29.6,28.6
2023,América Mineiro,54,47,24.5,29.3,28.7
2023,Atlético Mineiro,40,31,25.1,28.7,28.7
2023,Fortaleza EC,44,32,25.4,29.7,29.4
