ano,clube,plantel,jogadores_utilizados,media_idade_plantel,media_idade_time_titular,media_idade
2022,RB Bragantino,47,36,20.7,24.0,23.4
2022,Athletico Paranaense,67,35,21.2,24.5,24.3
2022,Santos FC,52,40,21.9,25.6,25.0
2022,SE Palmeiras,42,35,22.5,27.2,26.1
2022,Atlético Goianiense,52,33,22.3,27.0,26.4
2022,São Paulo FC,48,39,22.5,27.0,26.6
2022,SC Corinthians,52,42,23.6,27.0,26.7
2022,CR Flamengo,61,44,22.4,27.3,26.8
2022,Botafogo FR,62,42,23.5,27.8,26.9
2022,Goiás EC,70,37,21.6,26.9,26.9
2022,Coritiba FC,54,41,23.0,27.4,27.0
2022,EC Juventude,55,45,23.6,27.6,27.0
2022,SC Internacional,51,37,23.3,27.4,27.2
2022,Fortaleza EC,43,34,25.1,28.6,28.1
2022,Cuiabá EC,63,35,22.2,28.3,28.3
2022,Avaí FC,64,45,24.5,28.8,28.3
2022,Atlético Mineiro,44,32,24.3,28.8,28.4
2022,Fluminense FC,46,32,24.7,28.6,28.4
2022,Ceará SC,52,40,23.9,29.2,28.5
2022,América Mineiro,56,37,23.8,29.9,29.5
