ano,clube,plantel,jogadores_utilizados,media_idade_plantel,media_idade_time_titular,media_idade
2008,Athletico Paranaense,59,46,22.6,24.4,24.1
2008,Figueirense FC,53,38,22.5,23.9,24.2
2008,Cruzeiro EC,51,34,22.3,24.5,24.3
2008,Coritiba FC,43,37,22.7,24.4,24.4
2008,Grêmio FBPA,39,33,22.4,24.3,24.4
2008,CR Vasco da Gama,60,44,23.4,24.6,24.5
2008,Ipatinga FC,51,45,23.0,25.1,24.9
2008,Fluminense FC,44,41,22.4,25.7,25.0
2008,Santos FC,51,46,21.8,25.8,25.1
2008,Atlético Mineiro,50,41,22.5,25.2,25.2
2008,CR Flamengo,40,36,22.7,26.5,25.9
2008,SE Palmeiras,34,29,22.8,26.5,26.1
2008,EC Vitória,39,32,23.6,25.9,26.2
2008,Botafogo FR,48,33,24.4,26.5,26.3
2008,SC Internacional,49,44,23.1,27.1,26.4
2008,Náutico,46,45,23.1,26.4,26.4
2008,Portuguesa,41,34,24.1,26.8,26.7
2008,São Paulo FC,56,31,22.4,27.2,26.8
2008,Goiás EC,53,36,24.5,27.7,27.3
2008,Sport Recife,40,37,24.5,28.0,27.7
