ano,clube,plantel,jogadores_utilizados,media_idade_plantel,media_idade_time_titular,media_idade
2014,Athletico Paranaense,46,36,21.4,23.8,23.2
2014,Goiás EC,40,34,22.8,25.0,24.7
2014,Santos FC,49,38,22.0,25.5,24.9
2014,Figueirense FC,51,41,23.6,25.4,25.0
2014,Grêmio FBPA,63,38,20.9,25.6,25.3
2014,SE Palmeiras,55,44,22.7,25.7,25.4
2014,SC Corinthians,44,29,23.8,26.3,26.1
2014,EC Bahia,58,38,23.5,26.4,26.1
2014,Coritiba FC,54,34,23.5,26.7,26.4
2014,EC Vitória,63,42,23.6,26.8,26.4
2014,Atlético Mineiro,49,39,24.3,27.0,26.5
2014,Cruzeiro EC,43,37,23.7,26.5,26.6
2014,CR Flamengo,44,36,23.0,27.2,26.6
2014,Sport Recife,60,34,24.3,27.2,26.6
2014,Criciúma EC,73,53,24.0,26.8,26.6
2014,Botafogo FR,51,40,23.4,27.1,26.7
2014,Fluminense FC,43,32,22.4,27.6,26.7
2014,São Paulo FC,45,28,24.2,27.3,26.8
2014,Chapecoense,44,39,24.7,27.0,27.0
2014,SC Internacional,60,38,21.8,28.1,27.4
