ano,clube,plantel,jogadores_utilizados,media_idade_plantel,media_idade_time_titular,media_idade
2020,Santos FC,55,40,21.9,25.1,24.2
2020,RB Bragantino,42,35,21.8,25.7,24.9
2020,Botafogo FR,64,46,21.7,25.2,24.9
2020,Atlético Goianiense,62,35,21.4,25.2,25.3
2020,Athletico Paranaense,70,41,21.6,25.9,25.5
2020,CR Vasco da Gama,50,34,22.4,26.6,25.6
2020,Goiás EC,71,49,22.1,26.4,25.6
2020,Atlético Mineiro,60,34,22.7,26.2,25.6
2020,CR Flamengo,64,38,21.3,27.2,26.4
2020,SE Palmeiras,57,36,21.9,26.7,26.4
2020,Coritiba FC,61,47,23.3,27.1,26.4
2020,São Paulo FC,47,28,22.3,26.8,26.4
2020,Fluminense FC,57,37,22.3,27.4,26.5
2020,EC Bahia,68,39,22.5,27.8,26.9
2020,SC Corinthians,57,36,23.1,27.9,27.1
2020,SC Internacional,52,39,22.8,27.2,27.1
2020,Sport Recife,59,38,22.9,27.5,27.1
2020,Ceará SC,48,34,24.2,28.2,27.5
2020,Grêmio FBPA,51,37,24.2,28.3,27.7
2020,Fortaleza EC,44,31,24.8,29.3,28.9
