ano,clube,plantel,jogadores_utilizados,media_idade_plantel,media_idade_time_titular,media_idade
2007,Cruzeiro EC,52,45,21.7,23.2,23.0
2007,SC Corinthians,50,39,22.7,24.0,23.8
2007,Figueirense FC,34,33,21.6,23.8,23.8
2007,Athletico Paranaense,56,44,22.8,24.6,24.4
2007,Atlético Mineiro,44,36,23.3,24.3,24.4
2007,Santos FC,50,36,23.6,25.1,24.7
2007,Fluminense FC,39,32,22.5,25.1,24.7
2007,CR Flamengo,41,36,22.7,25.2,24.8
2007,CR Vasco da Gama,45,36,23.6,25.0,24.8
2007,SE Palmeiras,39,34,23.4,25.7,25.3
2007,Paraná Clube,48,38,23.0,26.5,25.7
2007,São Paulo FC,40,35,23.2,25.8,25.8
2007,Goiás EC,40,33,24.3,26.6,25.9
2007,EC Juventude,53,53,23.1,26.3,25.9
2007,América FC,57,54,23.8,26.6,26.1
2007,Grêmio FBPA,51,42,22.5,26.3,26.2
2007,Náutico,46,44,24.0,26.5,26.5
2007,Botafogo FR,55,37,23.9,27.0,26.6
2007,SC Internacional,55,40,23.9,27.6,27.2
2007,Sport Recife,38,37,25.2,27.5,27.2
