ano,clube,plantel,jogadores_utilizados,media_idade_plantel,media_idade_time_titular,media_idade
2006,Figueirense FC,29,29,20.7,23.8,23.5
2006,Cruzeiro EC,41,41,21.8,23.8,23.6
2006,SC Corinthians,43,43,21.9,24.3,23.9
2006,CR Flamengo,42,42,21.1,24.5,23.9
2006,Athletico Paranaense,36,36,22.4,23.8,24.0
2006,CR Vasco da Gama,38,37,22.4,24.9,24.4
2006,Santos FC,37,36,22.5,25.3,24.8
2006,Fluminense FC,38,38,22.2,25.2,24.9
2006,Grêmio FBPA,34,31,22.5,25.2,24.9
2006,AA Ponte Preta,39,39,23.0,25.4,25.1
2006,AD São Caetano,41,41,22.7,25.7,25.3
2006,Botafogo FR,42,42,23.8,25.5,25.4
2006,Paraná Clube,37,36,22.8,26.0,25.4
2006,EC Juventude,42,42,22.6,26.5,25.9
2006,Santa Cruz FC,51,51,23.8,26.3,26.2
2006,SC Internacional,40,40,22.9,27.0,26.3
2006,SE Palmeiras,44,41,24.5,27.2,26.5
2006,São Paulo FC,45,34,23.1,27.0,26.6
2006,Goiás EC,36,33,24.5,27.2,26.8
2006,Fortaleza EC,44,44,25.2,28.2,27.9
