ano,clube,plantel,jogadores_utilizados,media_idade_plantel,media_idade_time_titular,media_idade
2015,Goiás EC,61,36,22.4,24.5,24.2
2015,Athletico Paranaense,54,41,21.7,24.6,24.3
2015,Santos FC,46,36,22.4,25.6,25.1
2015,Grêmio FBPA,56,34,21.8,25.5,25.4
2015,SC Internacional,57,38,22.7,25.8,25.6
2015,Figueirense FC,53,38,22.5,25.9,25.6
2015,Joinville EC,58,46,23.0,25.8,25.8
2015,São Paulo FC,49,35,23.6,26.6,26.0
2015,Sport Recife,49,28,22.8,26.6,26.1
2015,Avaí FC,50,35,23.6,26.3,26.2
2015,Coritiba FC,55,44,23.2,26.7,26.2
2015,CR Flamengo,43,36,23.5,26.5,26.4
2015,Cruzeiro EC,46,37,23.6,27.2,26.5
2015,AA Ponte Preta,65,37,22.7,26.7,26.6
2015,Fluminense FC,60,39,23.3,26.6,26.6
2015,Atlético Mineiro,42,28,24.4,27.4,27.2
2015,SE Palmeiras,54,39,23.3,27.8,27.4
2015,SC Corinthians,44,32,23.2,27.1,27.5
2015,Chapecoense,43,32,25.3,28.2,28.0
2015,CR Vasco da Gama,55,41,24.6,28.7,28.2
