ano,clube,plantel,jogadores_utilizados,media_idade_plantel,media_idade_time_titular,media_idade
2021,RB Bragantino,44,39,21.0,24.0,23.4
2021,Athletico Paranaense,63,40,20.9,25.3,25.0
2021,Santos FC,63,38,21.6,25.8,25.4
2021,SC Internacional,57,36,21.2,26.6,25.5
2021,Chapecoense,53,42,22.5,25.8,25.6
2021,Atlético Goianiense,66,31,21.8,26.7,26.1
2021,Sport Recife,71,38,21.8,26.2,26.1
2021,São Paulo FC,52,32,22.6,26.8,26.2
2021,Fluminense FC,63,36,22.6,26.5,26.6
2021,Grêmio FBPA,59,39,23.4,27.3,26.6
2021,SE Palmeiras,58,46,21.7,27.0,26.7
2021,CR Flamengo,62,41,21.4,27.8,26.9
2021,Ceará SC,69,38,22.0,27.5,26.9
2021,EC Bahia,74,38,22.4,27.3,27.0
2021,EC Juventude,49,35,25.6,27.3,27.1
2021,SC Corinthians,50,33,22.5,28.6,27.4
2021,Atlético Mineiro,48,35,23.3,28.0,27.5
2021,Fortaleza EC,46,28,25.1,27.9,27.8
2021,Cuiabá EC,72,30,22.5,28.4,28.5
2021,América Mineiro,57,36,23.2,29.4,29.1
