ano,clube,plantel,jogadores_utilizados,media_idade_plantel,media_idade_time_titular,media_idade
2017,Fluminense FC,51,38,21.9,24.7,24.3
2017,EC Bahia,46,33,22.8,25.4,25.1
2017,Atlético Goianiense,46,33,22.8,25.6,25.3
2017,SC Corinthians,43,32,22.9,25.8,25.7
2017,São Paulo FC,53,41,23.0,26.2,25.9
2017,Grêmio FBPA,76,49,22.0,26.6,26.0
2017,CR Vasco da Gama,47,39,24.0,26.7,26.2
2017,Botafogo FR,52,37,22.6,26.7,26.3
2017,Athletico Paranaense,52,35,22.7,27.0,26.3
2017,Chapecoense,62,38,22.5,26.6,26.7
2017,EC Vitória,47,37,23.9,26.5,26.7
2017,Santos FC,47,41,22.9,27.3,26.9
2017,Coritiba FC,51,35,23.9,27.0,27.0
2017,Avaí FC,53,29,23.3,27.4,27.1
2017,CR Flamengo,48,33,23.0,28.2,27.2
2017,Cruzeiro EC,50,35,23.0,27.8,27.4
2017,Sport Recife,43,34,23.3,28.5,27.6
2017,AA Ponte Preta,53,39,23.8,28.4,27.8
2017,SE Palmeiras,48,34,25.0,28.5,28.1
2017,Atlético Mineiro,55,39,23.6,28.8,28.4
