ano,clube,plantel,jogadores_utilizados,media_idade_plantel,media_idade_time_titular,media_idade
2012,Santos FC,57,41,21.8,25.2,24.8
2012,São Paulo FC,52,31,22.3,25.3,24.8
2012,Botafogo FR,53,35,22.5,25.7,25.2
2012,Figueirense FC,62,50,22.1,25.5,25.3
2012,CR Flamengo,61,40,22.9,26.2,25.6
2012,Fluminense FC,44,34,22.0,26.4,25.6
2012,SE Palmeiras,64,40,22.9,26.0,25.7
2012,Coritiba FC,57,44,22.8,26.1,25.8
2012,AA Ponte Preta,61,36,23.9,26.0,25.8
2012,Atlético Goianiense,49,39,23.5,26.4,26.3
2012,Náutico,53,39,23.2,26.3,26.3
2012,Sport Recife,48,38,23.6,27.0,26.4
2012,Grêmio FBPA,48,28,23.0,26.6,26.4
2012,SC Corinthians,50,40,23.1,26.9,26.5
2012,SC Internacional,71,39,21.9,27.2,26.6
2012,EC Bahia,51,39,22.6,26.9,26.7
2012,CR Vasco da Gama,60,41,23.2,27.3,26.8
2012,Atlético Mineiro,52,29,24.2,27.2,26.9
2012,Cruzeiro EC,48,31,23.9,28.0,27.6
2012,Portuguesa,49,34,24.1,27.9,27.7
