ano,clube,plantel,jogadores_utilizados,media_idade_plantel,media_idade_time_titular,media_idade
2009,Athletico Paranaense,46,42,21.4,24.0,23.6
2009,Fluminense FC,47,40,22.3,24.9,24.4
2009,SC Corinthians,45,40,22.5,25.0,24.5
2009,Santos FC,45,37,23.4,25.8,25.2
2009,Cruzeiro EC,44,42,22.4,25.5,25.2
2009,Avaí FC,43,36,22.8,25.5,25.2
2009,Atlético Mineiro,49,44,22.9,25.6,25.4
2009,Grêmio FBPA,45,37,22.2,25.6,25.4
2009,SE Palmeiras,38,32,22.4,26.0,25.6
2009,CR Flamengo,46,38,22.8,26.2,25.6
2009,Náutico,51,44,23.3,25.8,25.8
2009,Grêmio Barueri Futebol Ltda.,42,33,23.8,25.8,25.8
2009,Coritiba FC,44,36,22.6,26.2,25.8
2009,EC Vitória,47,35,23.9,25.9,25.9
2009,Botafogo FR,48,36,22.0,26.5,26.1
2009,SC Internacional,39,33,23.2,26.8,26.3
2009,Goiás EC,43,35,22.8,26.8,26.5
2009,São Paulo FC,34,27,23.6,27.2,26.7
2009,EC Santo André,55,40,24.3,27.8,27.5
2009,Sport Recife,45,41,23.5,28.3,27.7
